{
  "name" : "Abortion",
  "uuid" : "32428a7e-d553-4172-b697-e8df3bbfb61d",
  "formType" : "ProgramEncounter",
  "formElementGroups" : [ {
    "uuid" : "db1d4fbd-f885-4e56-9c25-1bf4dc4e2805",
    "name" : "Mother Abortion Basic Details",
    "displayOrder" : 1.0,
    "display" : "Basic Details",
    "formElements" : [ {
      "name" : "Date of abortion",
      "uuid" : "1f54eacd-2004-4b9b-8f29-c67d94f74103",
      "keyValues" : [ ],
      "concept" : {
        "name" : "Date of abortion",
        "uuid" : "c82404a6-78f6-4e55-93b8-51acc5d8aa68",
        "dataType" : "Date",
        "answers" : [ ],
        "active" : true
      },
      "displayOrder" : 1.0,
      "type" : "SingleSelect",
      "mandatory" : true
    }, {
      "name" : "Type of Abortion",
      "uuid" : "abf596f7-aefd-4938-86b0-49e75fdf6511",
      "keyValues" : [ ],
      "concept" : {
        "name" : "Type of Abortion",
        "uuid" : "94e3ad45-ae52-41dc-a26a-27b4973cbd04",
        "dataType" : "Coded",
        "answers" : [ {
          "name" : "Spontaneous abortion",
          "uuid" : "e93e1640-7fea-4085-9f17-cfc36fcf13c5",
          "dataType" : "NA",
          "answers" : [ ],
          "order" : 1.0,
          "abnormal" : true,
          "active" : true
        }, {
          "name" : "Induced abortion",
          "uuid" : "9e7d21e8-8123-46de-8bf0-f3c79e5810b0",
          "dataType" : "NA",
          "answers" : [ ],
          "order" : 2.0,
          "abnormal" : true,
          "active" : true
        } ],
        "active" : true
      },
      "displayOrder" : 2.0,
      "type" : "SingleSelect",
      "mandatory" : true
    }, {
      "name" : "Period of gestation in weeks at the time of abortion",
      "uuid" : "57e8aa10-728e-4b56-a2b2-78bb762e21e1",
      "keyValues" : [ ],
      "concept" : {
        "name" : "Period of gestation in weeks at the time of abortion",
        "uuid" : "6912e863-ba7c-438e-83d9-b73fc4878b92",
        "dataType" : "Numeric",
        "answers" : [ ],
        "lowNormal" : 21.0,
        "active" : true
      },
      "displayOrder" : 3.0,
      "type" : "SingleSelect",
      "mandatory" : false,
      "voided" : true
    }, {
      "name" : "Place of abortion",
      "uuid" : "012590a5-15e9-445a-b75f-e41a9d0688cf",
      "keyValues" : [ ],
      "concept" : {
        "name" : "Place of abortion",
        "uuid" : "b8893e96-89fd-4965-93ea-b9307dd69be0",
        "dataType" : "Coded",
        "answers" : [ {
          "name" : "Institutional",
          "uuid" : "071291ce-e644-4d66-89b9-94d14364effc",
          "dataType" : "NA",
          "answers" : [ ],
          "order" : 1.0,
          "active" : true
        }, {
          "name" : "Home",
          "uuid" : "bb75a86c-05af-4b05-b699-860737d19e57",
          "dataType" : "NA",
          "answers" : [ ],
          "order" : 2.0,
          "abnormal" : true,
          "active" : true
        } ],
        "active" : true
      },
      "displayOrder" : 4.0,
      "type" : "SingleSelect",
      "mandatory" : true
    }, {
      "name" : "Date of discharge",
      "uuid" : "041c5758-d2aa-473c-b3f1-20fc529056cd",
      "keyValues" : [ ],
      "concept" : {
        "name" : "Date of discharge",
        "uuid" : "b4d6b6b6-fff0-4dda-8f60-aa273ff20250",
        "dataType" : "Date",
        "answers" : [ ],
        "active" : true
      },
      "displayOrder" : 5.0,
      "type" : "SingleSelect",
      "rule" : "'use strict';\n({params, imports}) => {\n  const programEncounter = params.entity;\n  const moment = imports.moment;\n  const formElement = params.formElement;\n  const _ = imports.lodash;\n  let visibility = true;\n  let value = null;\n  let answersToSkip = [];\n  let validationErrors = [];\n  \n  const condition11 = new imports.rulesConfig.RuleCondition({programEncounter, formElement}).when.valueInEncounter(\"b8893e96-89fd-4965-93ea-b9307dd69be0\").containsAnswerConceptName(\"071291ce-e644-4d66-89b9-94d14364effc\").matches();\n  \n  visibility = condition11 ;\n  \n  return new imports.rulesConfig.FormElementStatus(formElement.uuid, visibility, value, answersToSkip, validationErrors);\n};",
      "declarativeRule" : [ {
        "actions" : [ {
          "actionType" : "showFormElement"
        }, { } ],
        "conditions" : [ {
          "compoundRule" : {
            "rules" : [ {
              "lhs" : {
                "type" : "concept",
                "scope" : "encounter",
                "conceptName" : "Place of abortion",
                "conceptUuid" : "b8893e96-89fd-4965-93ea-b9307dd69be0",
                "conceptDataType" : "Coded"
              },
              "rhs" : {
                "type" : "answerConcept",
                "answerConceptNames" : [ "Institutional" ],
                "answerConceptUuids" : [ "071291ce-e644-4d66-89b9-94d14364effc" ]
              },
              "operator" : "containsAnswerConceptName"
            } ]
          }
        } ]
      } ],
      "mandatory" : false
    }, {
      "name" : "Post abortion complaints",
      "uuid" : "c4658141-4d39-44bf-8c16-dab5919431ef",
      "keyValues" : [ ],
      "concept" : {
        "name" : "Post abortion complaints",
        "uuid" : "fc1346b0-57fe-4a84-8d95-f4461d60176f",
        "dataType" : "Coded",
        "answers" : [ {
          "name" : "Fever",
          "uuid" : "0b7f3334-f81e-4d84-a13d-b35011e34456",
          "dataType" : "NA",
          "answers" : [ ],
          "order" : 3.0,
          "abnormal" : true,
          "active" : true
        }, {
          "name" : "None",
          "uuid" : "ebda5e05-a995-43ca-ad1a-30af3b937539",
          "dataType" : "NA",
          "answers" : [ ],
          "order" : 5.0,
          "unique" : true,
          "active" : true
        }, {
          "name" : "[DEPRECATED] Per vaginal bleeding",
          "uuid" : "6471787c-fd94-4231-8d22-90b53bd28788",
          "dataType" : "NA",
          "answers" : [ ],
          "order" : 2.0,
          "abnormal" : true,
          "active" : true
        }, {
          "name" : "Per vaginal bleeding",
          "uuid" : "79865f4d-1946-40b4-a823-28281fc58ba0",
          "dataType" : "NA",
          "answers" : [ ],
          "order" : 2.0,
          "abnormal" : true,
          "active" : true
        }, {
          "name" : "Abdominal pain",
          "uuid" : "7b8829db-9a5a-4177-bab3-6f8e3bb3832c",
          "dataType" : "NA",
          "answers" : [ ],
          "order" : 1.0,
          "abnormal" : true,
          "active" : true
        }, {
          "name" : "Other",
          "uuid" : "05ea583c-51d2-412d-ad00-06c432ffe538",
          "dataType" : "NA",
          "answers" : [ ],
          "order" : 4.0,
          "abnormal" : true,
          "active" : true
        } ],
        "active" : true
      },
      "displayOrder" : 6.0,
      "type" : "MultiSelect",
      "rule" : "//SAMPLE RULE EXAMPLE\n'use strict';\n({params, imports}) => {\n  const programEncounter = params.entity;\n  const formElement = params.formElement;\n  const statusBuilder = new imports.rulesConfig.FormElementStatusBuilder({programEncounter, formElement});\n  //read the value of form element using programEncounter.getObservationValue(CONCEPT_NAME);\n  const formElementValue1 = \"1\";\n  const formElementValue2 = \"1\";\n  //form element will be shown only when below condition is true\n  const showCondition = formElementValue1 === formElementValue2;\n  statusBuilder.show().whenItem(showCondition).is.truthy;\n  //for form element validation error\n  if(!showCondition){\n  statusBuilder.validationError(\"Values are not equal\");\n  }\n  statusBuilder.skipAnswers('[DEPRECATED] Per vaginal bleeding');\n  return statusBuilder.build();\n};",
      "mandatory" : false
    }, {
      "name" : "Other abortion complaints?",
      "uuid" : "eeb437e8-6861-4f2c-a545-6d54c5c83dfa",
      "keyValues" : [ ],
      "concept" : {
        "name" : "Other abortion complaints",
        "uuid" : "a7d52633-56ff-486d-b451-b119d74a7760",
        "dataType" : "Text",
        "answers" : [ ],
        "active" : true
      },
      "displayOrder" : 7.0,
      "type" : "SingleSelect",
      "rule" : "'use strict';\n({params, imports}) => {\n  const programEncounter = params.entity;\n  const moment = imports.moment;\n  const formElement = params.formElement;\n  const _ = imports.lodash;\n  let visibility = true;\n  let value = null;\n  let answersToSkip = [];\n  let validationErrors = [];\n  \n  const condition11 = new imports.rulesConfig.RuleCondition({programEncounter, formElement}).when.valueInEncounter(\"fc1346b0-57fe-4a84-8d95-f4461d60176f\").containsAnswerConceptName(\"05ea583c-51d2-412d-ad00-06c432ffe538\").matches();\n  \n  visibility = condition11 ;\n  \n  return new imports.rulesConfig.FormElementStatus(formElement.uuid, visibility, value, answersToSkip, validationErrors);\n};",
      "declarativeRule" : [ {
        "actions" : [ {
          "actionType" : "showFormElement"
        }, { } ],
        "conditions" : [ {
          "compoundRule" : {
            "rules" : [ {
              "lhs" : {
                "type" : "concept",
                "scope" : "encounter",
                "conceptName" : "Post abortion complaints",
                "conceptUuid" : "fc1346b0-57fe-4a84-8d95-f4461d60176f",
                "conceptDataType" : "Coded"
              },
              "rhs" : {
                "type" : "answerConcept",
                "answerConceptNames" : [ "Other" ],
                "answerConceptUuids" : [ "05ea583c-51d2-412d-ad00-06c432ffe538" ]
              },
              "operator" : "containsAnswerConceptName"
            } ]
          }
        } ]
      } ],
      "mandatory" : true
    } ],
    "timed" : false
  } ],
  "decisionRule" : "",
  "visitScheduleRule" : "\"use strict\";\n({ params, imports }) => {\n  const moment = imports.moment;\n  const programEncounter = params.entity;\n  const scheduleBuilder = new imports.rulesConfig.VisitScheduleBuilder({\n    programEncounter\n  });\n\n  const earliestDate = moment(programEncounter.encounterDateTime).add(7, 'days').toDate();\n  const maxDate = moment(earliestDate).add(7, 'days').toDate();\n  \n  scheduleBuilder.add({\n    name: \"First post abortion home visit\",\n    encounterType: \"Post abortion home visit\",\n    earliestDate: earliestDate,\n    maxDate: maxDate\n  });\n\n  return scheduleBuilder.getAll();\n};",
  "validationRule" : "",
  "checklistsRule" : "",
  "decisionConcepts" : [ ]
}