{
  "name" : "Adolescent Program Encounter Cancellation Form",
  "uuid" : "c294aadf-94a6-4908-8d04-9cc4ce2b901c",
  "formType" : "ProgramEncounterCancellation",
  "formElementGroups" : [ {
    "uuid" : "67c567c1-fbef-4343-a779-d9261d947489",
    "name" : "Cancel Details",
    "displayOrder" : 1.0,
    "display" : "Cancel Details",
    "formElements" : [ {
      "name" : "Reason for cancellation of visit",
      "uuid" : "19d4afc1-1a3c-4fba-8500-a8a5cf56b09f",
      "keyValues" : [ ],
      "concept" : {
        "name" : "Reason for cancellation of visit",
        "uuid" : "afc5f9db-6c89-40b4-8122-02fb43c9348c",
        "dataType" : "Coded",
        "answers" : [ {
          "name" : "Followup visits for other vulnerability have been triggered",
          "uuid" : "9f0b0d40-caba-4f2e-bdf8-e1ca5c32c5d9",
          "dataType" : "NA",
          "answers" : [ ],
          "order" : 1.0,
          "active" : true
        }, {
          "name" : "Other",
          "uuid" : "05ea583c-51d2-412d-ad00-06c432ffe538",
          "dataType" : "NA",
          "answers" : [ ],
          "order" : 5.0,
          "active" : true
        }, {
          "name" : "AHS was on leave",
          "uuid" : "c552a5db-49c3-4bdf-82be-e08849790521",
          "dataType" : "NA",
          "answers" : [ ],
          "order" : 3.0,
          "active" : true
        }, {
          "name" : "Adolescent was not available on the day of visit",
          "uuid" : "0c042d2c-f8b3-4601-b2c7-cd702391e5e7",
          "dataType" : "NA",
          "answers" : [ ],
          "order" : 2.0,
          "active" : true
        }, {
          "name" : "Visit was not possible due to holidays/ exams",
          "uuid" : "62049f19-3f3c-438f-9a17-4e3d85bc2f6b",
          "dataType" : "NA",
          "answers" : [ ],
          "order" : 4.0,
          "active" : true
        } ],
        "active" : true
      },
      "displayOrder" : 1.0,
      "type" : "SingleSelect",
      "mandatory" : true
    }, {
      "name" : "Reason for cancellation of visit (Unspecified above)",
      "uuid" : "2e2a1adb-d94c-44a5-bfe1-97a1e09dbfb0",
      "keyValues" : [ ],
      "concept" : {
        "name" : "Unspecified Reason for cancellation of visit",
        "uuid" : "86e9677d-a944-4bfd-b873-224229a3a240",
        "dataType" : "Text",
        "answers" : [ ],
        "active" : true
      },
      "displayOrder" : 2.0,
      "type" : "SingleSelect",
      "mandatory" : true
    } ],
    "timed" : false
  } ],
  "decisionConcepts" : [ ]
}