{
  "name" : "ANC Home Visit",
  "uuid" : "5565a4d1-ef0e-4ff5-bce5-fc4f7d94ce99",
  "formType" : "ProgramEncounter",
  "formElementGroups" : [ {
    "uuid" : "e878f08a-9759-49e9-abce-f79e99ec95b7",
    "name" : "Complications",
    "displayOrder" : 1.0,
    "display" : "Complications",
    "formElements" : [ {
      "name" : "Do you have any of the following health issues?",
      "uuid" : "ae1765e5-cfdc-4fd7-b335-cb860a310dcd",
      "keyValues" : [ ],
      "concept" : {
        "name" : "Pregnancy complications",
        "uuid" : "0adc4170-9ebb-4feb-8b81-450fbf9a04dc",
        "dataType" : "Coded",
        "answers" : [ {
          "name" : "High Temperature",
          "uuid" : "eb1ec712-8a28-4511-ba59-4254ad301700",
          "dataType" : "NA",
          "answers" : [ ],
          "order" : 3.0,
          "active" : true
        }, {
          "name" : "Severe headache",
          "uuid" : "5a6ab8bb-fb14-4747-a66e-3961d718a83e",
          "dataType" : "NA",
          "answers" : [ ],
          "order" : 10.0,
          "abnormal" : true,
          "active" : true
        }, {
          "name" : "Difficulty breathing",
          "uuid" : "fe8c09ce-4135-4092-a693-3ad9bd8edb44",
          "dataType" : "NA",
          "answers" : [ ],
          "order" : 7.0,
          "abnormal" : true,
          "active" : true
        }, {
          "name" : "Pain on urination",
          "uuid" : "97652252-0024-434d-8749-078b395fb6f2",
          "dataType" : "NA",
          "answers" : [ ],
          "order" : 5.0,
          "abnormal" : true,
          "active" : true
        }, {
          "name" : "Painful or difficult urination",
          "uuid" : "39379c57-8f29-4d46-a600-d28b90b963da",
          "dataType" : "NA",
          "answers" : [ ],
          "order" : 2.0,
          "abnormal" : true,
          "active" : true
        }, {
          "name" : "Excessive vomiting and inability to consume anything orally in last 24 hours",
          "uuid" : "7cdba040-6fad-4a43-8306-4a284178cf5d",
          "dataType" : "NA",
          "answers" : [ ],
          "order" : 4.0,
          "abnormal" : true,
          "active" : true
        }, {
          "name" : "Convulsions without fever",
          "uuid" : "132a04ad-3f76-462a-99d8-29144aa977a6",
          "dataType" : "NA",
          "answers" : [ ],
          "order" : 4.0,
          "abnormal" : true,
          "active" : true
        }, {
          "name" : "Convulsions",
          "uuid" : "ab9596e4-04b6-48f2-9f4d-1c7a2c82dbf8",
          "dataType" : "Coded",
          "answers" : [ {
            "name" : "Absent",
            "uuid" : "10885638-561a-42b6-8b24-8daa01864c89",
            "dataType" : "NA",
            "answers" : [ ],
            "order" : 2.0,
            "active" : true
          }, {
            "name" : "Present",
            "uuid" : "57b51d52-981f-4af2-b133-aeffa6d00757",
            "dataType" : "NA",
            "answers" : [ ],
            "order" : 1.0,
            "abnormal" : true,
            "active" : true
          } ],
          "order" : 1.0,
          "active" : true
        }, {
          "name" : "Dizziness",
          "uuid" : "e9a1709b-41fe-4c6c-ab23-c325f71b394a",
          "dataType" : "NA",
          "answers" : [ ],
          "order" : 2.0,
          "abnormal" : true,
          "active" : true
        }, {
          "name" : "Fever",
          "uuid" : "0b7f3334-f81e-4d84-a13d-b35011e34456",
          "dataType" : "NA",
          "answers" : [ ],
          "order" : 5.0,
          "abnormal" : true,
          "active" : true
        }, {
          "name" : "PV leaking",
          "uuid" : "f7a77870-e1c6-47b7-9d72-01eec4adf0f5",
          "dataType" : "NA",
          "answers" : [ ],
          "order" : 12.0,
          "abnormal" : true,
          "active" : true
        }, {
          "name" : "Morning Sickness",
          "uuid" : "2a2768ac-713b-4f74-85af-4a1fc5a832d1",
          "dataType" : "NA",
          "answers" : [ ],
          "order" : 3.0,
          "abnormal" : true,
          "active" : true
        }, {
          "name" : "No problem",
          "uuid" : "855fb739-19d8-418d-a8ae-c1da977b7fa9",
          "dataType" : "NA",
          "answers" : [ ],
          "order" : 14.0,
          "unique" : true,
          "active" : true
        }, {
          "name" : "Blurring of vision",
          "uuid" : "81671303-a09c-425f-aa4c-bdafd2de37d9",
          "dataType" : "NA",
          "answers" : [ ],
          "order" : 6.0,
          "abnormal" : true,
          "active" : true
        }, {
          "name" : "Per vaginal bleeding",
          "uuid" : "79865f4d-1946-40b4-a823-28281fc58ba0",
          "dataType" : "NA",
          "answers" : [ ],
          "order" : 11.0,
          "abnormal" : true,
          "active" : true
        }, {
          "name" : "Excess fatigue",
          "uuid" : "b309f6d3-5db5-4415-8b26-84dd0689f55e",
          "dataType" : "NA",
          "answers" : [ ],
          "order" : 3.0,
          "abnormal" : true,
          "active" : true
        }, {
          "name" : "Abnormal vaginal discharge",
          "uuid" : "aa30fb91-4b64-438b-b09e-4c7ff2701d71",
          "dataType" : "NA",
          "answers" : [ ],
          "order" : 1.0,
          "active" : true
        }, {
          "name" : "Other",
          "uuid" : "05ea583c-51d2-412d-ad00-06c432ffe538",
          "dataType" : "NA",
          "answers" : [ ],
          "order" : 13.0,
          "abnormal" : true,
          "active" : true
        }, {
          "name" : "Decreased Foetal movements",
          "uuid" : "d4276c48-2db2-494b-b041-97ffc1146c83",
          "dataType" : "Coded",
          "answers" : [ {
            "name" : "No",
            "uuid" : "e7b50c78-3d90-484d-a224-9887887780dc",
            "dataType" : "NA",
            "answers" : [ ],
            "order" : 2.0,
            "active" : true
          }, {
            "name" : "Yes",
            "uuid" : "04bb1773-c353-44a1-a68c-9b448e07ff70",
            "dataType" : "NA",
            "answers" : [ ],
            "order" : 1.0,
            "active" : true
          } ],
          "order" : 9.0,
          "abnormal" : true,
          "active" : true
        }, {
          "name" : "Severe Abdominal Pain",
          "uuid" : "5ba2d201-a120-4f2d-92e6-ca97d48b60b0",
          "dataType" : "NA",
          "answers" : [ ],
          "order" : 6.0,
          "abnormal" : true,
          "active" : true
        }, {
          "name" : "Blurred vision",
          "uuid" : "2367268e-5988-4db3-a0ca-19438bd5931c",
          "dataType" : "NA",
          "answers" : [ ],
          "order" : 8.0,
          "abnormal" : true,
          "active" : true
        }, {
          "name" : "Moderate ankle, body or face swelling",
          "uuid" : "a3d14ff5-8142-436d-99fb-eb84dd6d489e",
          "dataType" : "NA",
          "answers" : [ ],
          "order" : 1.0,
          "abnormal" : true,
          "active" : true
        } ],
        "active" : true
      },
      "displayOrder" : 1.0,
      "type" : "MultiSelect",
      "mandatory" : false
    }, {
      "name" : "Other health issues",
      "uuid" : "f244ee16-906e-4227-afd7-5c2f420b1deb",
      "keyValues" : [ ],
      "concept" : {
        "name" : "Other pregnancy complaints",
        "uuid" : "dc9d9866-a797-4c3f-b26b-e34d628825d8",
        "dataType" : "Text",
        "answers" : [ ],
        "active" : true
      },
      "displayOrder" : 2.0,
      "type" : "SingleSelect",
      "rule" : "//SAMPLE RULE EXAMPLE\n'use strict';\n({params, imports}) => {\n  const programEncounter = params.entity;\n  const formElement = params.formElement;\n  const statusBuilder = new imports.rulesConfig.FormElementStatusBuilder({programEncounter, formElement});\n   \n\n  \n    statusBuilder.show().when.valueInEncounter('Pregnancy complications').containsAnyAnswerConceptName('Other');\n \n  return statusBuilder.build();\n};",
      "mandatory" : true
    }, {
      "name" : "Have you felt any decreased fetal movement or no fetal movement?",
      "uuid" : "58a57bd0-09e3-467a-ae24-b566b6fc4b8d",
      "keyValues" : [ ],
      "concept" : {
        "name" : "Foetal movements",
        "uuid" : "f90bb5df-c7fa-4266-8141-3534f3e47e6c",
        "dataType" : "Coded",
        "answers" : [ {
          "name" : "No",
          "uuid" : "e7b50c78-3d90-484d-a224-9887887780dc",
          "dataType" : "NA",
          "answers" : [ ],
          "order" : 2.0,
          "active" : true
        }, {
          "name" : "NA",
          "uuid" : "4d476011-7fc4-432b-98c0-9f6f1847cf39",
          "dataType" : "NA",
          "answers" : [ ],
          "order" : 4.0,
          "active" : true
        }, {
          "name" : "Yes",
          "uuid" : "04bb1773-c353-44a1-a68c-9b448e07ff70",
          "dataType" : "NA",
          "answers" : [ ],
          "order" : 1.0,
          "active" : true
        }, {
          "name" : "Reduced",
          "uuid" : "cc933b72-291f-41c3-a5c2-53cfc9966a63",
          "dataType" : "NA",
          "answers" : [ ],
          "order" : 3.0,
          "abnormal" : true,
          "active" : true
        }, {
          "name" : "Normal",
          "uuid" : "ba43b326-18a1-4f8d-ad04-29b0371461e0",
          "dataType" : "NA",
          "answers" : [ ],
          "order" : 2.0,
          "active" : true
        }, {
          "name" : "Absent",
          "uuid" : "10885638-561a-42b6-8b24-8daa01864c89",
          "dataType" : "NA",
          "answers" : [ ],
          "order" : 1.0,
          "abnormal" : true,
          "active" : true
        } ],
        "active" : true
      },
      "displayOrder" : 3.0,
      "type" : "SingleSelect",
      "rule" : "//SAMPLE RULE EXAMPLE\n'use strict';\n({params, imports}) => {\n  const programEncounter = params.entity;\n  const formElement = params.formElement;\n  const statusBuilder = new imports.rulesConfig.FormElementStatusBuilder({programEncounter, formElement});\n  //read the value of form element using programEncounter.getObservationValue(CONCEPT_NAME);\n  const formElementValue1 = \"1\";\n  const formElementValue2 = \"1\";\n  //form element will be shown only when below condition is true\n  const showCondition = formElementValue1 === formElementValue2;\n  statusBuilder.show().whenItem(showCondition).is.truthy;\n  //for form element validation error\n  if(!showCondition){\n  statusBuilder.validationError(\"Values are not equal\");\n  }\n  \n  console.log(`======= vedant =======`);\n  \n  return statusBuilder.build();\n};",
      "mandatory" : true
    }, {
      "name" : "When did the movement stop or decrease?",
      "uuid" : "466b91c4-c98e-46c9-913f-b902333deeb9",
      "keyValues" : [ ],
      "concept" : {
        "name" : "Date of decrease in foetal movements",
        "uuid" : "599190b5-1875-48e4-961b-b653177b8aa5",
        "dataType" : "Date",
        "answers" : [ ],
        "active" : true
      },
      "displayOrder" : 4.0,
      "type" : "SingleSelect",
      "mandatory" : true
    } ],
    "timed" : false
  }, {
    "uuid" : "75fa8d74-0598-4cd0-94ff-f9bc7244b8df",
    "name" : "Institution information",
    "displayOrder" : 2.0,
    "display" : "Institution information",
    "formElements" : [ {
      "name" : "Have you registered at an institution for delivery?",
      "uuid" : "17b1c734-d63f-48c8-8e67-9be13a8c0b81",
      "keyValues" : [ ],
      "concept" : {
        "name" : "Registered for institutional delivery",
        "uuid" : "1d3d368a-3180-4bda-bf42-bee1351844f3",
        "dataType" : "Coded",
        "answers" : [ {
          "name" : "No",
          "uuid" : "e7b50c78-3d90-484d-a224-9887887780dc",
          "dataType" : "NA",
          "answers" : [ ],
          "order" : 2.0,
          "active" : true
        }, {
          "name" : "Yes",
          "uuid" : "04bb1773-c353-44a1-a68c-9b448e07ff70",
          "dataType" : "NA",
          "answers" : [ ],
          "order" : 1.0,
          "active" : true
        } ],
        "active" : true
      },
      "displayOrder" : 1.0,
      "type" : "SingleSelect",
      "mandatory" : true
    }, {
      "name" : "What is the name of the institution?",
      "uuid" : "dc1e104a-cd63-4971-ab5c-9eaea27463c6",
      "keyValues" : [ ],
      "concept" : {
        "name" : "Name of institution",
        "uuid" : "13c1458f-b4fe-442a-9b0b-b5ec6e62da11",
        "dataType" : "Text",
        "answers" : [ ],
        "active" : true
      },
      "displayOrder" : 2.0,
      "type" : "SingleSelect",
      "mandatory" : true
    }, {
      "name" : "Encourage registration at institution",
      "uuid" : "72c4470c-e613-43ab-b4e1-ef1aeac26f67",
      "keyValues" : [ ],
      "concept" : {
        "name" : "Placeholder for counselling form element",
        "uuid" : "b4e5a662-97bf-4846-b9b7-9baeab4d89c4",
        "dataType" : "Coded",
        "answers" : [ {
          "name" : "Yes",
          "uuid" : "04bb1773-c353-44a1-a68c-9b448e07ff70",
          "dataType" : "NA",
          "answers" : [ ],
          "order" : 0.0,
          "active" : true
        } ],
        "active" : true
      },
      "displayOrder" : 3.0,
      "type" : "SingleSelect",
      "mandatory" : false
    } ],
    "timed" : false
  }, {
    "uuid" : "40c54491-e63c-45bd-9ff9-3c923b5f0ab3",
    "name" : "Behavior monitoring",
    "displayOrder" : 3.0,
    "display" : "Behavior monitoring",
    "formElements" : [ {
      "name" : "What services have you received from an outside institution or from Calcutta Kids?",
      "uuid" : "54fc74c5-b824-4446-a3c5-6e11c1d46a17",
      "keyValues" : [ ],
      "concept" : {
        "name" : "Services received outside or at Calcutta Kids",
        "uuid" : "12638203-bf5f-45ce-a419-d51bb94ec0e1",
        "dataType" : "Coded",
        "answers" : [ {
          "name" : "TT",
          "uuid" : "42a6728b-947a-438f-9192-189ff9d8651b",
          "dataType" : "NA",
          "answers" : [ ],
          "order" : 1.0,
          "active" : true
        }, {
          "name" : "Urine test",
          "uuid" : "8f2741f1-28ec-458d-9f86-8b968bf950f4",
          "dataType" : "NA",
          "answers" : [ ],
          "order" : 2.0,
          "active" : true
        }, {
          "name" : "Ultrasonography",
          "uuid" : "26fa9d6b-4184-4d54-a7de-a5821f0fecaa",
          "dataType" : "NA",
          "answers" : [ ],
          "order" : 4.0,
          "active" : true
        }, {
          "name" : "Abdominal examination",
          "uuid" : "fbf759b7-ca99-4b2b-85f5-6be8e01b7037",
          "dataType" : "NA",
          "answers" : [ ],
          "order" : 5.0,
          "active" : true
        }, {
          "name" : "Other",
          "uuid" : "05ea583c-51d2-412d-ad00-06c432ffe538",
          "dataType" : "NA",
          "answers" : [ ],
          "order" : 7.0,
          "active" : true
        }, {
          "name" : "Blood tests",
          "uuid" : "e53b6e6c-9351-4d2c-876b-cf7e9d28e137",
          "dataType" : "NA",
          "answers" : [ ],
          "order" : 3.0,
          "active" : true
        }, {
          "name" : "HIV/AIDS",
          "uuid" : "8425af99-4a07-4d99-97b2-cf955713a560",
          "dataType" : "NA",
          "answers" : [ ],
          "order" : 6.0,
          "active" : true
        } ],
        "active" : true
      },
      "displayOrder" : 1.0,
      "type" : "MultiSelect",
      "mandatory" : false
    }, {
      "name" : "Other services received outside",
      "uuid" : "8af4e098-240c-4926-899e-6d6b216548ec",
      "keyValues" : [ ],
      "concept" : {
        "name" : "Other services received outside",
        "uuid" : "af4d58ae-7233-4c68-9caa-7ba53a6c5f94",
        "dataType" : "Text",
        "answers" : [ ],
        "active" : true
      },
      "displayOrder" : 2.0,
      "type" : "SingleSelect",
      "mandatory" : true
    }, {
      "name" : "Where do you get your FA tablets?",
      "uuid" : "904141a0-b337-4859-81c8-739a760b0bf9",
      "keyValues" : [ ],
      "concept" : {
        "name" : "FA tablets received from",
        "uuid" : "c6053dc3-593b-4f24-91f9-3d0e33b4af36",
        "dataType" : "Coded",
        "answers" : [ {
          "name" : "NA",
          "uuid" : "4d476011-7fc4-432b-98c0-9f6f1847cf39",
          "dataType" : "NA",
          "answers" : [ ],
          "order" : 4.0,
          "unique" : true,
          "active" : true
        }, {
          "name" : "Government",
          "uuid" : "7f1ceee8-415b-47df-97ff-c9ff74aab4f7",
          "dataType" : "NA",
          "answers" : [ ],
          "order" : 3.0,
          "active" : true
        }, {
          "name" : "Private",
          "uuid" : "f866daf5-9e36-4ec5-976c-b4a73a5ed45a",
          "dataType" : "NA",
          "answers" : [ ],
          "order" : 2.0,
          "active" : true
        }, {
          "name" : "Calcutta Kids",
          "uuid" : "b51ee2de-af5b-443f-8693-4deb773db2c6",
          "dataType" : "NA",
          "answers" : [ ],
          "order" : 1.0,
          "active" : true
        } ],
        "active" : true
      },
      "displayOrder" : 3.0,
      "type" : "MultiSelect",
      "mandatory" : true
    }, {
      "name" : "How many FA tablets have you consumed since your last visit?",
      "uuid" : "b15ccadf-7789-41f1-97b1-259fc3fe3b2f",
      "keyValues" : [ ],
      "concept" : {
        "name" : "Number of FA tablets consumed since last visit",
        "uuid" : "1a28299c-de6e-4c4d-9afd-1c8129b40c77",
        "dataType" : "Numeric",
        "answers" : [ ],
        "active" : true
      },
      "displayOrder" : 4.0,
      "type" : "SingleSelect",
      "mandatory" : true
    }, {
      "name" : "From where do you get your calcium tablets?",
      "uuid" : "3ca63917-dd75-4f4c-af39-93f8fb49975d",
      "keyValues" : [ ],
      "concept" : {
        "name" : "Calcium tablets received from",
        "uuid" : "370721b6-7d28-4993-b408-9266e408b5a1",
        "dataType" : "Coded",
        "answers" : [ {
          "name" : "None",
          "uuid" : "ebda5e05-a995-43ca-ad1a-30af3b937539",
          "dataType" : "NA",
          "answers" : [ ],
          "order" : 1.0,
          "active" : true
        }, {
          "name" : "Government",
          "uuid" : "7f1ceee8-415b-47df-97ff-c9ff74aab4f7",
          "dataType" : "NA",
          "answers" : [ ],
          "order" : 3.0,
          "active" : true
        }, {
          "name" : "NA",
          "uuid" : "4d476011-7fc4-432b-98c0-9f6f1847cf39",
          "dataType" : "NA",
          "answers" : [ ],
          "order" : 4.0,
          "unique" : true,
          "active" : true
        }, {
          "name" : "Private",
          "uuid" : "f866daf5-9e36-4ec5-976c-b4a73a5ed45a",
          "dataType" : "NA",
          "answers" : [ ],
          "order" : 2.0,
          "active" : true
        }, {
          "name" : "Calcutta Kids",
          "uuid" : "b51ee2de-af5b-443f-8693-4deb773db2c6",
          "dataType" : "NA",
          "answers" : [ ],
          "order" : 1.0,
          "active" : true
        } ],
        "active" : true
      },
      "displayOrder" : 5.0,
      "type" : "MultiSelect",
      "mandatory" : true
    }, {
      "name" : "How many calcium tablets have you consumed since your last visit?",
      "uuid" : "e71b8b3c-8cb9-44b5-87c1-f772abe4c8bc",
      "keyValues" : [ ],
      "concept" : {
        "name" : "Number of calcium tablets consumed since last last visit",
        "uuid" : "c2b21d7d-447a-4f97-9775-199c316921e4",
        "dataType" : "Numeric",
        "answers" : [ ],
        "active" : true
      },
      "displayOrder" : 6.0,
      "type" : "SingleSelect",
      "mandatory" : true
    }, {
      "name" : "How much are you eating compared to your pre-pregnancy food intake?",
      "uuid" : "bc4c7a08-142d-4834-a391-9d6d87451aa5",
      "keyValues" : [ ],
      "concept" : {
        "name" : "Eating compared to your pre-pregnancy food intake",
        "uuid" : "bd925c49-1315-405a-999b-cd6509668281",
        "dataType" : "Coded",
        "answers" : [ {
          "name" : "None",
          "uuid" : "ebda5e05-a995-43ca-ad1a-30af3b937539",
          "dataType" : "NA",
          "answers" : [ ],
          "order" : 1.0,
          "active" : true
        }, {
          "name" : "More",
          "uuid" : "42146907-9b2b-45c7-ada0-ce4db4a0e224",
          "dataType" : "NA",
          "answers" : [ ],
          "order" : 1.0,
          "active" : true
        }, {
          "name" : "Less",
          "uuid" : "46c5a087-db39-43f8-bbdd-778c70eeaf91",
          "dataType" : "NA",
          "answers" : [ ],
          "order" : 3.0,
          "active" : true
        }, {
          "name" : "Same",
          "uuid" : "57f67648-23dd-4d83-96dc-481b7e219a75",
          "dataType" : "NA",
          "answers" : [ ],
          "order" : 2.0,
          "active" : true
        } ],
        "active" : true
      },
      "displayOrder" : 7.0,
      "type" : "SingleSelect",
      "mandatory" : true
    }, {
      "name" : "Why eating same or less?",
      "uuid" : "74031f60-181c-4801-8d1b-9c232f7ba87a",
      "keyValues" : [ ],
      "concept" : {
        "name" : "Reason for eating less than pre-pregnancy",
        "uuid" : "bc8a4300-6a51-411f-a81b-198135fdf236",
        "dataType" : "Coded",
        "answers" : [ {
          "name" : "Food not available or sufficient",
          "uuid" : "957ea4ab-d3a0-4b52-a056-dd103d9a164f",
          "dataType" : "NA",
          "answers" : [ ],
          "order" : 1.0,
          "active" : true
        }, {
          "name" : "Family pressure or belief to eat less",
          "uuid" : "7a53dcb6-23c9-4995-bda7-7cc1722e59fc",
          "dataType" : "NA",
          "answers" : [ ],
          "order" : 3.0,
          "active" : true
        }, {
          "name" : "Loss of appetite",
          "uuid" : "47e93f5b-3bfb-4fb7-826f-278d8d0e04ce",
          "dataType" : "NA",
          "answers" : [ ],
          "order" : 2.0,
          "active" : true
        }, {
          "name" : "Family pressure or belief",
          "uuid" : "ebfe47b9-e144-4db8-a31b-b491401e8cc3",
          "dataType" : "NA",
          "answers" : [ ],
          "order" : 1.0,
          "active" : true
        }, {
          "name" : "Lack of family support",
          "uuid" : "5e7da32d-42cb-410c-a17f-38af82e6c858",
          "dataType" : "NA",
          "answers" : [ ],
          "order" : 4.0,
          "active" : true
        }, {
          "name" : "Other",
          "uuid" : "05ea583c-51d2-412d-ad00-06c432ffe538",
          "dataType" : "NA",
          "answers" : [ ],
          "order" : 5.0,
          "active" : true
        } ],
        "active" : true
      },
      "displayOrder" : 8.0,
      "type" : "MultiSelect",
      "mandatory" : true
    }, {
      "name" : "Other reason for eating same or less",
      "uuid" : "ebe8c23a-7f84-4acd-a611-dcc0c3870b09",
      "keyValues" : [ ],
      "concept" : {
        "name" : "Other reason for eating less than pre-pregnancy",
        "uuid" : "70cad8f7-722e-4186-aa89-4acc7acb2ed7",
        "dataType" : "Text",
        "answers" : [ ],
        "active" : true
      },
      "displayOrder" : 9.0,
      "type" : "SingleSelect",
      "mandatory" : true
    }, {
      "name" : "What did you eat yesterday?",
      "uuid" : "05bdbe43-75cb-435e-8d18-551ec7555ded",
      "keyValues" : [ ],
      "concept" : {
        "name" : "Food eaten yesterday",
        "uuid" : "2a5f655e-3351-42c4-87fd-e3a447eeedaa",
        "dataType" : "Coded",
        "answers" : [ {
          "name" : "Snack food",
          "uuid" : "f72c86f9-8c58-4887-b588-cc903f02d141",
          "dataType" : "NA",
          "answers" : [ ],
          "order" : 7.0,
          "active" : true
        }, {
          "name" : "Dairy",
          "uuid" : "351f31c1-5f14-4859-8585-3d395556b1f8",
          "dataType" : "NA",
          "answers" : [ ],
          "order" : 5.0,
          "active" : true
        }, {
          "name" : "Starch",
          "uuid" : "a8c837f4-345c-4041-ac0a-b91945bad804",
          "dataType" : "NA",
          "answers" : [ ],
          "order" : 3.0,
          "active" : true
        }, {
          "name" : "Vegetable protein",
          "uuid" : "14405510-d8ea-45c0-a0cb-d5dc55260d33",
          "dataType" : "NA",
          "answers" : [ ],
          "order" : 2.0,
          "active" : true
        }, {
          "name" : "Instant food",
          "uuid" : "d74412da-9cce-41fa-a141-c07cc8c60ec0",
          "dataType" : "NA",
          "answers" : [ ],
          "order" : 8.0,
          "active" : true
        }, {
          "name" : "Animal protein",
          "uuid" : "e825f97d-26d4-4a44-b2fe-024d9e26d875",
          "dataType" : "NA",
          "answers" : [ ],
          "order" : 1.0,
          "active" : true
        }, {
          "name" : "Fruit",
          "uuid" : "323c3c9b-a4a6-40e1-938f-f62755805ecc",
          "dataType" : "NA",
          "answers" : [ ],
          "order" : 6.0,
          "active" : true
        }, {
          "name" : "Vegetable",
          "uuid" : "90f29252-2dc9-42c5-b30f-9cfb53c8448c",
          "dataType" : "NA",
          "answers" : [ ],
          "order" : 4.0,
          "active" : true
        }, {
          "name" : "Nothing",
          "uuid" : "050c0ac0-9f03-4302-9b3c-2a451cdb0471",
          "dataType" : "NA",
          "answers" : [ ],
          "order" : 9.0,
          "unique" : true,
          "abnormal" : true,
          "active" : true
        } ],
        "active" : true
      },
      "displayOrder" : 10.0,
      "type" : "MultiSelect",
      "mandatory" : true
    }, {
      "name" : "Counsel for eating same or less",
      "uuid" : "6a07e168-6791-425d-8406-448368000ba6",
      "keyValues" : [ ],
      "concept" : {
        "name" : "Placeholder for counselling form element",
        "uuid" : "b4e5a662-97bf-4846-b9b7-9baeab4d89c4",
        "dataType" : "Coded",
        "answers" : [ {
          "name" : "Yes",
          "uuid" : "04bb1773-c353-44a1-a68c-9b448e07ff70",
          "dataType" : "NA",
          "answers" : [ ],
          "order" : 0.0,
          "active" : true
        } ],
        "active" : true
      },
      "displayOrder" : 11.0,
      "type" : "SingleSelect",
      "mandatory" : false
    }, {
      "name" : "Reason for not eating yesterday.",
      "uuid" : "be1a87c2-1fdd-4afe-991a-0251f81d72fe",
      "keyValues" : [ ],
      "concept" : {
        "name" : "Reason for not eating yesterday",
        "uuid" : "ea7cd073-704c-4551-a251-5c656f56bc24",
        "dataType" : "Text",
        "answers" : [ ],
        "active" : true
      },
      "displayOrder" : 12.0,
      "type" : "SingleSelect",
      "mandatory" : true
    }, {
      "name" : "How many hours did you rest yesterday during the day?",
      "uuid" : "34087100-f354-494b-8940-5a70b12e94f8",
      "keyValues" : [ ],
      "concept" : {
        "name" : "Hours of rest yesterday",
        "uuid" : "8543f637-c896-4082-8fc9-6fa3f8263c0a",
        "dataType" : "Numeric",
        "answers" : [ ],
        "active" : true
      },
      "displayOrder" : 13.0,
      "type" : "SingleSelect",
      "mandatory" : true
    }, {
      "name" : "Reason for resting less than 2 hours",
      "uuid" : "cc30f6c8-c2ca-4074-a737-9022760a0112",
      "keyValues" : [ ],
      "concept" : {
        "name" : "Reason for resting less than 2 hours",
        "uuid" : "955f355d-f741-4246c-952e-f539296764f8",
        "dataType" : "Coded",
        "answers" : [ {
          "name" : "Work inside the home",
          "uuid" : "8e86a749-39d0-4a4c-a9fd-3acb3f7298e9",
          "dataType" : "NA",
          "answers" : [ ],
          "order" : 1.0,
          "active" : true
        }, {
          "name" : "Other",
          "uuid" : "05ea583c-51d2-412d-ad00-06c432ffe538",
          "dataType" : "NA",
          "answers" : [ ],
          "order" : 4.0,
          "active" : true
        }, {
          "name" : "Lack of family support",
          "uuid" : "5e7da32d-42cb-410c-a17f-38af82e6c858",
          "dataType" : "NA",
          "answers" : [ ],
          "order" : 3.0,
          "active" : true
        }, {
          "name" : "Work outside the home",
          "uuid" : "d3b3e242-1085-4114-a3f4-1183a8ae084f",
          "dataType" : "NA",
          "answers" : [ ],
          "order" : 2.0,
          "active" : true
        } ],
        "active" : true
      },
      "displayOrder" : 14.0,
      "type" : "MultiSelect",
      "mandatory" : true
    }, {
      "name" : "Other reason for resting less than 2 hours",
      "uuid" : "2ff27a88-9c89-4b20-81e7-578140073a12",
      "keyValues" : [ ],
      "concept" : {
        "name" : "Other reason for resting less than 2 hours",
        "uuid" : "dda37984-052d-41e2-b255-0cb9a67d580f",
        "dataType" : "Text",
        "answers" : [ ],
        "active" : true
      },
      "displayOrder" : 15.0,
      "type" : "SingleSelect",
      "mandatory" : true
    }, {
      "name" : "Counselling for resting during pregnancy",
      "uuid" : "4ec12bb2-a500-4578-ad85-f178d3d9964a",
      "keyValues" : [ ],
      "concept" : {
        "name" : "Placeholder for counselling form element",
        "uuid" : "b4e5a662-97bf-4846-b9b7-9baeab4d89c4",
        "dataType" : "Coded",
        "answers" : [ {
          "name" : "Yes",
          "uuid" : "04bb1773-c353-44a1-a68c-9b448e07ff70",
          "dataType" : "NA",
          "answers" : [ ],
          "order" : 0.0,
          "active" : true
        } ],
        "active" : true
      },
      "displayOrder" : 16.0,
      "type" : "SingleSelect",
      "mandatory" : false
    }, {
      "name" : "How much manual labor are you doing compared to your pre-pregnancy manual labor?",
      "uuid" : "9f6fecf8-cdeb-4b91-a2d8-8a9a0e44376b",
      "keyValues" : [ ],
      "concept" : {
        "name" : "Manual labour being done compared to pre-pregnancy",
        "uuid" : "cac85c5d-d0eb-46a7-b30a-0a01836f8c0c",
        "dataType" : "Coded",
        "answers" : [ {
          "name" : "Same",
          "uuid" : "57f67648-23dd-4d83-96dc-481b7e219a75",
          "dataType" : "NA",
          "answers" : [ ],
          "order" : 2.0,
          "active" : true
        }, {
          "name" : "Less",
          "uuid" : "46c5a087-db39-43f8-bbdd-778c70eeaf91",
          "dataType" : "NA",
          "answers" : [ ],
          "order" : 3.0,
          "active" : true
        }, {
          "name" : "More",
          "uuid" : "42146907-9b2b-45c7-ada0-ce4db4a0e224",
          "dataType" : "NA",
          "answers" : [ ],
          "order" : 1.0,
          "active" : true
        } ],
        "active" : true
      },
      "displayOrder" : 17.0,
      "type" : "SingleSelect",
      "mandatory" : true
    }, {
      "name" : "Reason for some or more manual labour",
      "uuid" : "6a23df0d-1a77-413a-8f01-c7ed406a9d65",
      "keyValues" : [ ],
      "concept" : {
        "name" : "Reason for same or more manual labour",
        "uuid" : "5a96f634-8107-46f6-8981-c356415ab654",
        "dataType" : "Coded",
        "answers" : [ {
          "name" : "Nobody at home to help",
          "uuid" : "a3456f51-9722-412b-b4ef-402cddd8c160",
          "dataType" : "NA",
          "answers" : [ ],
          "order" : 2.0,
          "active" : true
        }, {
          "name" : "Other",
          "uuid" : "05ea583c-51d2-412d-ad00-06c432ffe538",
          "dataType" : "NA",
          "answers" : [ ],
          "order" : 3.0,
          "active" : true
        }, {
          "name" : "Lack of family support",
          "uuid" : "5e7da32d-42cb-410c-a17f-38af82e6c858",
          "dataType" : "NA",
          "answers" : [ ],
          "order" : 1.0,
          "active" : true
        } ],
        "active" : true
      },
      "displayOrder" : 18.0,
      "type" : "MultiSelect",
      "mandatory" : true
    }, {
      "name" : "Other reason for manual labour",
      "uuid" : "ee078119-26cf-4325-9b3c-e5f0bf3f43da",
      "keyValues" : [ ],
      "concept" : {
        "name" : "Other reason for manual labour",
        "uuid" : "cd5a83e3-b5f0-4179-8c9e-d00c0af1602a",
        "dataType" : "Text",
        "answers" : [ ],
        "active" : true
      },
      "displayOrder" : 19.0,
      "type" : "SingleSelect",
      "mandatory" : true
    }, {
      "name" : "Counsel against manual labour during pregnancy",
      "uuid" : "3dda111f-983a-450b-9a82-b17ab61f975a",
      "keyValues" : [ ],
      "concept" : {
        "name" : "Placeholder for counselling form element",
        "uuid" : "b4e5a662-97bf-4846-b9b7-9baeab4d89c4",
        "dataType" : "Coded",
        "answers" : [ {
          "name" : "Yes",
          "uuid" : "04bb1773-c353-44a1-a68c-9b448e07ff70",
          "dataType" : "NA",
          "answers" : [ ],
          "order" : 0.0,
          "active" : true
        } ],
        "active" : true
      },
      "displayOrder" : 20.0,
      "type" : "SingleSelect",
      "mandatory" : false
    }, {
      "name" : "Are you saving money for delivery?",
      "uuid" : "bfb6a38b-e4e2-4164-9e9b-fbb1d3f1cf76",
      "keyValues" : [ ],
      "concept" : {
        "name" : "Saving money for delivery",
        "uuid" : "65b19077-0b47-4ce7-a608-9efcf0cd8f27",
        "dataType" : "Coded",
        "answers" : [ {
          "name" : "No",
          "uuid" : "e7b50c78-3d90-484d-a224-9887887780dc",
          "dataType" : "NA",
          "answers" : [ ],
          "order" : 2.0,
          "active" : true
        }, {
          "name" : "Yes",
          "uuid" : "04bb1773-c353-44a1-a68c-9b448e07ff70",
          "dataType" : "NA",
          "answers" : [ ],
          "order" : 1.0,
          "active" : true
        } ],
        "active" : true
      },
      "displayOrder" : 21.0,
      "type" : "SingleSelect",
      "mandatory" : true
    }, {
      "name" : "Reason for not saving money",
      "uuid" : "e3b6695f-990e-4935-bdc9-9ce952446b24",
      "keyValues" : [ ],
      "concept" : {
        "name" : "Reason for not saving money",
        "uuid" : "74eb771a-f9e8-4b51-a078-3a13e2044b0d",
        "dataType" : "Coded",
        "answers" : [ {
          "name" : "No extra money to save",
          "uuid" : "89757176-5146-41c5-bd1f-4a36e7d0709b",
          "dataType" : "NA",
          "answers" : [ ],
          "order" : 2.0,
          "active" : true
        }, {
          "name" : "Other",
          "uuid" : "05ea583c-51d2-412d-ad00-06c432ffe538",
          "dataType" : "NA",
          "answers" : [ ],
          "order" : 3.0,
          "active" : true
        }, {
          "name" : "Family not interested in saving",
          "uuid" : "9c3ca6d6-e749-4992-876b-8548f02d0ecf",
          "dataType" : "NA",
          "answers" : [ ],
          "order" : 1.0,
          "active" : true
        } ],
        "active" : true
      },
      "displayOrder" : 22.0,
      "type" : "MultiSelect",
      "mandatory" : true
    }, {
      "name" : "Other reason for not saving money",
      "uuid" : "f3639045-0097-49e5-9cd0-16ffd1ac7137",
      "keyValues" : [ ],
      "concept" : {
        "name" : "Other reason for not saving money",
        "uuid" : "642685db-63dc-4abd-94bf-333bda7a96a8",
        "dataType" : "Text",
        "answers" : [ ],
        "active" : true
      },
      "displayOrder" : 23.0,
      "type" : "SingleSelect",
      "mandatory" : true
    }, {
      "name" : "Counsel for saving money",
      "uuid" : "ced30ce8-b0ef-4fa9-a702-89b183f535ab",
      "keyValues" : [ ],
      "concept" : {
        "name" : "Placeholder for counselling form element",
        "uuid" : "b4e5a662-97bf-4846-b9b7-9baeab4d89c4",
        "dataType" : "Coded",
        "answers" : [ {
          "name" : "Yes",
          "uuid" : "04bb1773-c353-44a1-a68c-9b448e07ff70",
          "dataType" : "NA",
          "answers" : [ ],
          "order" : 0.0,
          "active" : true
        } ],
        "active" : true
      },
      "displayOrder" : 24.0,
      "type" : "SingleSelect",
      "mandatory" : false
    }, {
      "name" : "How much money have you saved so far?",
      "uuid" : "193d9832-585d-4ff4-abdc-138f9552c527",
      "keyValues" : [ ],
      "concept" : {
        "name" : "Money saved so far",
        "uuid" : "4362911d-ac02-447c-9812-dfc5271eb499",
        "dataType" : "Numeric",
        "answers" : [ ],
        "active" : true
      },
      "displayOrder" : 25.0,
      "type" : "SingleSelect",
      "mandatory" : true
    } ],
    "timed" : false
  }, {
    "uuid" : "5b556652-6ee6-4d67-b1e2-8a5eb4e238a0",
    "name" : "Vaccinations",
    "displayOrder" : 4.0,
    "display" : "Vaccinations",
    "formElements" : [ {
      "name" : "TT1 Date",
      "uuid" : "3d5d45d4-5d75-420c-887d-6294bbc7feaf",
      "keyValues" : [ ],
      "concept" : {
        "name" : "TT1 Date",
        "uuid" : "f91604a8-89ac-4a99-a3cb-9edd764c8b0e",
        "dataType" : "Date",
        "answers" : [ ],
        "active" : true
      },
      "displayOrder" : 1.0,
      "type" : "SingleSelect",
      "mandatory" : false
    }, {
      "name" : "TT2 Date",
      "uuid" : "09496539-fe14-47e9-b22e-83514cd067e1",
      "keyValues" : [ ],
      "concept" : {
        "name" : "TT2 Date",
        "uuid" : "57f66ff5-e050-4a72-ad03-94d99dad4630",
        "dataType" : "Date",
        "answers" : [ ],
        "active" : true
      },
      "displayOrder" : 2.0,
      "type" : "SingleSelect",
      "mandatory" : false
    }, {
      "name" : "TT Booster Date",
      "uuid" : "366be537-7229-4299-bdcf-7a5986b5e856",
      "keyValues" : [ ],
      "concept" : {
        "name" : "TT Booster Date",
        "uuid" : "e1b7ce95-8c73-46fa-8354-19a14f5ca17f",
        "dataType" : "Date",
        "answers" : [ ],
        "active" : true
      },
      "displayOrder" : 3.0,
      "type" : "SingleSelect",
      "mandatory" : false
    }, {
      "name" : "Date of deworming",
      "uuid" : "da14a8e1-fa72-43a5-a605-987e5528f637",
      "keyValues" : [ ],
      "concept" : {
        "name" : "Date of deworming",
        "uuid" : "e638d96b-ad09-4fec-9e01-2e4b1a243c6d",
        "dataType" : "Date",
        "answers" : [ ],
        "active" : true
      },
      "displayOrder" : 4.0,
      "type" : "SingleSelect",
      "mandatory" : false
    } ],
    "timed" : false
  }, {
    "uuid" : "5ea9b686-4e71-424a-8869-bcc0562ecee2",
    "name" : "Follow up",
    "displayOrder" : 5.0,
    "display" : "Follow up",
    "formElements" : [ {
      "name" : "Refer to",
      "uuid" : "1f668732-ac75-4e1f-838f-35df80f31eb0",
      "keyValues" : [ ],
      "concept" : {
        "name" : "Mother referred to",
        "uuid" : "d5372690-d699-4bd0-ad6e-6d8f0ba559a0",
        "dataType" : "Coded",
        "answers" : [ {
          "name" : "Doctor",
          "uuid" : "062071e7-85a9-4da0-9d59-c27b00e53a60",
          "dataType" : "NA",
          "answers" : [ ],
          "order" : 1.0,
          "active" : true
        }, {
          "name" : "Hospital",
          "uuid" : "8359bf16-d329-4752-927c-24a9364f12bf",
          "dataType" : "NA",
          "answers" : [ ],
          "order" : 2.0,
          "active" : true
        } ],
        "active" : true
      },
      "displayOrder" : 1.0,
      "type" : "SingleSelect",
      "mandatory" : false
    }, {
      "name" : "Consider a special case",
      "uuid" : "6c25e2b9-8460-4860-b887-8eee29e83489",
      "keyValues" : [ ],
      "concept" : {
        "name" : "Consider a special case",
        "uuid" : "24c0eb2b-d6bf-4099-a8d5-0ac2217e98b7",
        "dataType" : "Coded",
        "answers" : [ {
          "name" : "Yes",
          "uuid" : "04bb1773-c353-44a1-a68c-9b448e07ff70",
          "dataType" : "NA",
          "answers" : [ ],
          "order" : 1.0,
          "active" : true
        }, {
          "name" : "No",
          "uuid" : "e7b50c78-3d90-484d-a224-9887887780dc",
          "dataType" : "NA",
          "answers" : [ ],
          "order" : 2.0,
          "active" : true
        } ],
        "active" : true
      },
      "displayOrder" : 2.0,
      "type" : "SingleSelect",
      "mandatory" : false
    } ],
    "timed" : false
  }, {
    "uuid" : "14615338-d15e-4654-b89e-5a2436c025ca",
    "name" : "Community meeting attendance",
    "displayOrder" : 6.0,
    "display" : "Community meeting attendance",
    "formElements" : [ {
      "name" : "Attended last community meetup?",
      "uuid" : "e60460a5-cca3-435c-95a5-203029b18313",
      "keyValues" : [ ],
      "concept" : {
        "name" : "Whether attended last community meetup",
        "uuid" : "1eb2875c-8956-4c50-96dd-d53815397cd9",
        "dataType" : "Coded",
        "answers" : [ {
          "name" : "Yes",
          "uuid" : "04bb1773-c353-44a1-a68c-9b448e07ff70",
          "dataType" : "NA",
          "answers" : [ ],
          "order" : 1.0,
          "active" : true
        }, {
          "name" : "Present",
          "uuid" : "57b51d52-981f-4af2-b133-aeffa6d00757",
          "dataType" : "NA",
          "answers" : [ ],
          "order" : 4.0,
          "active" : true
        }, {
          "name" : "Newly Registered",
          "uuid" : "fd22b0df-2b14-496d-b9e3-b6c6d3d2065c",
          "dataType" : "NA",
          "answers" : [ ],
          "order" : 6.0,
          "active" : true
        }, {
          "name" : "Hospitalized",
          "uuid" : "5a53ff7c-dc47-4c93-8a59-be759dcc435c",
          "dataType" : "NA",
          "answers" : [ ],
          "order" : 7.0,
          "active" : true
        }, {
          "name" : "No",
          "uuid" : "e7b50c78-3d90-484d-a224-9887887780dc",
          "dataType" : "NA",
          "answers" : [ ],
          "order" : 2.0,
          "active" : true
        }, {
          "name" : "Other",
          "uuid" : "05ea583c-51d2-412d-ad00-06c432ffe538",
          "dataType" : "NA",
          "answers" : [ ],
          "order" : 8.0,
          "active" : true
        }, {
          "name" : "Absent",
          "uuid" : "10885638-561a-42b6-8b24-8daa01864c89",
          "dataType" : "NA",
          "answers" : [ ],
          "order" : 3.0,
          "active" : true
        }, {
          "name" : "Away from village",
          "uuid" : "72fd70f8-65ae-4ac4-8339-6faf455e04f5",
          "dataType" : "NA",
          "answers" : [ ],
          "order" : 5.0,
          "active" : true
        } ],
        "active" : true
      },
      "displayOrder" : 1.0,
      "type" : "SingleSelect",
      "mandatory" : true
    }, {
      "name" : "Other, please specify",
      "uuid" : "e125713b-90db-4e19-bee8-ef36832f68d9",
      "keyValues" : [ ],
      "concept" : {
        "name" : "Other reason for not attending last community meetup",
        "uuid" : "7467e767-b0be-4228-bf8b-911b2a774787",
        "dataType" : "Text",
        "answers" : [ ],
        "active" : true
      },
      "displayOrder" : 2.0,
      "type" : "SingleSelect",
      "mandatory" : true
    } ],
    "timed" : false
  }, {
    "uuid" : "6f100392-ea83-4040-bd63-fd8e7fa2c3cc",
    "name" : "Discussion items",
    "displayOrder" : 7.0,
    "display" : "Discussion items",
    "formElements" : [ {
      "name" : "ANC discussion item 1",
      "uuid" : "7555f429-23d9-4faf-8e50-3ada9de9c817",
      "keyValues" : [ ],
      "concept" : {
        "name" : "Placeholder for counselling form element",
        "uuid" : "b4e5a662-97bf-4846-b9b7-9baeab4d89c4",
        "dataType" : "Coded",
        "answers" : [ {
          "name" : "Yes",
          "uuid" : "04bb1773-c353-44a1-a68c-9b448e07ff70",
          "dataType" : "NA",
          "answers" : [ ],
          "order" : 0.0,
          "active" : true
        } ],
        "active" : true
      },
      "displayOrder" : 1.0,
      "type" : "SingleSelect",
      "mandatory" : false
    }, {
      "name" : "ANC discussion item 2",
      "uuid" : "826b5279-40dd-4c6f-bb60-6abf1dcd9da9",
      "keyValues" : [ ],
      "concept" : {
        "name" : "Placeholder for counselling form element",
        "uuid" : "b4e5a662-97bf-4846-b9b7-9baeab4d89c4",
        "dataType" : "Coded",
        "answers" : [ {
          "name" : "Yes",
          "uuid" : "04bb1773-c353-44a1-a68c-9b448e07ff70",
          "dataType" : "NA",
          "answers" : [ ],
          "order" : 0.0,
          "active" : true
        } ],
        "active" : true
      },
      "displayOrder" : 2.0,
      "type" : "SingleSelect",
      "mandatory" : false
    }, {
      "name" : "ANC discussion item 3",
      "uuid" : "d8b186c1-aa5b-4f3d-ae0a-85a05e8668c4",
      "keyValues" : [ ],
      "concept" : {
        "name" : "Placeholder for counselling form element",
        "uuid" : "b4e5a662-97bf-4846-b9b7-9baeab4d89c4",
        "dataType" : "Coded",
        "answers" : [ {
          "name" : "Yes",
          "uuid" : "04bb1773-c353-44a1-a68c-9b448e07ff70",
          "dataType" : "NA",
          "answers" : [ ],
          "order" : 0.0,
          "active" : true
        } ],
        "active" : true
      },
      "displayOrder" : 3.0,
      "type" : "SingleSelect",
      "mandatory" : false
    } ],
    "timed" : false
  }, {
    "uuid" : "c672d409-3051-4bdc-96a5-a1479bd0dc72",
    "name" : "Nutritional Counselling",
    "displayOrder" : 8.0,
    "display" : "Nutritional Counselling",
    "formElements" : [ {
      "name" : "CK Diet Advice Dos",
      "uuid" : "9e7f3153-884f-44cf-94ea-30b3c15984ac",
      "keyValues" : [ ],
      "concept" : {
        "name" : "Diet Advice Do's",
        "uuid" : "98d5f572-2aff-4973-941e-5459fce82f45",
        "dataType" : "Coded",
        "answers" : [ ],
        "active" : true
      },
      "displayOrder" : 1.0,
      "type" : "SingleSelect",
      "mandatory" : false
    }, {
      "name" : "CK Diet Advice Donts",
      "uuid" : "19c4ad25-8bd8-4615-b9f9-7489b3c5eb11",
      "keyValues" : [ ],
      "concept" : {
        "name" : "Diet Advice Don'ts",
        "uuid" : "3f0de760-cb91-428f-928d-164b9c8b0e6c",
        "dataType" : "Coded",
        "answers" : [ ],
        "active" : true
      },
      "displayOrder" : 2.0,
      "type" : "SingleSelect",
      "mandatory" : false
    }, {
      "name" : "Supplementary nutritional therapy",
      "uuid" : "57e7ee2e-668a-462d-9d63-cf1b512f1ec0",
      "keyValues" : [ ],
      "concept" : {
        "name" : "Supplementary nutritional therapy (advice)",
        "uuid" : "1307241d-92c2-4660-8ed9-c5da899aa06e",
        "dataType" : "Coded",
        "answers" : [ ],
        "active" : true
      },
      "displayOrder" : 3.0,
      "type" : "SingleSelect",
      "mandatory" : false
    } ],
    "timed" : false
  }, {
    "uuid" : "a58ee76b-a70c-47e1-a013-da21f1c3998f",
    "name" : "General Counselling",
    "displayOrder" : 9.0,
    "display" : "General Counselling",
    "formElements" : [ {
      "name" : "CK Rest and sleep",
      "uuid" : "894909da-0937-4d98-ba19-c5e284510b28",
      "keyValues" : [ ],
      "concept" : {
        "name" : "Rest and sleep (advice)",
        "uuid" : "d070cf73-16f3-4fb7-bf4b-94b95ce753a1",
        "dataType" : "Coded",
        "answers" : [ ],
        "active" : true
      },
      "displayOrder" : 1.0,
      "type" : "SingleSelect",
      "mandatory" : false
    }, {
      "name" : "Immunization Counselling",
      "uuid" : "53d762b5-be37-4f44-b068-d300954935d0",
      "keyValues" : [ ],
      "concept" : {
        "name" : "Immunization Counselling (advice)",
        "uuid" : "c210a202-78e4-493f-bcf6-11ed6e79d61c",
        "dataType" : "Coded",
        "answers" : [ ],
        "active" : true
      },
      "displayOrder" : 2.0,
      "type" : "SingleSelect",
      "mandatory" : false
    }, {
      "name" : "Coitus/Sex Counselling",
      "uuid" : "7bf85b5d-a913-4c7c-b8f6-e3da6d8bf986",
      "keyValues" : [ ],
      "concept" : {
        "name" : "Coitus/Sex Counselling (advice)",
        "uuid" : "22d263c5-033a-487f-b237-2ebf6c8698e4",
        "dataType" : "Coded",
        "answers" : [ ],
        "active" : true
      },
      "displayOrder" : 3.0,
      "type" : "SingleSelect",
      "mandatory" : false
    }, {
      "name" : "Illness management",
      "uuid" : "f17f3424-9431-484f-9500-36189eb04743",
      "keyValues" : [ ],
      "concept" : {
        "name" : "Illness management (advice)",
        "uuid" : "b5639c14-30a2-43d3-b818-21cd0cc0a2ff",
        "dataType" : "Coded",
        "answers" : [ ],
        "active" : true
      },
      "displayOrder" : 4.0,
      "type" : "SingleSelect",
      "mandatory" : false
    }, {
      "name" : "Finance management",
      "uuid" : "b436afaf-8179-444e-9362-0ef5c39e5d41",
      "keyValues" : [ ],
      "concept" : {
        "name" : "Finance management (advice)",
        "uuid" : "0dddfa30-74ee-47a4-b212-1918499f4c92",
        "dataType" : "Coded",
        "answers" : [ ],
        "active" : true
      },
      "displayOrder" : 5.0,
      "type" : "SingleSelect",
      "mandatory" : false
    } ],
    "timed" : false
  }, {
    "uuid" : "8fc6d03c-03c5-426b-a8f7-e8c5848f271a",
    "name" : "Administrative Counselling",
    "displayOrder" : 10.0,
    "display" : "Administrative Counselling",
    "formElements" : [ {
      "name" : "Government scheme information",
      "uuid" : "9bef445c-3379-4615-b254-9b287bdcc5ec",
      "keyValues" : [ ],
      "concept" : {
        "name" : "Government scheme information (advice)",
        "uuid" : "fd8fcbd8-278f-4417-9696-176ff46c3bcc",
        "dataType" : "Coded",
        "answers" : [ ],
        "active" : true
      },
      "displayOrder" : 1.0,
      "type" : "SingleSelect",
      "mandatory" : false
    }, {
      "name" : "Ambulance services information",
      "uuid" : "84f9c969-782c-4d5a-b49b-7d6c503fed44",
      "keyValues" : [ ],
      "concept" : {
        "name" : "Ambulance services information (advice)",
        "uuid" : "8b01c973-206a-42a7-9ecb-2471ee51be88",
        "dataType" : "Coded",
        "answers" : [ ],
        "active" : true
      },
      "displayOrder" : 2.0,
      "type" : "SingleSelect",
      "mandatory" : false
    } ],
    "timed" : false
  } ],
  "decisionRule" : "",
  "visitScheduleRule" : "",
  "validationRule" : "",
  "checklistsRule" : "",
  "decisionConcepts" : [ ]
}