{
  "name" : "ANC GMP",
  "uuid" : "4632c1f5-59cd-4e65-899c-beb2c87a3bff",
  "formType" : "ProgramEncounter",
  "formElementGroups" : [ {
    "uuid" : "3fceb3da-e70d-4905-812a-e27cbbe32236",
    "name" : "Mother GMP details",
    "displayOrder" : 1.0,
    "display" : "GMP details",
    "formElements" : [ {
      "name" : "Weight",
      "uuid" : "ca48c08b-4959-43af-93ac-5abf249d543f",
      "keyValues" : [ ],
      "concept" : {
        "name" : "Weight",
        "uuid" : "75b1656e-2777-4753-9612-ce03a766a5e1",
        "dataType" : "Numeric",
        "answers" : [ ],
        "lowAbsolute" : 0.0,
        "highAbsolute" : 300.0,
        "lowNormal" : 1.0,
        "highNormal" : 100.0,
        "active" : true
      },
      "displayOrder" : 1.0,
      "type" : "SingleSelect",
      "mandatory" : true
    }, {
      "name" : "CK Complete diet advice",
      "uuid" : "8c1a2e9f-97a9-451d-b4ec-e87188fb54a2",
      "keyValues" : [ ],
      "concept" : {
        "name" : "Placeholder for counselling form element",
        "uuid" : "b4e5a662-97bf-4846-b9b7-9baeab4d89c4",
        "dataType" : "Coded",
        "answers" : [ {
          "name" : "Yes",
          "uuid" : "04bb1773-c353-44a1-a68c-9b448e07ff70",
          "dataType" : "NA",
          "answers" : [ ],
          "order" : 0.0,
          "active" : true
        } ],
        "active" : true
      },
      "displayOrder" : 2.0,
      "type" : "SingleSelect",
      "rule" : "'use strict';\n({params, imports}) => {\n  const programEncounter = params.entity;\n  const isBelowNormalWeightGainFunc = imports.motherCalculations.isBelowNormalWeightGain;\n  const moment = imports.moment;\n  const formElement = params.formElement;\n  const _ = imports.lodash;\n  let visibility = true;\n  let value = null;\n  let answersToSkip = [];\n  let validationErrors = [];\n  \n  const isBelowNormalWeightGain = (programEncounter) => {\n  \n    const weightGain = isBelowNormalWeightGainFunc(programEncounter.programEnrolment, programEncounter, programEncounter.encounterDateTime);\n    \n    return weightGain;\n  };\n  \n  visibility = isBelowNormalWeightGain(programEncounter) ;\n  \n  return new imports.rulesConfig.FormElementStatus(formElement.uuid, visibility, value, answersToSkip, validationErrors);\n};",
      "mandatory" : false
    }, {
      "name" : "test",
      "uuid" : "a5f7cc75-7f6d-4265-b863-5c6d8cf6e698",
      "keyValues" : [ ],
      "concept" : {
        "name" : "Abdominal girth",
        "uuid" : "334c4434-eda2-4119-9005-0139c2f0418e",
        "dataType" : "Numeric",
        "answers" : [ ],
        "active" : true
      },
      "displayOrder" : 3.0,
      "type" : "SingleSelect",
      "mandatory" : false,
      "voided" : true
    } ],
    "timed" : false
  } ],
  "decisionRule" : "\"use strict\";\n({params, imports}) => {\n    const programEncounter = params.entity;\n    const decisions = params.decisions;\n    const calculateBMI = imports.common.calculateBMI;\n    const isNormalWeightGain = imports.motherCalculations.isNormalWeightGain;\n    const isBelowNormalWeightGainFunc = imports.motherCalculations.isBelowNormalWeightGain;\n    const moment = imports.moment;\n\n    const isBelowNormalWeightGain = (programEncounter) => {\n        const { programEnrolment, encounterDateTime } = programEncounter;\n        return isBelowNormalWeightGainFunc(programEnrolment, programEncounter, encounterDateTime);\n    };\n    \n    const isAbnormalWeightGain = (programEncounter) => {\n        const { programEnrolment, encounterDateTime } = programEncounter;\n        return !isNormalWeightGain(programEnrolment, programEncounter, encounterDateTime);\n    };\n\n    const calculatingBMI = (programEncounter) => {\n        const latestHeightObs = programEncounter.programEnrolment.findLatestObservationInEntireEnrolment('Height', programEncounter);\n        const currentWeightObs = programEncounter.findObservation(\"Weight\");\n\n        const latestHeight = latestHeightObs && latestHeightObs.getReadableValue();\n        const currentWeight = currentWeightObs && currentWeightObs.getReadableValue();\n\n        return typeof (latestHeight) === \"undefined\" ? null : calculateBMI(currentWeight, latestHeight);\n    };\n\n    const bmiDecision = (programEncounter) => {\n        const bmi = calculatingBMI(programEncounter);\n        return _.isNil(bmi) ? {} : {\n            name: 'BMI',\n            value: bmi\n        };\n    };\n\n    const highRisks = (programEncounter) => {\n        const weightComplicationsBuilder = new imports.rulesConfig.complicationsBuilder({\n            programEncounter: programEncounter,\n            complicationsConcept: 'High Risk Conditions'\n        });\n\n        weightComplicationsBuilder.addComplication(\"Irregular weight gain\")\n            .when.valueInEncounter(\"Weight\").lessThanOrEqualTo(35);\n\n        weightComplicationsBuilder.addComplication(\"Irregular weight gain\")\n            .whenItem(isAbnormalWeightGain(programEncounter)).is.truthy;\n\n        weightComplicationsBuilder.addComplication('Intrauterine Growth Retardation')\n            .whenItem(isBelowNormalWeightGain(programEncounter)).is.truthy;\n\n        return weightComplicationsBuilder.getComplications();\n    };\n\n    const referral = (programEncounter) => {\n        const { programEnrolment, encounterDateTime } = programEncounter;\n        const hospitalComplicationsBuilder = new imports.rulesConfig.complicationsBuilder({\n            programEncounter: programEncounter,\n            complicationsConcept: 'Refer to the hospital for'\n        });\n\n        hospitalComplicationsBuilder.addComplication(\"Irregular weight gain\")\n            .whenItem(isAbnormalWeightGain(programEncounter)).is.truthy;\n\n        return hospitalComplicationsBuilder.getComplications();\n    };\n\n    decisions.encounterDecisions.push(bmiDecision(programEncounter));\n    decisions.encounterDecisions.push(highRisks(programEncounter));\n    decisions.encounterDecisions.push(referral(programEncounter));\n\n    return decisions;\n};",
  "visitScheduleRule" : "//SAMPLE RULE EXAMPLE\n\"use strict\";\n({ params, imports }) => {\n  const programEncounter = params.entity;\n  const moment = imports.moment;\n  const _ = imports.lodash; \n  const scheduleBuilder = new imports.rulesConfig.VisitScheduleBuilder({\n    programEncounter\n  });\n      const firstOfNextMonth = moment(programEncounter.getRealEventDate()).add(1, 'month').startOf('month').toDate();\n      const earliestDate = moment(firstOfNextMonth).add(21, 'days').toDate();\n      const lastDayOfMonth = moment(programEncounter.getRealEventDate()).endOf('month').date();\n      const numberOfDaysForMaxOffset = lastDayOfMonth - moment(firstOfNextMonth).date();\n      const ancGmpMaxDate = moment(earliestDate).add(numberOfDaysForMaxOffset, \"days\").toDate();\n      \n        scheduleBuilder.add({\n        name: \"ANC GMP\",\n        encounterType: \"ANC GMP\",\n        earliestDate: earliestDate,\n        maxDate: ancGmpMaxDate,\n    });\n      \n  return scheduleBuilder.getAll();\n};",
  "validationRule" : "",
  "checklistsRule" : "",
  "decisionConcepts" : [ {
    "name" : "Refer to the hospital for",
    "uuid" : "18cfc41a-2110-484e-a3c6-3f5592387324",
    "dataType" : "Coded",
    "answers" : [ {
      "name" : "Redness or discharge on the skin around the belly button",
      "uuid" : "3d41437e-3a00-44df-9190-9d87e37deb41",
      "dataType" : "NA",
      "answers" : [ ],
      "order" : 3.0,
      "abnormal" : true,
      "active" : true
    }, {
      "name" : "Abnormal Respiratory Rate",
      "uuid" : "6b329b8c-04b7-4cdd-90ea-1cd79dbd014b",
      "dataType" : "NA",
      "answers" : [ ],
      "order" : 20.0,
      "abnormal" : true,
      "active" : true
    }, {
      "name" : "Flat Nipples",
      "uuid" : "9ba87237-ea3f-42f4-9bac-99fa5fcc9abc",
      "dataType" : "NA",
      "answers" : [ ],
      "order" : 8.0,
      "abnormal" : true,
      "active" : true
    }, {
      "name" : "Convulsions without fever",
      "uuid" : "132a04ad-3f76-462a-99d8-29144aa977a6",
      "dataType" : "NA",
      "answers" : [ ],
      "order" : 7.0,
      "abnormal" : true,
      "active" : true
    }, {
      "name" : "Not Breast-fed within 1 hour of birth",
      "uuid" : "57f0b3c2-372e-4af7-8a0d-b23228f836db",
      "dataType" : "NA",
      "answers" : [ ],
      "order" : 12.0,
      "abnormal" : true,
      "active" : true
    }, {
      "name" : "Severe headache",
      "uuid" : "5a6ab8bb-fb14-4747-a66e-3961d718a83e",
      "dataType" : "NA",
      "answers" : [ ],
      "order" : 14.0,
      "abnormal" : true,
      "active" : true
    }, {
      "name" : "Lethargy",
      "uuid" : "2f2339c0-9405-4da5-b6c3-4a2e99033a23",
      "dataType" : "NA",
      "answers" : [ ],
      "order" : 2.0,
      "abnormal" : true,
      "active" : true
    }, {
      "name" : "Retracted Nipples",
      "uuid" : "c95ab0ea-46bb-41fb-995a-24a2db3681a2",
      "dataType" : "NA",
      "answers" : [ ],
      "order" : 9.0,
      "abnormal" : true,
      "active" : true
    }, {
      "name" : "Low Temperature",
      "uuid" : "15f3e8c9-b39e-4617-b54e-6a425d8fa9a2",
      "dataType" : "NA",
      "answers" : [ ],
      "order" : 18.0,
      "abnormal" : true,
      "active" : true
    }, {
      "name" : "Not using contraceptives",
      "uuid" : "a410eda0-4794-4fd4-86ca-bd1eaa88040e",
      "dataType" : "NA",
      "answers" : [ ],
      "order" : 6.0,
      "abnormal" : true,
      "active" : true
    }, {
      "name" : "Blurred vision",
      "uuid" : "2367268e-5988-4db3-a0ca-19438bd5931c",
      "dataType" : "NA",
      "answers" : [ ],
      "order" : 12.0,
      "abnormal" : true,
      "active" : true
    }, {
      "name" : "High Temperature",
      "uuid" : "eb1ec712-8a28-4511-ba59-4254ad301700",
      "dataType" : "NA",
      "answers" : [ ],
      "order" : 19.0,
      "abnormal" : true,
      "active" : true
    }, {
      "name" : "Open/Loose stitches",
      "uuid" : "a8b70653-ac63-4170-bdeb-39ba5b51d75d",
      "dataType" : "NA",
      "answers" : [ ],
      "order" : 1.0,
      "active" : true
    }, {
      "name" : "Morning Sickness",
      "uuid" : "2a2768ac-713b-4f74-85af-4a1fc5a832d1",
      "dataType" : "NA",
      "answers" : [ ],
      "order" : 4.0,
      "abnormal" : true,
      "active" : true
    }, {
      "name" : "Did not cry soon after birth",
      "uuid" : "603a37fb-1179-477d-a4bc-cb9f2f463f25",
      "dataType" : "NA",
      "answers" : [ ],
      "order" : 13.0,
      "abnormal" : true,
      "active" : true
    }, {
      "name" : "Fever",
      "uuid" : "0b7f3334-f81e-4d84-a13d-b35011e34456",
      "dataType" : "NA",
      "answers" : [ ],
      "order" : 1.0,
      "abnormal" : true,
      "active" : true
    }, {
      "name" : "Excessive vomiting and inability to consume anything orally in last 24 hours",
      "uuid" : "7cdba040-6fad-4a43-8306-4a284178cf5d",
      "dataType" : "NA",
      "answers" : [ ],
      "order" : 5.0,
      "abnormal" : true,
      "active" : true
    }, {
      "name" : "Muscle tone Absent/Flexed arms and legs",
      "uuid" : "8701cdcf-5d23-4b05-8be0-310159758a4d",
      "dataType" : "NA",
      "answers" : [ ],
      "order" : 16.0,
      "abnormal" : true,
      "active" : true
    }, {
      "name" : "Pain on urination",
      "uuid" : "97652252-0024-434d-8749-078b395fb6f2",
      "dataType" : "NA",
      "answers" : [ ],
      "order" : 8.0,
      "abnormal" : true,
      "active" : true
    }, {
      "name" : "Low Pulse",
      "uuid" : "87f387a4-434c-45ee-9cbd-c17b310469a7",
      "dataType" : "NA",
      "answers" : [ ],
      "order" : 2.0,
      "abnormal" : true,
      "active" : true
    }, {
      "name" : "Irregular fundal height increase",
      "uuid" : "a88feab9-1f5d-4c83-a215-cd0ba44006f6",
      "dataType" : "NA",
      "answers" : [ ],
      "order" : 10.0,
      "abnormal" : true,
      "active" : true
    }, {
      "name" : "Decreased Foetal movements",
      "uuid" : "d4276c48-2db2-494b-b041-97ffc1146c83",
      "dataType" : "Coded",
      "answers" : [ {
        "name" : "No",
        "uuid" : "e7b50c78-3d90-484d-a224-9887887780dc",
        "dataType" : "NA",
        "answers" : [ ],
        "order" : 2.0,
        "active" : true
      }, {
        "name" : "Yes",
        "uuid" : "04bb1773-c353-44a1-a68c-9b448e07ff70",
        "dataType" : "NA",
        "answers" : [ ],
        "order" : 1.0,
        "active" : true
      } ],
      "order" : 13.0,
      "abnormal" : true,
      "active" : true
    }, {
      "name" : "Pulse <100 or > 160 bpm",
      "uuid" : "e183bd41-eedf-458e-a96f-f818bf128243",
      "dataType" : "NA",
      "answers" : [ ],
      "order" : 17.0,
      "abnormal" : true,
      "active" : true
    }, {
      "name" : "Difficulty breathing",
      "uuid" : "fe8c09ce-4135-4092-a693-3ad9bd8edb44",
      "dataType" : "NA",
      "answers" : [ ],
      "order" : 11.0,
      "abnormal" : true,
      "active" : true
    }, {
      "name" : "Moderate ankle, body or face swelling",
      "uuid" : "a3d14ff5-8142-436d-99fb-eb84dd6d489e",
      "dataType" : "NA",
      "answers" : [ ],
      "order" : 1.0,
      "abnormal" : true,
      "active" : true
    }, {
      "name" : "Low Respiratory Rate",
      "uuid" : "12c00650-bed6-4242-9c29-4ab7af3676cb",
      "dataType" : "NA",
      "answers" : [ ],
      "order" : 4.0,
      "abnormal" : true,
      "active" : true
    }, {
      "name" : "Post-Partum Depression Symptoms",
      "uuid" : "0776992a-78de-4bd1-bfcb-f63ff1f7630e",
      "dataType" : "Coded",
      "answers" : [ {
        "name" : "Insomnia",
        "uuid" : "492f2658-5a54-4d47-894c-af90d02730b7",
        "dataType" : "NA",
        "answers" : [ ],
        "order" : 1.0,
        "abnormal" : true,
        "active" : true
      }, {
        "name" : "Loss of appetite",
        "uuid" : "47e93f5b-3bfb-4fb7-826f-278d8d0e04ce",
        "dataType" : "NA",
        "answers" : [ ],
        "order" : 3.0,
        "abnormal" : true,
        "active" : true
      }, {
        "name" : "Weakness",
        "uuid" : "25ec9a8c-07df-471c-afac-4919d016464d",
        "dataType" : "NA",
        "answers" : [ ],
        "order" : 4.0,
        "abnormal" : true,
        "active" : true
      }, {
        "name" : "No problem",
        "uuid" : "855fb739-19d8-418d-a8ae-c1da977b7fa9",
        "dataType" : "NA",
        "answers" : [ ],
        "order" : 5.0,
        "unique" : true,
        "active" : true
      }, {
        "name" : "Irritability",
        "uuid" : "8b5390e0-bb10-438f-b57a-44afdc973d9c",
        "dataType" : "NA",
        "answers" : [ ],
        "order" : 2.0,
        "abnormal" : true,
        "active" : true
      } ],
      "order" : 1.0,
      "abnormal" : true,
      "active" : true
    }, {
      "name" : "Excess fatigue",
      "uuid" : "b309f6d3-5db5-4415-8b26-84dd0689f55e",
      "dataType" : "NA",
      "answers" : [ ],
      "order" : 6.0,
      "abnormal" : true,
      "active" : true
    }, {
      "name" : "High Respiratory Rate",
      "uuid" : "6af88b96-93bd-4283-815b-27bc9afae823",
      "dataType" : "NA",
      "answers" : [ ],
      "order" : 5.0,
      "abnormal" : true,
      "active" : true
    }, {
      "name" : "High Pulse",
      "uuid" : "878c246d-4d2d-4a59-bcd4-fed33baa7814",
      "dataType" : "NA",
      "answers" : [ ],
      "order" : 3.0,
      "abnormal" : true,
      "active" : true
    }, {
      "name" : "PV leaking",
      "uuid" : "f7a77870-e1c6-47b7-9d72-01eec4adf0f5",
      "dataType" : "NA",
      "answers" : [ ],
      "order" : 16.0,
      "abnormal" : true,
      "active" : true
    }, {
      "name" : "Colour of child is Pale or Blue",
      "uuid" : "73f97a3b-3b71-4b63-81f6-16976ee00aac",
      "dataType" : "NA",
      "answers" : [ ],
      "order" : 14.0,
      "abnormal" : true,
      "active" : true
    }, {
      "name" : "Per vaginal bleeding",
      "uuid" : "79865f4d-1946-40b4-a823-28281fc58ba0",
      "dataType" : "NA",
      "answers" : [ ],
      "order" : 15.0,
      "abnormal" : true,
      "active" : true
    }, {
      "name" : "Irregular weight gain",
      "uuid" : "ebb0dd6f-4dc8-4ef5-838b-a18eec5ba9c9",
      "dataType" : "NA",
      "answers" : [ ],
      "order" : 7.0,
      "abnormal" : true,
      "active" : true
    }, {
      "name" : "Reflex Absent",
      "uuid" : "f2eb3d4c-838d-4f67-9815-cf108e0f05ff",
      "dataType" : "NA",
      "answers" : [ ],
      "order" : 15.0,
      "abnormal" : true,
      "active" : true
    }, {
      "name" : "Dizziness",
      "uuid" : "e9a1709b-41fe-4c6c-ab23-c325f71b394a",
      "dataType" : "NA",
      "answers" : [ ],
      "order" : 3.0,
      "abnormal" : true,
      "active" : true
    }, {
      "name" : "Severe Abdominal Pain",
      "uuid" : "5ba2d201-a120-4f2d-92e6-ca97d48b60b0",
      "dataType" : "NA",
      "answers" : [ ],
      "order" : 9.0,
      "abnormal" : true,
      "active" : true
    }, {
      "name" : "Painful or difficult urination",
      "uuid" : "39379c57-8f29-4d46-a600-d28b90b963da",
      "dataType" : "NA",
      "answers" : [ ],
      "order" : 2.0,
      "abnormal" : true,
      "active" : true
    }, {
      "name" : "Irregular abdominal girth increase",
      "uuid" : "701b5f95-0a7a-453e-8bcd-282af4d2dc97",
      "dataType" : "NA",
      "answers" : [ ],
      "order" : 11.0,
      "abnormal" : true,
      "active" : true
    }, {
      "name" : "Icterus present",
      "uuid" : "bab23da4-603e-4f9e-a823-90cc785d8f2f",
      "dataType" : "NA",
      "answers" : [ ],
      "order" : 21.0,
      "abnormal" : true,
      "active" : true
    }, {
      "name" : "Discharge from stitches wound",
      "uuid" : "6135149b-f390-47b3-bc43-c39e53410c4a",
      "dataType" : "NA",
      "answers" : [ ],
      "order" : 2.0,
      "active" : true
    } ],
    "active" : true
  }, {
    "name" : "High Risk Conditions",
    "uuid" : "f34f974b-47b0-424d-ae97-d479c80efa49",
    "dataType" : "Coded",
    "answers" : [ {
      "name" : "Previous Threatened Abortion",
      "uuid" : "43524d76-5f86-485f-b101-3b669ca3431e",
      "dataType" : "NA",
      "answers" : [ ],
      "order" : 59.0,
      "abnormal" : true,
      "active" : true
    }, {
      "name" : "Abnormal Paracheck",
      "uuid" : "a0460e35-d7de-46f2-8c12-783c3ae445b3",
      "dataType" : "NA",
      "answers" : [ ],
      "order" : 68.0,
      "abnormal" : true,
      "active" : true
    }, {
      "name" : "Previous Pregnancy Induced Hypertension",
      "uuid" : "d8637e17-faef-42fe-b2da-a16cfd7de33f",
      "dataType" : "NA",
      "answers" : [ ],
      "order" : 42.0,
      "abnormal" : true,
      "active" : true
    }, {
      "name" : "Low Temperature",
      "uuid" : "15f3e8c9-b39e-4617-b54e-6a425d8fa9a2",
      "dataType" : "NA",
      "answers" : [ ],
      "order" : 16.0,
      "abnormal" : true,
      "active" : true
    }, {
      "name" : "Previous Intrapartum Death",
      "uuid" : "9133804d-26a0-4546-a459-15b2c9ade793",
      "dataType" : "NA",
      "answers" : [ ],
      "order" : 100.0,
      "abnormal" : true,
      "active" : true
    }, {
      "name" : "Retracted Nipples",
      "uuid" : "c95ab0ea-46bb-41fb-995a-24a2db3681a2",
      "dataType" : "NA",
      "answers" : [ ],
      "order" : 50.0,
      "abnormal" : true,
      "active" : true
    }, {
      "name" : "Puerperal sepsis",
      "uuid" : "8993ed6a-df82-420e-9da8-fc4eecd6bdc3",
      "dataType" : "NA",
      "answers" : [ ],
      "order" : 108.0,
      "abnormal" : true,
      "active" : true
    }, {
      "name" : "Irregular weight gain",
      "uuid" : "ebb0dd6f-4dc8-4ef5-838b-a18eec5ba9c9",
      "dataType" : "NA",
      "answers" : [ ],
      "order" : 31.0,
      "abnormal" : true,
      "active" : true
    }, {
      "name" : "History of UTI",
      "uuid" : "db623589-cfa1-4611-b7e9-6b4e3a4ad802",
      "dataType" : "NA",
      "answers" : [ ],
      "order" : 8.0,
      "active" : true
    }, {
      "name" : "Per vaginal bleeding",
      "uuid" : "79865f4d-1946-40b4-a823-28281fc58ba0",
      "dataType" : "NA",
      "answers" : [ ],
      "order" : 44.0,
      "abnormal" : true,
      "active" : true
    }, {
      "name" : "Fever",
      "uuid" : "0b7f3334-f81e-4d84-a13d-b35011e34456",
      "dataType" : "NA",
      "answers" : [ ],
      "order" : 97.0,
      "abnormal" : true,
      "active" : true
    }, {
      "name" : "Young child",
      "uuid" : "c815f770-0bea-41a2-8169-2ae6ed433a95",
      "dataType" : "NA",
      "answers" : [ ],
      "order" : 1.0,
      "abnormal" : true,
      "active" : true
    }, {
      "name" : "VDRL Positive",
      "uuid" : "06c6b0ea-8ddc-4ed0-ab58-59ed67659571",
      "dataType" : "NA",
      "answers" : [ ],
      "order" : 24.0,
      "abnormal" : true,
      "active" : true
    }, {
      "name" : "Did not cry soon after birth",
      "uuid" : "603a37fb-1179-477d-a4bc-cb9f2f463f25",
      "dataType" : "NA",
      "answers" : [ ],
      "order" : 11.0,
      "abnormal" : true,
      "active" : true
    }, {
      "name" : "High Temperature",
      "uuid" : "eb1ec712-8a28-4511-ba59-4254ad301700",
      "dataType" : "NA",
      "answers" : [ ],
      "order" : 17.0,
      "abnormal" : true,
      "active" : true
    }, {
      "name" : "Low Respiratory Rate",
      "uuid" : "12c00650-bed6-4242-9c29-4ab7af3676cb",
      "dataType" : "NA",
      "answers" : [ ],
      "order" : 110.0,
      "abnormal" : true,
      "active" : true
    }, {
      "name" : "High blood sugar",
      "uuid" : "3eab36f5-13cd-4c7b-9f4d-0ecbdbfdb57e",
      "dataType" : "NA",
      "answers" : [ ],
      "order" : 81.0,
      "abnormal" : true,
      "active" : true
    }, {
      "name" : "Difficulty breathing",
      "uuid" : "fe8c09ce-4135-4092-a693-3ad9bd8edb44",
      "dataType" : "NA",
      "answers" : [ ],
      "order" : 33.0,
      "abnormal" : true,
      "active" : true
    }, {
      "name" : "Abnormal Hb",
      "uuid" : "b21e0c2c-7516-4019-85a2-a103e1ef7156",
      "dataType" : "NA",
      "answers" : [ ],
      "order" : 103.0,
      "abnormal" : true,
      "active" : true
    }, {
      "name" : "Previous Intrauterine Growth Retardation",
      "uuid" : "6b641e43-b981-4c10-a83c-fafac4654372",
      "dataType" : "NA",
      "answers" : [ ],
      "order" : 80.0,
      "abnormal" : true,
      "active" : true
    }, {
      "name" : "Jaundice Present",
      "uuid" : "2facaa69-1164-4847-82bd-a0216e9c1a50",
      "dataType" : "NA",
      "answers" : [ ],
      "order" : 52.0,
      "abnormal" : true,
      "active" : true
    }, {
      "name" : "Reflex Absent",
      "uuid" : "f2eb3d4c-838d-4f67-9815-cf108e0f05ff",
      "dataType" : "NA",
      "answers" : [ ],
      "order" : 13.0,
      "abnormal" : true,
      "active" : true
    }, {
      "name" : "Mild Pre-Eclampsia",
      "uuid" : "0eb43d96-dfff-4e45-91e8-1a273b419763",
      "dataType" : "NA",
      "answers" : [ ],
      "order" : 57.0,
      "abnormal" : true,
      "active" : true
    }, {
      "name" : "Grand Multipara",
      "uuid" : "338d5fb1-0493-4270-8d35-81105c239bbb",
      "dataType" : "NA",
      "answers" : [ ],
      "order" : 49.0,
      "abnormal" : true,
      "active" : true
    }, {
      "name" : "Sickling Positive",
      "uuid" : "4d2733ec-098a-407b-bfd2-1fd123dbe96d",
      "dataType" : "NA",
      "answers" : [ ],
      "order" : 91.0,
      "abnormal" : true,
      "active" : true
    }, {
      "name" : "Hepatitis B Positive",
      "uuid" : "f9b654e6-628b-4bbf-b3ee-2adc5ab7ea1c",
      "dataType" : "NA",
      "answers" : [ ],
      "order" : 99.0,
      "abnormal" : true,
      "active" : true
    }, {
      "name" : "Pulse <100 or > 160 bpm",
      "uuid" : "e183bd41-eedf-458e-a96f-f818bf128243",
      "dataType" : "NA",
      "answers" : [ ],
      "order" : 15.0,
      "abnormal" : true,
      "active" : true
    }, {
      "name" : "Weight Gain Per Month less than 1kg",
      "uuid" : "73ece93d-2065-4ff2-8f87-669142d186e6",
      "dataType" : "NA",
      "answers" : [ ],
      "order" : 46.0,
      "abnormal" : true,
      "active" : true
    }, {
      "name" : "Moderate Anemia",
      "uuid" : "c67d2c3a-c1c8-4cb7-b76e-b77e02541577",
      "dataType" : "NA",
      "answers" : [ ],
      "order" : 98.0,
      "abnormal" : true,
      "active" : true
    }, {
      "name" : "Sickle Cell",
      "uuid" : "37acc93a-8416-4440-ba68-d61ac4ba4c5f",
      "dataType" : "NA",
      "answers" : [ ],
      "order" : 53.0,
      "abnormal" : true,
      "active" : true
    }, {
      "name" : "Family history of diabetes",
      "uuid" : "2f6f471a-36f6-4e5f-9115-fb077b7ad8fd",
      "dataType" : "NA",
      "answers" : [ ],
      "order" : 3.0,
      "active" : true
    }, {
      "name" : "Infertility treatment",
      "uuid" : "79e2f5b7-f8c7-4f12-aec9-7e3d3382cf1a",
      "dataType" : "Coded",
      "answers" : [ {
        "name" : "Yes",
        "uuid" : "04bb1773-c353-44a1-a68c-9b448e07ff70",
        "dataType" : "NA",
        "answers" : [ ],
        "order" : 1.0,
        "abnormal" : true,
        "active" : true
      }, {
        "name" : "No",
        "uuid" : "e7b50c78-3d90-484d-a224-9887887780dc",
        "dataType" : "NA",
        "answers" : [ ],
        "order" : 2.0,
        "active" : true
      } ],
      "order" : 6.0,
      "active" : true
    }, {
      "name" : "Abnormal Respiratory Rate",
      "uuid" : "6b329b8c-04b7-4cdd-90ea-1cd79dbd014b",
      "dataType" : "NA",
      "answers" : [ ],
      "order" : 18.0,
      "abnormal" : true,
      "active" : true
    }, {
      "name" : "Sexually transmitted infection (STI)",
      "uuid" : "c0276bed-a617-4516-a3c3-6c0649300062",
      "dataType" : "NA",
      "answers" : [ ],
      "order" : 7.0,
      "active" : true
    }, {
      "name" : "Intrauterine Growth Retardation",
      "uuid" : "7e9fed7d-f111-4c87-9412-d8c0f8c162d2",
      "dataType" : "NA",
      "answers" : [ ],
      "order" : 115.0,
      "abnormal" : true,
      "active" : true
    }, {
      "name" : "Symptoms of anaemia",
      "uuid" : "49968689-e416-42af-b292-df577c0e45ad",
      "dataType" : "NA",
      "answers" : [ ],
      "order" : 5.0,
      "active" : true
    }, {
      "name" : "Ante Partum hemorrhage (APH)",
      "uuid" : "bbcab554-15c0-424f-a86f-e12a9ad38a53",
      "dataType" : "NA",
      "answers" : [ ],
      "order" : 66.0,
      "abnormal" : true,
      "active" : true
    }, {
      "name" : "Previous Post Partum Haemorrhage",
      "uuid" : "e6759d31-2529-4919-b38b-34cb09188767",
      "dataType" : "NA",
      "answers" : [ ],
      "order" : 32.0,
      "abnormal" : true,
      "active" : true
    }, {
      "name" : "Irregular Respiratory Rate",
      "uuid" : "47b79102-ad82-4a61-83cd-e01c4bc73cfe",
      "dataType" : "NA",
      "answers" : [ ],
      "order" : 85.0,
      "abnormal" : true,
      "active" : true
    }, {
      "name" : "Other",
      "uuid" : "05ea583c-51d2-412d-ad00-06c432ffe538",
      "dataType" : "NA",
      "answers" : [ ],
      "order" : 2.0,
      "active" : true
    }, {
      "name" : "Renal Disease",
      "uuid" : "2e86955f-0d81-4e80-a1f4-255b3c186bec",
      "dataType" : "NA",
      "answers" : [ ],
      "order" : 65.0,
      "abnormal" : true,
      "active" : true
    }, {
      "name" : "Convulsions Present",
      "uuid" : "b694eefb-6b9d-4123-98a4-1bfc39a7dcb4",
      "dataType" : "NA",
      "answers" : [ ],
      "order" : 51.0,
      "abnormal" : true,
      "active" : true
    }, {
      "name" : "Eclampsia",
      "uuid" : "489f07e5-d9e1-478a-969d-3acad587a15e",
      "dataType" : "NA",
      "answers" : [ ],
      "order" : 114.0,
      "abnormal" : true,
      "active" : true
    }, {
      "name" : "HIV/AIDS Positive",
      "uuid" : "45350576-a60b-4431-90da-65604933d97c",
      "dataType" : "NA",
      "answers" : [ ],
      "order" : 43.0,
      "abnormal" : true,
      "active" : true
    }, {
      "name" : "Severe Anemia",
      "uuid" : "1aff631c-e487-4202-a862-122b45168ac6",
      "dataType" : "NA",
      "answers" : [ ],
      "order" : 74.0,
      "abnormal" : true,
      "active" : true
    }, {
      "name" : "Excessive vomiting and inability to consume anything orally in last 24 hours",
      "uuid" : "7cdba040-6fad-4a43-8306-4a284178cf5d",
      "dataType" : "NA",
      "answers" : [ ],
      "order" : 104.0,
      "abnormal" : true,
      "active" : true
    }, {
      "name" : "Foetal heart sound irregular",
      "uuid" : "36b67c37-5ea2-463b-9eef-47ba95d2c097",
      "dataType" : "NA",
      "answers" : [ ],
      "order" : 63.0,
      "abnormal" : true,
      "active" : true
    }, {
      "name" : "Previous Retained Placenta",
      "uuid" : "9b9b1c0e-8dd3-4520-8c46-4488fd030fa9",
      "dataType" : "NA",
      "answers" : [ ],
      "order" : 23.0,
      "abnormal" : true,
      "active" : true
    }, {
      "name" : "Previous Ante Partum Haemorrhage",
      "uuid" : "36824575-042b-4137-ba3c-ce1145ce81e8",
      "dataType" : "NA",
      "answers" : [ ],
      "order" : 82.0,
      "abnormal" : true,
      "active" : true
    }, {
      "name" : "Previous Instrumental Delivery",
      "uuid" : "4f40dbfb-008f-4b34-856e-d668207cdb7e",
      "dataType" : "NA",
      "answers" : [ ],
      "order" : 62.0,
      "abnormal" : true,
      "active" : true
    }, {
      "name" : "Pedal Edema Present",
      "uuid" : "cc23823e-2f67-4230-98d4-46d326548869",
      "dataType" : "NA",
      "answers" : [ ],
      "order" : 47.0,
      "abnormal" : true,
      "active" : true
    }, {
      "name" : "Irregular abdominal girth increase",
      "uuid" : "701b5f95-0a7a-453e-8bcd-282af4d2dc97",
      "dataType" : "NA",
      "answers" : [ ],
      "order" : 72.0,
      "abnormal" : true,
      "active" : true
    }, {
      "name" : "Youngest child Less than 1 Year Old",
      "uuid" : "49350a36-a442-47d2-bf96-2ecbe8fd1cc5",
      "dataType" : "NA",
      "answers" : [ ],
      "order" : 20.0,
      "abnormal" : true,
      "active" : true
    }, {
      "name" : "Diabetes",
      "uuid" : "674f348f-5075-4c85-8bc2-9edfdee27505",
      "dataType" : "NA",
      "answers" : [ ],
      "order" : 60.0,
      "abnormal" : true,
      "active" : true
    }, {
      "name" : "Abnormal Liquour",
      "uuid" : "b52921f9-5450-4a99-a172-02e9b33fbb3d",
      "dataType" : "NA",
      "answers" : [ ],
      "order" : 102.0,
      "abnormal" : true,
      "active" : true
    }, {
      "name" : "Flat Nipples",
      "uuid" : "9ba87237-ea3f-42f4-9bac-99fa5fcc9abc",
      "dataType" : "NA",
      "answers" : [ ],
      "order" : 96.0,
      "abnormal" : true,
      "active" : true
    }, {
      "name" : "Under age pregnancy",
      "uuid" : "edb0ec5e-56dc-4826-b922-52ed2e182fd8",
      "dataType" : "NA",
      "answers" : [ ],
      "order" : 45.0,
      "abnormal" : true,
      "active" : true
    }, {
      "name" : "Previous Pre Eclampsia/ Eclampsia",
      "uuid" : "5d0ba446-65b7-4704-b435-6071bf49bcd0",
      "dataType" : "NA",
      "answers" : [ ],
      "order" : 54.0,
      "abnormal" : true,
      "active" : true
    }, {
      "name" : "Foetal heart sound absent",
      "uuid" : "b85fce4e-aace-47df-898f-3f574f7587ae",
      "dataType" : "NA",
      "answers" : [ ],
      "order" : 38.0,
      "abnormal" : true,
      "active" : true
    }, {
      "name" : "Previous Prolonged labour",
      "uuid" : "24bd28bc-9301-446f-94c0-9264bf3e4cd8",
      "dataType" : "NA",
      "answers" : [ ],
      "order" : 27.0,
      "abnormal" : true,
      "active" : true
    }, {
      "name" : "Epilepsy",
      "uuid" : "a34bf7a0-4d55-41fa-855a-0b8094f369f7",
      "dataType" : "NA",
      "answers" : [ ],
      "order" : 79.0,
      "abnormal" : true,
      "active" : true
    }, {
      "name" : "Rh Negative Blood Group",
      "uuid" : "0c3353c3-f4c9-4028-9cd0-bde9a317927b",
      "dataType" : "NA",
      "answers" : [ ],
      "order" : 7.0,
      "abnormal" : true,
      "active" : true
    }, {
      "name" : "Multiple Births",
      "uuid" : "b5719e3e-db9c-49c1-af0c-3047b1b9c57a",
      "dataType" : "NA",
      "answers" : [ ],
      "order" : 5.0,
      "abnormal" : true,
      "active" : true
    }, {
      "name" : "Weight Gain Per Month more than 1.5kg",
      "uuid" : "4d95ca6e-f2a1-42bd-b52b-44fd8e853d63",
      "dataType" : "NA",
      "answers" : [ ],
      "order" : 36.0,
      "abnormal" : true,
      "active" : true
    }, {
      "name" : "TB",
      "uuid" : "ca8a5f57-c409-47ad-8acf-921cdd0fc191",
      "dataType" : "NA",
      "answers" : [ ],
      "order" : 107.0,
      "abnormal" : true,
      "active" : true
    }, {
      "name" : "Foetal movements absent",
      "uuid" : "8df37793-00cc-4d7e-9f4a-656216661a71",
      "dataType" : "NA",
      "answers" : [ ],
      "order" : 26.0,
      "abnormal" : true,
      "active" : true
    }, {
      "name" : "Foetal heart rate irregular",
      "uuid" : "dc3ed683-9e61-47be-899f-3c024ef2896f",
      "dataType" : "NA",
      "answers" : [ ],
      "order" : 28.0,
      "abnormal" : true,
      "active" : true
    }, {
      "name" : "Abnormal Urine Albumin",
      "uuid" : "834adde5-0f87-46a7-93eb-779130ba510e",
      "dataType" : "NA",
      "answers" : [ ],
      "order" : 55.0,
      "abnormal" : true,
      "active" : true
    }, {
      "name" : "Muscle tone Absent/Flexed arms and legs",
      "uuid" : "8701cdcf-5d23-4b05-8be0-310159758a4d",
      "dataType" : "NA",
      "answers" : [ ],
      "order" : 14.0,
      "abnormal" : true,
      "active" : true
    }, {
      "name" : "Abnormal Hb Electrophoresis",
      "uuid" : "e8b6e80e-2952-4ad8-8e8a-bb7299a13c7b",
      "dataType" : "NA",
      "answers" : [ ],
      "order" : 58.0,
      "abnormal" : true,
      "active" : true
    }, {
      "name" : "Colour of child is Pale or Blue",
      "uuid" : "73f97a3b-3b71-4b63-81f6-16976ee00aac",
      "dataType" : "NA",
      "answers" : [ ],
      "order" : 12.0,
      "abnormal" : true,
      "active" : true
    }, {
      "name" : "Pregnancy induced hypertension",
      "uuid" : "5a738df9-b09a-4e7d-b683-189a9cdabcad",
      "dataType" : "NA",
      "answers" : [ ],
      "order" : 71.0,
      "abnormal" : true,
      "active" : true
    }, {
      "name" : "Low BMI",
      "uuid" : "1faa1253-e4dd-48f1-aea2-c231390f9530",
      "dataType" : "NA",
      "answers" : [ ],
      "order" : 3.0,
      "abnormal" : true,
      "active" : true
    }, {
      "name" : "Foetal movements reduced",
      "uuid" : "2f9afed5-dccb-4a2e-b771-48e88e48c814",
      "dataType" : "NA",
      "answers" : [ ],
      "order" : 105.0,
      "abnormal" : true,
      "active" : true
    }, {
      "name" : "Abnormal Urine Sugar",
      "uuid" : "fd175971-d14e-429b-80ea-4700fa748251",
      "dataType" : "NA",
      "answers" : [ ],
      "order" : 29.0,
      "abnormal" : true,
      "active" : true
    }, {
      "name" : "Short Stature",
      "uuid" : "9af1e8e9-f16c-46de-8794-ac302444c63d",
      "dataType" : "NA",
      "answers" : [ ],
      "order" : 56.0,
      "abnormal" : true,
      "active" : true
    }, {
      "name" : "Low Pulse",
      "uuid" : "87f387a4-434c-45ee-9cbd-c17b310469a7",
      "dataType" : "NA",
      "answers" : [ ],
      "order" : 112.0,
      "abnormal" : true,
      "active" : true
    }, {
      "name" : "Superimposed Pre-Eclampsia",
      "uuid" : "f2e5ac5b-b0f8-4088-bc42-397a3885308f",
      "dataType" : "NA",
      "answers" : [ ],
      "order" : 92.0,
      "abnormal" : true,
      "active" : true
    }, {
      "name" : "High BMI",
      "uuid" : "f58ed8eb-1873-4cea-aab2-09cb8b48ada2",
      "dataType" : "NA",
      "answers" : [ ],
      "order" : 4.0,
      "abnormal" : true,
      "active" : true
    }, {
      "name" : "Blurred vision",
      "uuid" : "2367268e-5988-4db3-a0ca-19438bd5931c",
      "dataType" : "NA",
      "answers" : [ ],
      "order" : 94.0,
      "abnormal" : true,
      "active" : true
    }, {
      "name" : "Malpresentation",
      "uuid" : "96ec37c6-9572-4288-9220-2fe806093bde",
      "dataType" : "NA",
      "answers" : [ ],
      "order" : 90.0,
      "abnormal" : true,
      "active" : true
    }, {
      "name" : "Blurring of vision",
      "uuid" : "81671303-a09c-425f-aa4c-bdafd2de37d9",
      "dataType" : "NA",
      "answers" : [ ],
      "order" : 90.0,
      "abnormal" : true,
      "active" : true
    }, {
      "name" : "Foetal Movements Absent",
      "uuid" : "902df2a5-6403-4cb8-8732-e1e62bfa2364",
      "dataType" : "NA",
      "answers" : [ ],
      "order" : 37.0,
      "abnormal" : true,
      "active" : true
    }, {
      "name" : "Previous LSCS/C-section",
      "uuid" : "de5d06c1-df58-4e0f-949c-52100f769932",
      "dataType" : "NA",
      "answers" : [ ],
      "order" : 35.0,
      "abnormal" : true,
      "active" : true
    }, {
      "name" : "Previous Intrauterine Death",
      "uuid" : "217d0b53-0314-4a64-b710-82fc8fe1bf9c",
      "dataType" : "NA",
      "answers" : [ ],
      "order" : 30.0,
      "abnormal" : true,
      "active" : true
    }, {
      "name" : "Previous Still Birth",
      "uuid" : "937a4d2a-7e38-4ca5-8309-113199d4a27e",
      "dataType" : "NA",
      "answers" : [ ],
      "order" : 76.0,
      "abnormal" : true,
      "active" : true
    }, {
      "name" : "Essential Hypertension",
      "uuid" : "1f4227dc-a51f-4237-9217-37d4cea92efd",
      "dataType" : "NA",
      "answers" : [ ],
      "order" : 21.0,
      "abnormal" : true,
      "active" : true
    }, {
      "name" : "Severe headache",
      "uuid" : "5a6ab8bb-fb14-4747-a66e-3961d718a83e",
      "dataType" : "NA",
      "answers" : [ ],
      "order" : 101.0,
      "abnormal" : true,
      "active" : true
    }, {
      "name" : "Not Breast-fed within 1 hour of birth",
      "uuid" : "57f0b3c2-372e-4af7-8a0d-b23228f836db",
      "dataType" : "NA",
      "answers" : [ ],
      "order" : 10.0,
      "abnormal" : true,
      "active" : true
    }, {
      "name" : "Placenta Previa Present",
      "uuid" : "8afff549-a6b4-4eef-b229-b534be99e8e4",
      "dataType" : "NA",
      "answers" : [ ],
      "order" : 87.0,
      "abnormal" : true,
      "active" : true
    }, {
      "name" : "HIV/AIDS",
      "uuid" : "8425af99-4a07-4d99-97b2-cf955713a560",
      "dataType" : "NA",
      "answers" : [ ],
      "order" : 88.0,
      "abnormal" : true,
      "active" : true
    }, {
      "name" : "Morning Sickness",
      "uuid" : "2a2768ac-713b-4f74-85af-4a1fc5a832d1",
      "dataType" : "NA",
      "answers" : [ ],
      "order" : 61.0,
      "abnormal" : true,
      "active" : true
    }, {
      "name" : "High Pulse",
      "uuid" : "878c246d-4d2d-4a59-bcd4-fed33baa7814",
      "dataType" : "NA",
      "answers" : [ ],
      "order" : 113.0,
      "active" : true
    }, {
      "name" : "Hypothyroidism",
      "uuid" : "3972ed54-8d8f-45b7-8817-457cd161afec",
      "dataType" : "NA",
      "answers" : [ ],
      "order" : 4.0,
      "active" : true
    }, {
      "name" : "Hypertension",
      "uuid" : "998d1bae-05d8-47b9-89b8-0254829f238f",
      "dataType" : "NA",
      "answers" : [ ],
      "order" : 34.0,
      "abnormal" : true,
      "active" : true
    }, {
      "name" : "Miscarriage",
      "uuid" : "fb079822-6338-46fe-9919-112686850e2d",
      "dataType" : "NA",
      "answers" : [ ],
      "order" : 77.0,
      "abnormal" : true,
      "active" : true
    }, {
      "name" : "Malaria",
      "uuid" : "0dee2973-eebe-4699-b676-b770fdd1c411",
      "dataType" : "NA",
      "answers" : [ ],
      "order" : 64.0,
      "abnormal" : true,
      "active" : true
    }, {
      "name" : "Decreased Foetal movements",
      "uuid" : "d4276c48-2db2-494b-b041-97ffc1146c83",
      "dataType" : "Coded",
      "answers" : [ {
        "name" : "No",
        "uuid" : "e7b50c78-3d90-484d-a224-9887887780dc",
        "dataType" : "NA",
        "answers" : [ ],
        "order" : 2.0,
        "active" : true
      }, {
        "name" : "Yes",
        "uuid" : "04bb1773-c353-44a1-a68c-9b448e07ff70",
        "dataType" : "NA",
        "answers" : [ ],
        "order" : 1.0,
        "active" : true
      } ],
      "order" : 25.0,
      "abnormal" : true,
      "active" : true
    }, {
      "name" : "Previous Multiple Births",
      "uuid" : "6f969c17-cc0d-48cf-8ca4-835c02de4e1c",
      "dataType" : "NA",
      "answers" : [ ],
      "order" : 89.0,
      "abnormal" : true,
      "active" : true
    }, {
      "name" : "Primigravida",
      "uuid" : "5d406c89-a7fc-4ed9-9a85-c2f2f44c66fb",
      "dataType" : "NA",
      "answers" : [ ],
      "order" : 6.0,
      "abnormal" : true,
      "active" : true
    }, {
      "name" : "Icterus present",
      "uuid" : "bab23da4-603e-4f9e-a823-90cc785d8f2f",
      "dataType" : "NA",
      "answers" : [ ],
      "order" : 19.0,
      "abnormal" : true,
      "active" : true
    }, {
      "name" : "Jaundice",
      "uuid" : "352bb8a4-1569-492f-9a53-14e3b134c104",
      "dataType" : "NA",
      "answers" : [ ],
      "order" : 73.0,
      "abnormal" : true,
      "active" : true
    }, {
      "name" : "Old age pregnancy",
      "uuid" : "8021adee-ad70-4644-97c6-d0804851f8d3",
      "dataType" : "NA",
      "answers" : [ ],
      "order" : 106.0,
      "abnormal" : true,
      "active" : true
    }, {
      "name" : "Chronic Hypertension",
      "uuid" : "c1071344-deb9-4311-a397-b67b8a4bfecf",
      "dataType" : "NA",
      "answers" : [ ],
      "order" : 69.0,
      "abnormal" : true,
      "active" : true
    }, {
      "name" : "PV leaking",
      "uuid" : "f7a77870-e1c6-47b7-9d72-01eec4adf0f5",
      "dataType" : "NA",
      "answers" : [ ],
      "order" : 75.0,
      "abnormal" : true,
      "active" : true
    }, {
      "name" : "Pallor Present",
      "uuid" : "57c62191-910f-4d86-bb9d-ab0d9009a04d",
      "dataType" : "NA",
      "answers" : [ ],
      "order" : 86.0,
      "abnormal" : true,
      "active" : true
    }, {
      "name" : "Family history of thalessemia",
      "uuid" : "e7526d66-8661-43ee-9413-0987d8438d81",
      "dataType" : "NA",
      "answers" : [ ],
      "order" : 9.0,
      "active" : true
    }, {
      "name" : "High Respiratory Rate",
      "uuid" : "6af88b96-93bd-4283-815b-27bc9afae823",
      "dataType" : "NA",
      "answers" : [ ],
      "order" : 111.0,
      "abnormal" : true,
      "active" : true
    }, {
      "name" : "Underweight",
      "uuid" : "41b2db08-99a4-428c-a908-641330858b8a",
      "dataType" : "NA",
      "answers" : [ ],
      "order" : 84.0,
      "abnormal" : true,
      "active" : true
    }, {
      "name" : "Multiple foetuses",
      "uuid" : "c99f5dc0-7dc7-410c-bb4a-997666ac312b",
      "dataType" : "NA",
      "answers" : [ ],
      "order" : 39.0,
      "abnormal" : true,
      "active" : true
    }, {
      "name" : "Heart Disease",
      "uuid" : "89d2230c-7c64-4959-8835-bef4667f8428",
      "dataType" : "NA",
      "answers" : [ ],
      "order" : 83.0,
      "abnormal" : true,
      "active" : true
    }, {
      "name" : "History of hepatitis infection",
      "uuid" : "02275c43-a60c-47d0-9f72-5293316ec85e",
      "dataType" : "NA",
      "answers" : [ ],
      "order" : 1.0,
      "active" : true
    }, {
      "name" : "Previous Pre-term labour",
      "uuid" : "79a37abe-1a1d-41fc-9732-c95b7108553e",
      "dataType" : "NA",
      "answers" : [ ],
      "order" : 67.0,
      "abnormal" : true,
      "active" : true
    }, {
      "name" : "Age > 30",
      "uuid" : "9e66cbbd-3b24-4578-b423-6f3022298be6",
      "dataType" : "NA",
      "answers" : [ ],
      "order" : 9.0,
      "abnormal" : true,
      "active" : true
    }, {
      "name" : "Child born Underweight",
      "uuid" : "6914364e-6627-46bf-94c4-574d051e7fb4",
      "dataType" : "NA",
      "answers" : [ ],
      "order" : 2.0,
      "abnormal" : true,
      "active" : true
    }, {
      "name" : "Previous Abortion(s)",
      "uuid" : "af7ae32a-dc5f-4ac2-a372-1baa6edf0b53",
      "dataType" : "NA",
      "answers" : [ ],
      "order" : 70.0,
      "abnormal" : true,
      "active" : true
    }, {
      "name" : "Convulsions",
      "uuid" : "ab9596e4-04b6-48f2-9f4d-1c7a2c82dbf8",
      "dataType" : "Coded",
      "answers" : [ {
        "name" : "Absent",
        "uuid" : "10885638-561a-42b6-8b24-8daa01864c89",
        "dataType" : "NA",
        "answers" : [ ],
        "order" : 2.0,
        "active" : true
      }, {
        "name" : "Present",
        "uuid" : "57b51d52-981f-4af2-b133-aeffa6d00757",
        "dataType" : "NA",
        "answers" : [ ],
        "order" : 1.0,
        "abnormal" : true,
        "active" : true
      } ],
      "order" : 93.0,
      "abnormal" : true,
      "active" : true
    }, {
      "name" : "Sickle cell disease SS",
      "uuid" : "705b3ef7-e41a-4954-bc3f-9556eb002f3d",
      "dataType" : "NA",
      "answers" : [ ],
      "order" : 40.0,
      "abnormal" : true,
      "active" : true
    }, {
      "name" : "Irregular fundal height increase",
      "uuid" : "a88feab9-1f5d-4c83-a215-cd0ba44006f6",
      "dataType" : "NA",
      "answers" : [ ],
      "order" : 78.0,
      "abnormal" : true,
      "active" : true
    }, {
      "name" : "Irregular pulse",
      "uuid" : "d976d3c9-0c39-4faf-8544-f9a2273ea2d5",
      "dataType" : "NA",
      "answers" : [ ],
      "order" : 95.0,
      "abnormal" : true,
      "active" : true
    }, {
      "name" : "Severe Pre-Eclampsia",
      "uuid" : "e6b24a5c-00f2-46c7-aa67-5b460df5cc81",
      "dataType" : "NA",
      "answers" : [ ],
      "order" : 22.0,
      "abnormal" : true,
      "active" : true
    }, {
      "name" : "Severe Abdominal Pain",
      "uuid" : "5ba2d201-a120-4f2d-92e6-ca97d48b60b0",
      "dataType" : "NA",
      "answers" : [ ],
      "order" : 41.0,
      "abnormal" : true,
      "active" : true
    }, {
      "name" : "Age < 18",
      "uuid" : "331aee3f-0567-4f75-9efd-722f04606e75",
      "dataType" : "NA",
      "answers" : [ ],
      "order" : 8.0,
      "abnormal" : true,
      "active" : true
    }, {
      "name" : "Previous Neonatal death within first 28 days",
      "uuid" : "1b4f8d76-8272-4afe-ba1a-c277421d74d4",
      "dataType" : "NA",
      "answers" : [ ],
      "order" : 48.0,
      "abnormal" : true,
      "active" : true
    }, {
      "name" : "Post abortion complications",
      "uuid" : "8b757ad9-c413-4efa-af54-974f65e727ac",
      "dataType" : "NA",
      "answers" : [ ],
      "order" : 109.0,
      "abnormal" : true,
      "active" : true
    } ],
    "active" : true
  }, {
    "name" : "BMI",
    "uuid" : "7ac0d759-c50d-4971-88e0-84274224c839",
    "dataType" : "Numeric",
    "answers" : [ ],
    "lowNormal" : 18.5,
    "highNormal" : 24.9,
    "active" : true
  } ]
}