{
  "name" : "ANC",
  "uuid" : "3a95e9b0-731a-4714-ae7c-10e1d03cebfe",
  "formType" : "ProgramEncounter",
  "formElementGroups" : [ {
    "uuid" : "e2737f19-7f9a-4d12-bf02-c676091a09be",
    "name" : "ANC General",
    "displayOrder" : 1.0,
    "display" : "General",
    "formElements" : [ {
      "name" : "Have you enrolled in any government scheme?",
      "uuid" : "f95fedd2-1dc1-4952-91be-f08ef80e11c1",
      "keyValues" : [ ],
      "concept" : {
        "name" : "Have you enrolled in any government scheme?",
        "uuid" : "c10b6b0b-8223-4a4f-807c-57dc1eb44eef",
        "dataType" : "Coded",
        "answers" : [ {
          "name" : "Yes",
          "uuid" : "04bb1773-c353-44a1-a68c-9b448e07ff70",
          "dataType" : "NA",
          "answers" : [ ],
          "order" : 1.0,
          "active" : true
        }, {
          "name" : "No",
          "uuid" : "e7b50c78-3d90-484d-a224-9887887780dc",
          "dataType" : "NA",
          "answers" : [ ],
          "order" : 2.0,
          "active" : true
        } ],
        "active" : true
      },
      "displayOrder" : 1.0,
      "type" : "SingleSelect",
      "mandatory" : true,
      "voided" : true
    }, {
      "name" : "Weight",
      "uuid" : "3c38e7a2-f273-4a3c-a0c8-040e06401a87",
      "keyValues" : [ ],
      "concept" : {
        "name" : "Weight",
        "uuid" : "75b1656e-2777-4753-9612-ce03a766a5e1",
        "dataType" : "Numeric",
        "answers" : [ ],
        "lowAbsolute" : 0.0,
        "highAbsolute" : 300.0,
        "lowNormal" : 1.0,
        "highNormal" : 100.0,
        "active" : true
      },
      "displayOrder" : 2.0,
      "type" : "SingleSelect",
      "mandatory" : true,
      "voided" : true
    }, {
      "name" : "Weight",
      "uuid" : "ad2ccb56-1306-4e08-aed1-5c4e7689f5c1",
      "keyValues" : [ ],
      "concept" : {
        "name" : "Weight",
        "uuid" : "75b1656e-2777-4753-9612-ce03a766a5e1",
        "dataType" : "Numeric",
        "answers" : [ ],
        "lowAbsolute" : 0.0,
        "highAbsolute" : 300.0,
        "lowNormal" : 1.0,
        "highNormal" : 100.0,
        "active" : true
      },
      "displayOrder" : 3.0,
      "type" : "SingleSelect",
      "mandatory" : false
    }, {
      "name" : "Height",
      "uuid" : "a98581c6-99ac-43ac-ac7e-90f40d646a7f",
      "keyValues" : [ {
        "key" : "editable",
        "value" : false
      } ],
      "concept" : {
        "name" : "Height",
        "uuid" : "d883d5fe-e17d-4136-b989-089fa0295e34",
        "dataType" : "Numeric",
        "answers" : [ ],
        "lowAbsolute" : 20.0,
        "highAbsolute" : 300.0,
        "lowNormal" : 30.0,
        "highNormal" : 200.0,
        "active" : true
      },
      "displayOrder" : 4.0,
      "type" : "SingleSelect",
      "rule" : "'use strict';\n({params, imports}) => {\n  const programEncounter = params.entity;\n  const moment = imports.moment;\n  const formElement = params.formElement;\n  const _ = imports.lodash;\n  let visibility = true;\n  let value = null;\n  let answersToSkip = [];\n  let validationErrors = [];\n  \n  value = programEncounter.programEnrolment.getObservationReadableValue(\"Height\");\n    \n  return new imports.rulesConfig.FormElementStatus(formElement.uuid, visibility, value, answersToSkip, validationErrors);\n};",
      "mandatory" : false
    }, {
      "name" : "BMI",
      "uuid" : "fe3a208c-41b4-45b4-82f0-39ad78b2b17a",
      "keyValues" : [ {
        "key" : "editable",
        "value" : false
      } ],
      "concept" : {
        "name" : "BMI",
        "uuid" : "7ac0d759-c50d-4971-88e0-84274224c839",
        "dataType" : "Numeric",
        "answers" : [ ],
        "lowNormal" : 18.5,
        "highNormal" : 24.9,
        "active" : true
      },
      "displayOrder" : 5.0,
      "type" : "SingleSelect",
      "mandatory" : false
    }, {
      "name" : "Nutrients",
      "uuid" : "b4198c4d-cf9c-419c-b2c7-009a308367fc",
      "keyValues" : [ ],
      "concept" : {
        "name" : "Nutrients",
        "uuid" : "e1754fdb-1015-4d9e-a6e1-3b9dc8fc0317",
        "dataType" : "Coded",
        "answers" : [ {
          "name" : "Iron",
          "uuid" : "e5a11f2d-85c7-475c-99f9-4057005d172d",
          "dataType" : "Coded",
          "answers" : [ {
            "name" : "Yes",
            "uuid" : "04bb1773-c353-44a1-a68c-9b448e07ff70",
            "dataType" : "NA",
            "answers" : [ ],
            "order" : 1.0,
            "active" : true
          }, {
            "name" : "No",
            "uuid" : "e7b50c78-3d90-484d-a224-9887887780dc",
            "dataType" : "NA",
            "answers" : [ ],
            "order" : 2.0,
            "active" : true
          } ],
          "order" : 2.0,
          "active" : true
        }, {
          "name" : "Vitamin intake",
          "uuid" : "78509061-12c1-480f-9ed3-2a5b4b02e6d7",
          "dataType" : "Coded",
          "answers" : [ {
            "name" : "No",
            "uuid" : "e7b50c78-3d90-484d-a224-9887887780dc",
            "dataType" : "NA",
            "answers" : [ ],
            "order" : 2.0,
            "active" : true
          }, {
            "name" : "Yes",
            "uuid" : "04bb1773-c353-44a1-a68c-9b448e07ff70",
            "dataType" : "NA",
            "answers" : [ ],
            "order" : 1.0,
            "active" : true
          } ],
          "order" : 1.0,
          "active" : true
        }, {
          "name" : "Calcium",
          "uuid" : "f16747ff-2a3d-4878-90cd-8f21e3fb59b9",
          "dataType" : "Coded",
          "answers" : [ {
            "name" : "Yes",
            "uuid" : "04bb1773-c353-44a1-a68c-9b448e07ff70",
            "dataType" : "NA",
            "answers" : [ ],
            "order" : 1.0,
            "active" : true
          }, {
            "name" : "No",
            "uuid" : "e7b50c78-3d90-484d-a224-9887887780dc",
            "dataType" : "NA",
            "answers" : [ ],
            "order" : 2.0,
            "active" : true
          } ],
          "order" : 3.0,
          "active" : true
        } ],
        "active" : true
      },
      "displayOrder" : 6.0,
      "type" : "MultiSelect",
      "mandatory" : false
    } ],
    "timed" : false
  }, {
    "uuid" : "139162e9-1da5-4a8d-a8b3-3ed870de110b",
    "name" : "ANC Pregnancy Complications",
    "displayOrder" : 2.0,
    "display" : "Pregnancy Complications",
    "formElements" : [ {
      "name" : "Has she been dealing with any complications?",
      "uuid" : "4baa133c-82c5-40c6-96dc-cae8c9e10ab9",
      "keyValues" : [ ],
      "concept" : {
        "name" : "Pregnancy complications",
        "uuid" : "0adc4170-9ebb-4feb-8b81-450fbf9a04dc",
        "dataType" : "Coded",
        "answers" : [ {
          "name" : "High Temperature",
          "uuid" : "eb1ec712-8a28-4511-ba59-4254ad301700",
          "dataType" : "NA",
          "answers" : [ ],
          "order" : 3.0,
          "active" : true
        }, {
          "name" : "Severe headache",
          "uuid" : "5a6ab8bb-fb14-4747-a66e-3961d718a83e",
          "dataType" : "NA",
          "answers" : [ ],
          "order" : 10.0,
          "abnormal" : true,
          "active" : true
        }, {
          "name" : "Difficulty breathing",
          "uuid" : "fe8c09ce-4135-4092-a693-3ad9bd8edb44",
          "dataType" : "NA",
          "answers" : [ ],
          "order" : 7.0,
          "abnormal" : true,
          "active" : true
        }, {
          "name" : "Pain on urination",
          "uuid" : "97652252-0024-434d-8749-078b395fb6f2",
          "dataType" : "NA",
          "answers" : [ ],
          "order" : 5.0,
          "abnormal" : true,
          "active" : true
        }, {
          "name" : "Painful or difficult urination",
          "uuid" : "39379c57-8f29-4d46-a600-d28b90b963da",
          "dataType" : "NA",
          "answers" : [ ],
          "order" : 2.0,
          "abnormal" : true,
          "active" : true
        }, {
          "name" : "Excessive vomiting and inability to consume anything orally in last 24 hours",
          "uuid" : "7cdba040-6fad-4a43-8306-4a284178cf5d",
          "dataType" : "NA",
          "answers" : [ ],
          "order" : 4.0,
          "abnormal" : true,
          "active" : true
        }, {
          "name" : "Convulsions without fever",
          "uuid" : "132a04ad-3f76-462a-99d8-29144aa977a6",
          "dataType" : "NA",
          "answers" : [ ],
          "order" : 4.0,
          "abnormal" : true,
          "active" : true
        }, {
          "name" : "Convulsions",
          "uuid" : "ab9596e4-04b6-48f2-9f4d-1c7a2c82dbf8",
          "dataType" : "Coded",
          "answers" : [ {
            "name" : "Absent",
            "uuid" : "10885638-561a-42b6-8b24-8daa01864c89",
            "dataType" : "NA",
            "answers" : [ ],
            "order" : 2.0,
            "active" : true
          }, {
            "name" : "Present",
            "uuid" : "57b51d52-981f-4af2-b133-aeffa6d00757",
            "dataType" : "NA",
            "answers" : [ ],
            "order" : 1.0,
            "abnormal" : true,
            "active" : true
          } ],
          "order" : 1.0,
          "active" : true
        }, {
          "name" : "Dizziness",
          "uuid" : "e9a1709b-41fe-4c6c-ab23-c325f71b394a",
          "dataType" : "NA",
          "answers" : [ ],
          "order" : 2.0,
          "abnormal" : true,
          "active" : true
        }, {
          "name" : "Fever",
          "uuid" : "0b7f3334-f81e-4d84-a13d-b35011e34456",
          "dataType" : "NA",
          "answers" : [ ],
          "order" : 5.0,
          "abnormal" : true,
          "active" : true
        }, {
          "name" : "PV leaking",
          "uuid" : "f7a77870-e1c6-47b7-9d72-01eec4adf0f5",
          "dataType" : "NA",
          "answers" : [ ],
          "order" : 12.0,
          "abnormal" : true,
          "active" : true
        }, {
          "name" : "Morning Sickness",
          "uuid" : "2a2768ac-713b-4f74-85af-4a1fc5a832d1",
          "dataType" : "NA",
          "answers" : [ ],
          "order" : 3.0,
          "abnormal" : true,
          "active" : true
        }, {
          "name" : "No problem",
          "uuid" : "855fb739-19d8-418d-a8ae-c1da977b7fa9",
          "dataType" : "NA",
          "answers" : [ ],
          "order" : 14.0,
          "unique" : true,
          "active" : true
        }, {
          "name" : "Blurring of vision",
          "uuid" : "81671303-a09c-425f-aa4c-bdafd2de37d9",
          "dataType" : "NA",
          "answers" : [ ],
          "order" : 6.0,
          "abnormal" : true,
          "active" : true
        }, {
          "name" : "Per vaginal bleeding",
          "uuid" : "79865f4d-1946-40b4-a823-28281fc58ba0",
          "dataType" : "NA",
          "answers" : [ ],
          "order" : 11.0,
          "abnormal" : true,
          "active" : true
        }, {
          "name" : "Excess fatigue",
          "uuid" : "b309f6d3-5db5-4415-8b26-84dd0689f55e",
          "dataType" : "NA",
          "answers" : [ ],
          "order" : 3.0,
          "abnormal" : true,
          "active" : true
        }, {
          "name" : "Abnormal vaginal discharge",
          "uuid" : "aa30fb91-4b64-438b-b09e-4c7ff2701d71",
          "dataType" : "NA",
          "answers" : [ ],
          "order" : 1.0,
          "active" : true
        }, {
          "name" : "Other",
          "uuid" : "05ea583c-51d2-412d-ad00-06c432ffe538",
          "dataType" : "NA",
          "answers" : [ ],
          "order" : 13.0,
          "abnormal" : true,
          "active" : true
        }, {
          "name" : "Decreased Foetal movements",
          "uuid" : "d4276c48-2db2-494b-b041-97ffc1146c83",
          "dataType" : "Coded",
          "answers" : [ {
            "name" : "No",
            "uuid" : "e7b50c78-3d90-484d-a224-9887887780dc",
            "dataType" : "NA",
            "answers" : [ ],
            "order" : 2.0,
            "active" : true
          }, {
            "name" : "Yes",
            "uuid" : "04bb1773-c353-44a1-a68c-9b448e07ff70",
            "dataType" : "NA",
            "answers" : [ ],
            "order" : 1.0,
            "active" : true
          } ],
          "order" : 9.0,
          "abnormal" : true,
          "active" : true
        }, {
          "name" : "Severe Abdominal Pain",
          "uuid" : "5ba2d201-a120-4f2d-92e6-ca97d48b60b0",
          "dataType" : "NA",
          "answers" : [ ],
          "order" : 6.0,
          "abnormal" : true,
          "active" : true
        }, {
          "name" : "Blurred vision",
          "uuid" : "2367268e-5988-4db3-a0ca-19438bd5931c",
          "dataType" : "NA",
          "answers" : [ ],
          "order" : 8.0,
          "abnormal" : true,
          "active" : true
        }, {
          "name" : "Moderate ankle, body or face swelling",
          "uuid" : "a3d14ff5-8142-436d-99fb-eb84dd6d489e",
          "dataType" : "NA",
          "answers" : [ ],
          "order" : 1.0,
          "abnormal" : true,
          "active" : true
        } ],
        "active" : true
      },
      "displayOrder" : 1.0,
      "type" : "MultiSelect",
      "mandatory" : true,
      "voided" : true
    }, {
      "name" : "Other complications?",
      "uuid" : "20a01e2f-cbb4-4bf4-853b-20c871f0004d",
      "keyValues" : [ ],
      "concept" : {
        "name" : "Other pregnancy complications",
        "uuid" : "9ab68204-6336-4074-b99b-7de20549be3b",
        "dataType" : "Text",
        "answers" : [ ],
        "active" : true
      },
      "displayOrder" : 2.0,
      "type" : "SingleSelect",
      "mandatory" : true,
      "voided" : true
    } ],
    "timed" : false
  }, {
    "uuid" : "614d66d9-6993-4dd7-9a90-44cb2e4b29da",
    "name" : "Chief Complications",
    "displayOrder" : 3.0,
    "display" : "Chief Complications",
    "formElements" : [ {
      "name" : "Pregnancy complications",
      "uuid" : "57ed2b84-8b2b-4cc7-8342-5f5f8bee763c",
      "keyValues" : [ ],
      "concept" : {
        "name" : "Pregnancy complications",
        "uuid" : "0adc4170-9ebb-4feb-8b81-450fbf9a04dc",
        "dataType" : "Coded",
        "answers" : [ {
          "name" : "High Temperature",
          "uuid" : "eb1ec712-8a28-4511-ba59-4254ad301700",
          "dataType" : "NA",
          "answers" : [ ],
          "order" : 3.0,
          "active" : true
        }, {
          "name" : "Severe headache",
          "uuid" : "5a6ab8bb-fb14-4747-a66e-3961d718a83e",
          "dataType" : "NA",
          "answers" : [ ],
          "order" : 10.0,
          "abnormal" : true,
          "active" : true
        }, {
          "name" : "Difficulty breathing",
          "uuid" : "fe8c09ce-4135-4092-a693-3ad9bd8edb44",
          "dataType" : "NA",
          "answers" : [ ],
          "order" : 7.0,
          "abnormal" : true,
          "active" : true
        }, {
          "name" : "Pain on urination",
          "uuid" : "97652252-0024-434d-8749-078b395fb6f2",
          "dataType" : "NA",
          "answers" : [ ],
          "order" : 5.0,
          "abnormal" : true,
          "active" : true
        }, {
          "name" : "Painful or difficult urination",
          "uuid" : "39379c57-8f29-4d46-a600-d28b90b963da",
          "dataType" : "NA",
          "answers" : [ ],
          "order" : 2.0,
          "abnormal" : true,
          "active" : true
        }, {
          "name" : "Excessive vomiting and inability to consume anything orally in last 24 hours",
          "uuid" : "7cdba040-6fad-4a43-8306-4a284178cf5d",
          "dataType" : "NA",
          "answers" : [ ],
          "order" : 4.0,
          "abnormal" : true,
          "active" : true
        }, {
          "name" : "Convulsions without fever",
          "uuid" : "132a04ad-3f76-462a-99d8-29144aa977a6",
          "dataType" : "NA",
          "answers" : [ ],
          "order" : 4.0,
          "abnormal" : true,
          "active" : true
        }, {
          "name" : "Convulsions",
          "uuid" : "ab9596e4-04b6-48f2-9f4d-1c7a2c82dbf8",
          "dataType" : "Coded",
          "answers" : [ {
            "name" : "Absent",
            "uuid" : "10885638-561a-42b6-8b24-8daa01864c89",
            "dataType" : "NA",
            "answers" : [ ],
            "order" : 2.0,
            "active" : true
          }, {
            "name" : "Present",
            "uuid" : "57b51d52-981f-4af2-b133-aeffa6d00757",
            "dataType" : "NA",
            "answers" : [ ],
            "order" : 1.0,
            "abnormal" : true,
            "active" : true
          } ],
          "order" : 1.0,
          "active" : true
        }, {
          "name" : "Dizziness",
          "uuid" : "e9a1709b-41fe-4c6c-ab23-c325f71b394a",
          "dataType" : "NA",
          "answers" : [ ],
          "order" : 2.0,
          "abnormal" : true,
          "active" : true
        }, {
          "name" : "Fever",
          "uuid" : "0b7f3334-f81e-4d84-a13d-b35011e34456",
          "dataType" : "NA",
          "answers" : [ ],
          "order" : 5.0,
          "abnormal" : true,
          "active" : true
        }, {
          "name" : "PV leaking",
          "uuid" : "f7a77870-e1c6-47b7-9d72-01eec4adf0f5",
          "dataType" : "NA",
          "answers" : [ ],
          "order" : 12.0,
          "abnormal" : true,
          "active" : true
        }, {
          "name" : "Morning Sickness",
          "uuid" : "2a2768ac-713b-4f74-85af-4a1fc5a832d1",
          "dataType" : "NA",
          "answers" : [ ],
          "order" : 3.0,
          "abnormal" : true,
          "active" : true
        }, {
          "name" : "No problem",
          "uuid" : "855fb739-19d8-418d-a8ae-c1da977b7fa9",
          "dataType" : "NA",
          "answers" : [ ],
          "order" : 14.0,
          "unique" : true,
          "active" : true
        }, {
          "name" : "Blurring of vision",
          "uuid" : "81671303-a09c-425f-aa4c-bdafd2de37d9",
          "dataType" : "NA",
          "answers" : [ ],
          "order" : 6.0,
          "abnormal" : true,
          "active" : true
        }, {
          "name" : "Per vaginal bleeding",
          "uuid" : "79865f4d-1946-40b4-a823-28281fc58ba0",
          "dataType" : "NA",
          "answers" : [ ],
          "order" : 11.0,
          "abnormal" : true,
          "active" : true
        }, {
          "name" : "Excess fatigue",
          "uuid" : "b309f6d3-5db5-4415-8b26-84dd0689f55e",
          "dataType" : "NA",
          "answers" : [ ],
          "order" : 3.0,
          "abnormal" : true,
          "active" : true
        }, {
          "name" : "Abnormal vaginal discharge",
          "uuid" : "aa30fb91-4b64-438b-b09e-4c7ff2701d71",
          "dataType" : "NA",
          "answers" : [ ],
          "order" : 1.0,
          "active" : true
        }, {
          "name" : "Other",
          "uuid" : "05ea583c-51d2-412d-ad00-06c432ffe538",
          "dataType" : "NA",
          "answers" : [ ],
          "order" : 13.0,
          "abnormal" : true,
          "active" : true
        }, {
          "name" : "Decreased Foetal movements",
          "uuid" : "d4276c48-2db2-494b-b041-97ffc1146c83",
          "dataType" : "Coded",
          "answers" : [ {
            "name" : "No",
            "uuid" : "e7b50c78-3d90-484d-a224-9887887780dc",
            "dataType" : "NA",
            "answers" : [ ],
            "order" : 2.0,
            "active" : true
          }, {
            "name" : "Yes",
            "uuid" : "04bb1773-c353-44a1-a68c-9b448e07ff70",
            "dataType" : "NA",
            "answers" : [ ],
            "order" : 1.0,
            "active" : true
          } ],
          "order" : 9.0,
          "abnormal" : true,
          "active" : true
        }, {
          "name" : "Severe Abdominal Pain",
          "uuid" : "5ba2d201-a120-4f2d-92e6-ca97d48b60b0",
          "dataType" : "NA",
          "answers" : [ ],
          "order" : 6.0,
          "abnormal" : true,
          "active" : true
        }, {
          "name" : "Blurred vision",
          "uuid" : "2367268e-5988-4db3-a0ca-19438bd5931c",
          "dataType" : "NA",
          "answers" : [ ],
          "order" : 8.0,
          "abnormal" : true,
          "active" : true
        }, {
          "name" : "Moderate ankle, body or face swelling",
          "uuid" : "a3d14ff5-8142-436d-99fb-eb84dd6d489e",
          "dataType" : "NA",
          "answers" : [ ],
          "order" : 1.0,
          "abnormal" : true,
          "active" : true
        } ],
        "active" : true
      },
      "displayOrder" : 1.0,
      "type" : "MultiSelect",
      "rule" : "'use strict';\n({params, imports}) => {\n  const programEncounter = params.entity;\n  const formElement = params.formElement;\n  const statusBuilder = new imports.rulesConfig.FormElementStatusBuilder({programEncounter, formElement});\n  statusBuilder.skipAnswers('Convulsions');\n  return statusBuilder.build();\n};",
      "mandatory" : true
    }, {
      "name" : "Other pregnancy complications",
      "uuid" : "a3746db3-4814-495e-875e-274ffd4ecab4",
      "keyValues" : [ ],
      "concept" : {
        "name" : "Other pregnancy complaints",
        "uuid" : "dc9d9866-a797-4c3f-b26b-e34d628825d8",
        "dataType" : "Text",
        "answers" : [ ],
        "active" : true
      },
      "displayOrder" : 2.0,
      "type" : "SingleSelect",
      "rule" : "//SAMPLE RULE EXAMPLE\n'use strict';\n({params, imports}) => {\n  const programEncounter = params.entity;\n  const formElement = params.formElement;\n  const statusBuilder = new imports.rulesConfig.FormElementStatusBuilder({programEncounter, formElement});\n  statusBuilder.show().when.valueInEncounter('Pregnancy complications').containsAnyAnswerConceptName('Other');\n  return statusBuilder.build();\n};",
      "mandatory" : true
    }, {
      "name" : "Other chief complaints",
      "uuid" : "39d64c6a-c0a7-4ba3-b895-ed8f6ab5d3bd",
      "keyValues" : [ ],
      "concept" : {
        "name" : "Other chief complaints",
        "uuid" : "0d9cc8ee-fd6e-4516-aa16-bf158edee132",
        "dataType" : "Text",
        "answers" : [ ],
        "active" : true
      },
      "displayOrder" : 3.0,
      "type" : "SingleSelect",
      "mandatory" : false
    } ],
    "timed" : false
  }, {
    "uuid" : "be638034-24b1-4cb1-82bf-a2703adacfcf",
    "name" : "Assessment",
    "displayOrder" : 4.0,
    "display" : "Assessment",
    "formElements" : [ {
      "name" : "Assessment",
      "uuid" : "f526f76b-7b0f-4a34-beb2-e709db8b1a7d",
      "keyValues" : [ ],
      "concept" : {
        "name" : "Assessment - Notes",
        "uuid" : "7d50833d-4823-4ef2-be52-8b360e75598e",
        "dataType" : "Notes",
        "answers" : [ ],
        "active" : true
      },
      "displayOrder" : 1.0,
      "type" : "SingleSelect",
      "mandatory" : false
    }, {
      "name" : "Diagnosis",
      "uuid" : "746e399d-acbc-4684-a960-cd295fc64d6e",
      "keyValues" : [ ],
      "concept" : {
        "name" : "Assessment - Diagnosis",
        "uuid" : "c4b3cee7-e338-4cc5-9027-d105495afbc5",
        "dataType" : "Text",
        "answers" : [ ],
        "active" : true
      },
      "displayOrder" : 2.0,
      "type" : "SingleSelect",
      "mandatory" : false
    }, {
      "name" : "Medicine & frequency",
      "uuid" : "6cbc97eb-e0cf-4307-8abf-799b53fea489",
      "keyValues" : [ ],
      "concept" : {
        "name" : "Assessment - Medicine & frequency",
        "uuid" : "9e2f03e4-d504-406c-8da7-27eb33e2e298",
        "dataType" : "Notes",
        "answers" : [ ],
        "active" : true
      },
      "displayOrder" : 3.0,
      "type" : "SingleSelect",
      "mandatory" : false
    }, {
      "name" : "Lab tests advice",
      "uuid" : "5472a1b0-9eca-4dd5-8ffd-60fa8ae2afe0",
      "keyValues" : [ ],
      "concept" : {
        "name" : "Assessment - Lab tests advice",
        "uuid" : "b4096b8d-7b81-4fb6-989c-4a02189c20b6",
        "dataType" : "Notes",
        "answers" : [ ],
        "active" : true
      },
      "displayOrder" : 4.0,
      "type" : "SingleSelect",
      "mandatory" : false
    }, {
      "name" : "Clinical advice",
      "uuid" : "ae883a79-4f60-41ed-b91f-97d21d4afcc5",
      "keyValues" : [ ],
      "concept" : {
        "name" : "Assessment - Clinical advice",
        "uuid" : "f4b308d3-24a7-4f4a-b06c-bb5432ab989e",
        "dataType" : "Notes",
        "answers" : [ ],
        "active" : true
      },
      "displayOrder" : 5.0,
      "type" : "SingleSelect",
      "mandatory" : false
    } ],
    "timed" : false
  }, {
    "uuid" : "29442afc-bda1-4eb6-86d0-a28916574792",
    "name" : "GPAL",
    "displayOrder" : 5.0,
    "display" : "GPAL",
    "formElements" : [ {
      "name" : "Gravida",
      "uuid" : "5bedff69-b7c7-48b5-b76a-575fb8c8f54b",
      "keyValues" : [ ],
      "concept" : {
        "name" : "Gravida",
        "uuid" : "dc2c23e9-19ad-471f-81d1-213069ccc975",
        "dataType" : "Numeric",
        "answers" : [ ],
        "active" : true
      },
      "displayOrder" : 1.0,
      "type" : "SingleSelect",
      "validFormat" : {
        "regex" : "^[0-9]$",
        "descriptionKey" : "Required1Digit"
      },
      "mandatory" : false
    }, {
      "name" : "Para",
      "uuid" : "e08378d3-c783-4fa4-b0e3-4db787885b8f",
      "keyValues" : [ ],
      "concept" : {
        "name" : "Para",
        "uuid" : "62a1bac8-6bd8-4cb7-9482-97716928cfe8",
        "dataType" : "Numeric",
        "answers" : [ ],
        "active" : true
      },
      "displayOrder" : 2.0,
      "type" : "SingleSelect",
      "validFormat" : {
        "regex" : "^[0-9]$",
        "descriptionKey" : "Required1Digit"
      },
      "mandatory" : false
    }, {
      "name" : "Abortions",
      "uuid" : "58e4214a-ac8e-417b-9f71-75f65a93fecb",
      "keyValues" : [ ],
      "concept" : {
        "name" : "Abortions",
        "uuid" : "f8321cb3-df3b-4cec-92ae-8eed77c059e3",
        "dataType" : "Numeric",
        "answers" : [ ],
        "active" : true
      },
      "displayOrder" : 3.0,
      "type" : "SingleSelect",
      "validFormat" : {
        "regex" : "^[0-9]$",
        "descriptionKey" : "Required1Digit"
      },
      "mandatory" : false
    }, {
      "name" : "Living",
      "uuid" : "1b825b8d-31d6-4b6a-aee0-01715c20d31a",
      "keyValues" : [ ],
      "concept" : {
        "name" : "Number of living children",
        "uuid" : "b3e9c088-90ed-45d9-8c99-102d1bda66e1",
        "dataType" : "Numeric",
        "answers" : [ ],
        "lowAbsolute" : 0.0,
        "active" : true
      },
      "displayOrder" : 4.0,
      "type" : "SingleSelect",
      "validFormat" : {
        "regex" : "^[0-9]$",
        "descriptionKey" : "Required1Digit"
      },
      "mandatory" : false
    } ],
    "timed" : false
  }, {
    "uuid" : "36debb83-db66-4da1-88c7-23c0dfc47649",
    "name" : "ANC Physical Examination",
    "displayOrder" : 6.0,
    "display" : "Physical Examination",
    "formElements" : [ {
      "name" : "Pedal Edema",
      "uuid" : "32bed768-4074-45c4-92a6-4bc27f43bbdc",
      "keyValues" : [ ],
      "concept" : {
        "name" : "Pedal Edema",
        "uuid" : "b441c480-1a19-4ad0-9d0a-196485aacf12",
        "dataType" : "Coded",
        "answers" : [ {
          "name" : "Present",
          "uuid" : "57b51d52-981f-4af2-b133-aeffa6d00757",
          "dataType" : "NA",
          "answers" : [ ],
          "order" : 1.0,
          "abnormal" : true,
          "active" : true
        }, {
          "name" : "Absent",
          "uuid" : "10885638-561a-42b6-8b24-8daa01864c89",
          "dataType" : "NA",
          "answers" : [ ],
          "order" : 2.0,
          "active" : true
        } ],
        "active" : true
      },
      "displayOrder" : 1.0,
      "type" : "SingleSelect",
      "mandatory" : true
    }, {
      "name" : "Pallor",
      "uuid" : "6b5f0898-6ea3-4395-91e2-6e415cada5ff",
      "keyValues" : [ ],
      "concept" : {
        "name" : "Pallor",
        "uuid" : "226f8715-563b-4a8b-8afa-f75cce2767af",
        "dataType" : "Coded",
        "answers" : [ {
          "name" : "Absent",
          "uuid" : "10885638-561a-42b6-8b24-8daa01864c89",
          "dataType" : "NA",
          "answers" : [ ],
          "order" : 2.0,
          "active" : true
        }, {
          "name" : "Present",
          "uuid" : "57b51d52-981f-4af2-b133-aeffa6d00757",
          "dataType" : "NA",
          "answers" : [ ],
          "order" : 1.0,
          "abnormal" : true,
          "active" : true
        } ],
        "active" : true
      },
      "displayOrder" : 2.0,
      "type" : "SingleSelect",
      "mandatory" : true
    }, {
      "name" : "Has she been having convulsions?",
      "uuid" : "e4511f13-5b2a-4df2-9e7b-72729c1f6923",
      "keyValues" : [ ],
      "concept" : {
        "name" : "Has she been having convulsions?",
        "uuid" : "4236230c-d109-4409-9acf-2925388ebad5",
        "dataType" : "Coded",
        "answers" : [ {
          "name" : "Present",
          "uuid" : "57b51d52-981f-4af2-b133-aeffa6d00757",
          "dataType" : "NA",
          "answers" : [ ],
          "order" : 1.0,
          "abnormal" : true,
          "active" : true
        }, {
          "name" : "Absent",
          "uuid" : "10885638-561a-42b6-8b24-8daa01864c89",
          "dataType" : "NA",
          "answers" : [ ],
          "order" : 2.0,
          "active" : true
        } ],
        "active" : true
      },
      "displayOrder" : 3.0,
      "type" : "SingleSelect",
      "mandatory" : true,
      "voided" : true
    }, {
      "name" : "Has she been having convulsions?",
      "uuid" : "2cb8dc9c-da40-49c2-989d-48e67697e703",
      "keyValues" : [ ],
      "concept" : {
        "name" : "Has she been having convulsions?",
        "uuid" : "4236230c-d109-4409-9acf-2925388ebad5",
        "dataType" : "Coded",
        "answers" : [ {
          "name" : "Present",
          "uuid" : "57b51d52-981f-4af2-b133-aeffa6d00757",
          "dataType" : "NA",
          "answers" : [ ],
          "order" : 1.0,
          "abnormal" : true,
          "active" : true
        }, {
          "name" : "Absent",
          "uuid" : "10885638-561a-42b6-8b24-8daa01864c89",
          "dataType" : "NA",
          "answers" : [ ],
          "order" : 2.0,
          "active" : true
        } ],
        "active" : true
      },
      "displayOrder" : 4.0,
      "type" : "SingleSelect",
      "mandatory" : false
    }, {
      "name" : "Jaundice (Icterus)",
      "uuid" : "a9a50a04-6e62-4398-b0ed-1039f82fe323",
      "keyValues" : [ ],
      "concept" : {
        "name" : "Jaundice (Icterus)",
        "uuid" : "78cb1fb0-9e7c-4012-872c-00589fda661d",
        "dataType" : "Coded",
        "answers" : [ {
          "name" : "Absent",
          "uuid" : "10885638-561a-42b6-8b24-8daa01864c89",
          "dataType" : "NA",
          "answers" : [ ],
          "order" : 2.0,
          "active" : true
        }, {
          "name" : "Present",
          "uuid" : "57b51d52-981f-4af2-b133-aeffa6d00757",
          "dataType" : "NA",
          "answers" : [ ],
          "order" : 1.0,
          "abnormal" : true,
          "active" : true
        } ],
        "active" : true
      },
      "displayOrder" : 5.0,
      "type" : "SingleSelect",
      "mandatory" : false
    }, {
      "name" : "Breast Examination - Nipple",
      "uuid" : "5682fc9d-a852-445d-9e8e-d67a1fa51266",
      "keyValues" : [ ],
      "concept" : {
        "name" : "Breast Examination - Nipple",
        "uuid" : "ed087798-7116-4817-ba84-caa02a23e1b7",
        "dataType" : "Coded",
        "answers" : [ {
          "name" : "Normal",
          "uuid" : "ba43b326-18a1-4f8d-ad04-29b0371461e0",
          "dataType" : "NA",
          "answers" : [ ],
          "order" : 1.0,
          "active" : true
        }, {
          "name" : "Flat",
          "uuid" : "040e37d2-12ff-465c-8bf2-990358805f11",
          "dataType" : "NA",
          "answers" : [ ],
          "order" : 3.0,
          "abnormal" : true,
          "active" : true
        }, {
          "name" : "Retracted",
          "uuid" : "3273b055-0222-44b6-b0a6-7d45fb4e1b33",
          "dataType" : "NA",
          "answers" : [ ],
          "order" : 2.0,
          "abnormal" : true,
          "active" : true
        } ],
        "active" : true
      },
      "displayOrder" : 6.0,
      "type" : "SingleSelect",
      "mandatory" : false
    } ],
    "timed" : false
  }, {
    "uuid" : "1ca46e2e-36bc-415b-ba50-9021588e676a",
    "name" : "Per Abdominal Examination",
    "displayOrder" : 7.0,
    "display" : "Per Abdominal Examination",
    "formElements" : [ {
      "name" : "Fundal Height",
      "uuid" : "e7a89295-3b62-403d-9690-814488bc0a3d",
      "keyValues" : [ ],
      "concept" : {
        "name" : "Fundal Height",
        "uuid" : "1e46713d-162d-4657-922d-1f458a3011a5",
        "dataType" : "Numeric",
        "answers" : [ ],
        "active" : true
      },
      "displayOrder" : 1.0,
      "type" : "SingleSelect",
      "mandatory" : true,
      "voided" : true
    }, {
      "name" : "Fundal Height",
      "uuid" : "a19b0a4c-4966-4ed2-97f5-f0c20f9ce15f",
      "keyValues" : [ ],
      "concept" : {
        "name" : "Fundal Height",
        "uuid" : "1e46713d-162d-4657-922d-1f458a3011a5",
        "dataType" : "Numeric",
        "answers" : [ ],
        "active" : true
      },
      "displayOrder" : 2.0,
      "type" : "SingleSelect",
      "rule" : "'use strict';\n({params, imports}) => {\n  const programEncounter = params.entity;\n  const formElement = params.formElement;\n  const statusBuilder = new imports.rulesConfig.FormElementStatusBuilder({programEncounter, formElement});\n  statusBuilder.show().whenItem(true).is.truthy;\n  return statusBuilder.build();\n};",
      "mandatory" : false
    }, {
      "name" : "Fundal height from pubic symphysis",
      "uuid" : "3170cf31-535c-4030-bec1-59229f26d81e",
      "keyValues" : [ ],
      "concept" : {
        "name" : "Fundal height from pubic symphysis",
        "uuid" : "fefe6bd1-8111-42dc-9be4-056ab0f5fd36",
        "dataType" : "Numeric",
        "answers" : [ ],
        "active" : true
      },
      "displayOrder" : 3.0,
      "type" : "SingleSelect",
      "mandatory" : true,
      "voided" : true
    }, {
      "name" : "Abdominal girth",
      "uuid" : "89136929-82c4-4e5c-a32f-5d00ef1ea4a4",
      "keyValues" : [ ],
      "concept" : {
        "name" : "Abdominal girth",
        "uuid" : "334c4434-eda2-4119-9005-0139c2f0418e",
        "dataType" : "Numeric",
        "answers" : [ ],
        "active" : true
      },
      "displayOrder" : 4.0,
      "type" : "SingleSelect",
      "mandatory" : true,
      "voided" : true
    }, {
      "name" : "Abdominal girth",
      "uuid" : "c26151fc-7f90-4e9f-88f4-374e0e10f4d1",
      "keyValues" : [ ],
      "concept" : {
        "name" : "Abdominal girth",
        "uuid" : "334c4434-eda2-4119-9005-0139c2f0418e",
        "dataType" : "Numeric",
        "answers" : [ ],
        "active" : true
      },
      "displayOrder" : 5.0,
      "type" : "SingleSelect",
      "rule" : "'use strict';\n({params, imports}) => {\n  const programEncounter = params.entity;\n  const formElement = params.formElement;\n  const statusBuilder = new imports.rulesConfig.FormElementStatusBuilder({programEncounter, formElement});\n  statusBuilder.show().whenItem(true).is.truthy;\n  return statusBuilder.build();\n};",
      "mandatory" : false
    }, {
      "name" : "Foetal movements",
      "uuid" : "2440a24d-74ad-457a-813b-cce5dfedc136",
      "keyValues" : [ ],
      "concept" : {
        "name" : "Foetal movements",
        "uuid" : "f90bb5df-c7fa-4266-8141-3534f3e47e6c",
        "dataType" : "Coded",
        "answers" : [ {
          "name" : "No",
          "uuid" : "e7b50c78-3d90-484d-a224-9887887780dc",
          "dataType" : "NA",
          "answers" : [ ],
          "order" : 2.0,
          "active" : true
        }, {
          "name" : "NA",
          "uuid" : "4d476011-7fc4-432b-98c0-9f6f1847cf39",
          "dataType" : "NA",
          "answers" : [ ],
          "order" : 4.0,
          "active" : true
        }, {
          "name" : "Yes",
          "uuid" : "04bb1773-c353-44a1-a68c-9b448e07ff70",
          "dataType" : "NA",
          "answers" : [ ],
          "order" : 1.0,
          "active" : true
        }, {
          "name" : "Reduced",
          "uuid" : "cc933b72-291f-41c3-a5c2-53cfc9966a63",
          "dataType" : "NA",
          "answers" : [ ],
          "order" : 3.0,
          "abnormal" : true,
          "active" : true
        }, {
          "name" : "Normal",
          "uuid" : "ba43b326-18a1-4f8d-ad04-29b0371461e0",
          "dataType" : "NA",
          "answers" : [ ],
          "order" : 2.0,
          "active" : true
        }, {
          "name" : "Absent",
          "uuid" : "10885638-561a-42b6-8b24-8daa01864c89",
          "dataType" : "NA",
          "answers" : [ ],
          "order" : 1.0,
          "abnormal" : true,
          "active" : true
        } ],
        "active" : true
      },
      "displayOrder" : 6.0,
      "type" : "SingleSelect",
      "rule" : "'use strict';\n({params, imports}) => {\n  const programEncounter = params.entity;\n  const formElement = params.formElement;\n  const statusBuilder = new imports.rulesConfig.FormElementStatusBuilder({programEncounter, formElement});\n  statusBuilder.show().whenItem(true).is.truthy;\n  return statusBuilder.build();\n};",
      "mandatory" : false
    }, {
      "name" : "Foetal Heart Sound",
      "uuid" : "c30e4c6c-a823-47ff-8c8c-328f89a2587f",
      "keyValues" : [ ],
      "concept" : {
        "name" : "Foetal Heart Sound",
        "uuid" : "b32881ad-45e7-4c16-b072-9d75929e6873",
        "dataType" : "Coded",
        "answers" : [ {
          "name" : "Present and Regular",
          "uuid" : "45b86f84-aeb9-474d-bef8-df986c0a0927",
          "dataType" : "NA",
          "answers" : [ ],
          "order" : 1.0,
          "active" : true
        }, {
          "name" : "Present",
          "uuid" : "57b51d52-981f-4af2-b133-aeffa6d00757",
          "dataType" : "NA",
          "answers" : [ ],
          "order" : 1.0,
          "active" : true
        }, {
          "name" : "Present and Irregular",
          "uuid" : "5576ac3f-5492-4956-9934-801f06f1ca13",
          "dataType" : "NA",
          "answers" : [ ],
          "order" : 2.0,
          "active" : true
        }, {
          "name" : "Absent",
          "uuid" : "10885638-561a-42b6-8b24-8daa01864c89",
          "dataType" : "NA",
          "answers" : [ ],
          "order" : 3.0,
          "abnormal" : true,
          "active" : true
        } ],
        "active" : true
      },
      "displayOrder" : 7.0,
      "type" : "SingleSelect",
      "rule" : "'use strict';\n({params, imports}) => {\n  const programEncounter = params.entity;\n  const formElement = params.formElement;\n  const statusBuilder = new imports.rulesConfig.FormElementStatusBuilder({programEncounter, formElement});\n  statusBuilder.show().whenItem(true).is.truthy;\n  return statusBuilder.build();\n};",
      "mandatory" : false
    }, {
      "name" : "Foetal Heart Rate",
      "uuid" : "bcda771b-c8e2-4931-aa8a-13c9d340718c",
      "keyValues" : [ ],
      "concept" : {
        "name" : "Foetal Heart Rate",
        "uuid" : "77ee9c20-d074-4cbe-a5bd-a1ca9d6ecce9",
        "dataType" : "Numeric",
        "answers" : [ ],
        "lowNormal" : 120.0,
        "highNormal" : 160.0,
        "active" : true
      },
      "displayOrder" : 8.0,
      "type" : "SingleSelect",
      "rule" : "'use strict';\n({params, imports}) => {\n  const programEncounter = params.entity;\n  const formElement = params.formElement;\n  const statusBuilder = new imports.rulesConfig.FormElementStatusBuilder({programEncounter, formElement});\n  statusBuilder.show().whenItem(true).is.truthy;\n  return statusBuilder.build();\n};",
      "mandatory" : false
    } ],
    "timed" : false
  }, {
    "uuid" : "cb8b6812-b58b-428d-afbd-7f53748c684d",
    "name" : "ANC Mother Vitals",
    "displayOrder" : 8.0,
    "display" : "Vitals",
    "formElements" : [ {
      "name" : "Systolic",
      "uuid" : "972a7890-4fa9-42c8-b4b8-fe8583c5ae80",
      "keyValues" : [ ],
      "concept" : {
        "name" : "Systolic",
        "uuid" : "2a04bf88-6346-4eda-a86c-8a2afc011b22",
        "dataType" : "Numeric",
        "answers" : [ ],
        "lowAbsolute" : 20.0,
        "highAbsolute" : 190.0,
        "lowNormal" : 90.0,
        "highNormal" : 140.0,
        "active" : true
      },
      "displayOrder" : 1.0,
      "type" : "SingleSelect",
      "mandatory" : true
    }, {
      "name" : "Diastolic",
      "uuid" : "c253083f-a2f9-4bec-a07f-8883637125db",
      "keyValues" : [ ],
      "concept" : {
        "name" : "Diastolic",
        "uuid" : "1e2d41a2-5b6a-4ad7-ab91-51d3cdf122bd",
        "dataType" : "Numeric",
        "answers" : [ ],
        "lowAbsolute" : 10.0,
        "highAbsolute" : 120.0,
        "lowNormal" : 50.0,
        "highNormal" : 90.0,
        "active" : true
      },
      "displayOrder" : 2.0,
      "type" : "SingleSelect",
      "mandatory" : true
    }, {
      "name" : "Pulse",
      "uuid" : "099dd8f5-ed61-4195-ba8c-2a9f26317642",
      "keyValues" : [ ],
      "concept" : {
        "name" : "Pulse",
        "uuid" : "2d3b8f90-6123-4dbf-b866-4f56ac7d24c8",
        "dataType" : "Numeric",
        "answers" : [ ],
        "lowNormal" : 60.0,
        "highNormal" : 100.0,
        "active" : true
      },
      "displayOrder" : 3.0,
      "type" : "SingleSelect",
      "mandatory" : true,
      "voided" : true
    }, {
      "name" : "Pulse",
      "uuid" : "714c9a3b-3d84-436e-bf77-35a6c72b38fb",
      "keyValues" : [ ],
      "concept" : {
        "name" : "Pulse",
        "uuid" : "2d3b8f90-6123-4dbf-b866-4f56ac7d24c8",
        "dataType" : "Numeric",
        "answers" : [ ],
        "lowNormal" : 60.0,
        "highNormal" : 100.0,
        "active" : true
      },
      "displayOrder" : 4.0,
      "type" : "SingleSelect",
      "mandatory" : false
    }, {
      "name" : "Respiratory Rate",
      "uuid" : "407b2857-e5cd-4805-9b2c-c43c2e819b04",
      "keyValues" : [ ],
      "concept" : {
        "name" : "Respiratory Rate",
        "uuid" : "70d617f9-3c14-4ec2-8d0f-97c837f6ab37",
        "dataType" : "Numeric",
        "answers" : [ ],
        "lowNormal" : 16.0,
        "highNormal" : 20.0,
        "active" : true
      },
      "displayOrder" : 5.0,
      "type" : "SingleSelect",
      "mandatory" : true,
      "voided" : true
    }, {
      "name" : "Respiratory Rate",
      "uuid" : "097c2cf6-fc18-425a-9409-86ce057e8347",
      "keyValues" : [ ],
      "concept" : {
        "name" : "Respiratory Rate",
        "uuid" : "70d617f9-3c14-4ec2-8d0f-97c837f6ab37",
        "dataType" : "Numeric",
        "answers" : [ ],
        "lowNormal" : 16.0,
        "highNormal" : 20.0,
        "active" : true
      },
      "displayOrder" : 6.0,
      "type" : "SingleSelect",
      "mandatory" : false
    }, {
      "name" : "Temperature",
      "uuid" : "86d906d2-f44f-4743-9044-f7b23df6d5d8",
      "keyValues" : [ ],
      "concept" : {
        "name" : "Temperature",
        "uuid" : "e6edb61c-c3d9-44c8-abf7-4fd09fe39ec9",
        "dataType" : "Numeric",
        "answers" : [ ],
        "lowNormal" : 97.0,
        "highNormal" : 99.0,
        "active" : true
      },
      "displayOrder" : 7.0,
      "type" : "SingleSelect",
      "mandatory" : true
    } ],
    "timed" : false
  }, {
    "uuid" : "07458686-88c5-448f-92ed-c150c0629b4f",
    "name" : "ANC Lab Diagnostics - Blood",
    "displayOrder" : 9.0,
    "display" : "Lab Diagnostics - Blood",
    "formElements" : [ {
      "name" : "Blood Examination Date",
      "uuid" : "4854821e-d478-4b95-afed-00b2c233ce41",
      "keyValues" : [ ],
      "concept" : {
        "name" : "Blood Examination Date",
        "uuid" : "63a1b5f2-f672-444a-b44b-c80819d85040",
        "dataType" : "Date",
        "answers" : [ ],
        "active" : true
      },
      "displayOrder" : 1.0,
      "type" : "SingleSelect",
      "mandatory" : false,
      "voided" : true
    }, {
      "name" : "Paracheck",
      "uuid" : "f09992f0-ef48-4fb8-ad08-0f9a718aee54",
      "keyValues" : [ ],
      "concept" : {
        "name" : "Paracheck",
        "uuid" : "10ac6d19-49f9-4ca1-8d26-aa4f1e9997c8",
        "dataType" : "Coded",
        "answers" : [ {
          "name" : "Positive for PF and PV",
          "uuid" : "9387a474-72ca-48b6-a608-bd3657c5d1ea",
          "dataType" : "NA",
          "answers" : [ ],
          "order" : 2.0,
          "abnormal" : true,
          "active" : true
        }, {
          "name" : "Negative",
          "uuid" : "ad1f0481-a8ed-411a-ac00-d0435a670269",
          "dataType" : "NA",
          "answers" : [ ],
          "order" : 4.0,
          "active" : true
        }, {
          "name" : "Positive for PF",
          "uuid" : "ed305c6f-3986-4346-9ae3-e21cbe0b55f7",
          "dataType" : "NA",
          "answers" : [ ],
          "order" : 1.0,
          "abnormal" : true,
          "active" : true
        }, {
          "name" : "Positive for PV",
          "uuid" : "662c40a4-2694-4b10-9388-1ddb2c53886b",
          "dataType" : "NA",
          "answers" : [ ],
          "order" : 3.0,
          "abnormal" : true,
          "active" : true
        } ],
        "active" : true
      },
      "displayOrder" : 2.0,
      "type" : "SingleSelect",
      "mandatory" : false,
      "voided" : true
    }, {
      "name" : "Hb",
      "uuid" : "549367fb-a795-472d-9ad2-06e281dfc17e",
      "keyValues" : [ ],
      "concept" : {
        "name" : "Hb",
        "uuid" : "f9ecabbc-2df2-4bfc-a6fa-aa417c50e11b",
        "dataType" : "Numeric",
        "answers" : [ ],
        "lowNormal" : 12.0,
        "highNormal" : 15.5,
        "active" : true
      },
      "displayOrder" : 3.0,
      "type" : "SingleSelect",
      "mandatory" : false,
      "voided" : true
    }, {
      "name" : "Blood Sugar",
      "uuid" : "53899c85-3e5e-45e8-ab03-e05d7d295e11",
      "keyValues" : [ ],
      "concept" : {
        "name" : "Blood Sugar",
        "uuid" : "d6bfbe2e-c301-4a26-8893-5236fd20f661",
        "dataType" : "Numeric",
        "answers" : [ ],
        "highNormal" : 139.0,
        "active" : true
      },
      "displayOrder" : 4.0,
      "type" : "SingleSelect",
      "mandatory" : false,
      "voided" : true
    }, {
      "name" : "VDRL",
      "uuid" : "bdab2e43-5e2c-43b9-bd1d-26707aa9806d",
      "keyValues" : [ ],
      "concept" : {
        "name" : "VDRL",
        "uuid" : "1bb4b646-d494-40d3-9d9b-7141b920e92e",
        "dataType" : "Coded",
        "answers" : [ {
          "name" : "Positive",
          "uuid" : "479cd95a-54ef-4818-b84a-09b478fc68b8",
          "dataType" : "NA",
          "answers" : [ ],
          "order" : 1.0,
          "abnormal" : true,
          "active" : true
        }, {
          "name" : "Negative",
          "uuid" : "ad1f0481-a8ed-411a-ac00-d0435a670269",
          "dataType" : "NA",
          "answers" : [ ],
          "order" : 2.0,
          "active" : true
        } ],
        "active" : true
      },
      "displayOrder" : 5.0,
      "type" : "SingleSelect",
      "mandatory" : false,
      "voided" : true
    }, {
      "name" : "HIV/AIDS Test",
      "uuid" : "44a88f6b-8b20-4a1b-835a-ad37193d7dc4",
      "keyValues" : [ ],
      "concept" : {
        "name" : "HIV/AIDS Test",
        "uuid" : "f5d77785-c9e1-421c-98f7-fb713aeef140",
        "dataType" : "Coded",
        "answers" : [ {
          "name" : "Positive",
          "uuid" : "479cd95a-54ef-4818-b84a-09b478fc68b8",
          "dataType" : "NA",
          "answers" : [ ],
          "order" : 1.0,
          "abnormal" : true,
          "active" : true
        }, {
          "name" : "Negative",
          "uuid" : "ad1f0481-a8ed-411a-ac00-d0435a670269",
          "dataType" : "NA",
          "answers" : [ ],
          "order" : 2.0,
          "active" : true
        } ],
        "active" : true
      },
      "displayOrder" : 6.0,
      "type" : "SingleSelect",
      "mandatory" : false,
      "voided" : true
    }, {
      "name" : "HbsAg",
      "uuid" : "63987b56-7200-4a0d-9db5-4f01470da996",
      "keyValues" : [ ],
      "concept" : {
        "name" : "HbsAg",
        "uuid" : "bf98b3dd-60e5-4af1-90b1-091cae84012b",
        "dataType" : "Coded",
        "answers" : [ {
          "name" : "Positive",
          "uuid" : "479cd95a-54ef-4818-b84a-09b478fc68b8",
          "dataType" : "NA",
          "answers" : [ ],
          "order" : 1.0,
          "abnormal" : true,
          "active" : true
        }, {
          "name" : "Negative",
          "uuid" : "ad1f0481-a8ed-411a-ac00-d0435a670269",
          "dataType" : "NA",
          "answers" : [ ],
          "order" : 2.0,
          "active" : true
        } ],
        "active" : true
      },
      "displayOrder" : 7.0,
      "type" : "SingleSelect",
      "mandatory" : false,
      "voided" : true
    }, {
      "name" : "Sickling Test",
      "uuid" : "b21c3ad3-d3df-4e3b-997a-d184a26a377d",
      "keyValues" : [ ],
      "concept" : {
        "name" : "Sickling Test",
        "uuid" : "b9e3bfc4-8688-44fb-8334-d9a480a50f6c",
        "dataType" : "Coded",
        "answers" : [ {
          "name" : "Positive",
          "uuid" : "479cd95a-54ef-4818-b84a-09b478fc68b8",
          "dataType" : "NA",
          "answers" : [ ],
          "order" : 1.0,
          "abnormal" : true,
          "active" : true
        }, {
          "name" : "Negative",
          "uuid" : "ad1f0481-a8ed-411a-ac00-d0435a670269",
          "dataType" : "NA",
          "answers" : [ ],
          "order" : 2.0,
          "active" : true
        } ],
        "active" : true
      },
      "displayOrder" : 8.0,
      "type" : "SingleSelect",
      "mandatory" : false,
      "voided" : true
    }, {
      "name" : "Hb Electrophoresis",
      "uuid" : "456f4de6-c474-43a3-8417-08ec374a27b7",
      "keyValues" : [ ],
      "concept" : {
        "name" : "Hb Electrophoresis",
        "uuid" : "d78edcbb-2034-4220-ace2-20b445a1e0ad",
        "dataType" : "Coded",
        "answers" : [ {
          "name" : "AA",
          "uuid" : "daa7c62f-c663-4981-a134-1f662b3036d0",
          "dataType" : "NA",
          "answers" : [ ],
          "order" : 3.0,
          "active" : true
        }, {
          "name" : "AS",
          "uuid" : "77ee8a6a-2a01-421f-85ca-fc0ab39abcdb",
          "dataType" : "NA",
          "answers" : [ ],
          "order" : 2.0,
          "active" : true
        }, {
          "name" : "SS",
          "uuid" : "3648a650-2f3e-4c2c-a899-c0a8212aace1",
          "dataType" : "NA",
          "answers" : [ ],
          "order" : 1.0,
          "abnormal" : true,
          "active" : true
        } ],
        "active" : true
      },
      "displayOrder" : 9.0,
      "type" : "SingleSelect",
      "mandatory" : false,
      "voided" : true
    } ],
    "timed" : false
  }, {
    "uuid" : "33b4dfd6-2b49-4230-8132-46bd2232c2db",
    "name" : "ANC Lab Diagnostics - Urine",
    "displayOrder" : 10.0,
    "display" : "Lab Diagnostics - Urine",
    "formElements" : [ {
      "name" : "Urine Albumin",
      "uuid" : "97759fac-b25e-449b-b9da-2be2818a978c",
      "keyValues" : [ ],
      "concept" : {
        "name" : "Urine Albumin",
        "uuid" : "96cf3ccd-df7e-4614-a19c-05b44bed2b5b",
        "dataType" : "Coded",
        "answers" : [ {
          "name" : "+4",
          "uuid" : "98d05a6e-2234-4238-85d2-92835581803d",
          "dataType" : "NA",
          "answers" : [ ],
          "order" : 6.0,
          "abnormal" : true,
          "active" : true
        }, {
          "name" : "Trace",
          "uuid" : "17b0423e-ba04-4f24-b196-f82639c2ca4c",
          "dataType" : "NA",
          "answers" : [ ],
          "order" : 2.0,
          "abnormal" : true,
          "active" : true
        }, {
          "name" : "+2",
          "uuid" : "10db74d9-2357-412e-b04c-099ab9a1c3f1",
          "dataType" : "NA",
          "answers" : [ ],
          "order" : 4.0,
          "abnormal" : true,
          "active" : true
        }, {
          "name" : "+1",
          "uuid" : "3661d5a9-d097-4cd6-8387-58b38cfc61ea",
          "dataType" : "NA",
          "answers" : [ ],
          "order" : 3.0,
          "abnormal" : true,
          "active" : true
        }, {
          "name" : "+3",
          "uuid" : "172513b3-b1bb-4411-a3ea-a8e9914cb21a",
          "dataType" : "NA",
          "answers" : [ ],
          "order" : 5.0,
          "abnormal" : true,
          "active" : true
        }, {
          "name" : "Absent",
          "uuid" : "10885638-561a-42b6-8b24-8daa01864c89",
          "dataType" : "NA",
          "answers" : [ ],
          "order" : 1.0,
          "active" : true
        } ],
        "active" : true
      },
      "displayOrder" : 1.0,
      "type" : "SingleSelect",
      "mandatory" : false,
      "voided" : true
    }, {
      "name" : "Urine Sugar",
      "uuid" : "c961c4c8-22e1-47fd-8e4d-bef66c962303",
      "keyValues" : [ ],
      "concept" : {
        "name" : "Urine Sugar",
        "uuid" : "64134706-9d55-4bae-82c5-5e4628012394",
        "dataType" : "Coded",
        "answers" : [ {
          "name" : "Trace",
          "uuid" : "17b0423e-ba04-4f24-b196-f82639c2ca4c",
          "dataType" : "NA",
          "answers" : [ ],
          "order" : 2.0,
          "abnormal" : true,
          "active" : true
        }, {
          "name" : "+4",
          "uuid" : "98d05a6e-2234-4238-85d2-92835581803d",
          "dataType" : "NA",
          "answers" : [ ],
          "order" : 6.0,
          "abnormal" : true,
          "active" : true
        }, {
          "name" : "+1",
          "uuid" : "3661d5a9-d097-4cd6-8387-58b38cfc61ea",
          "dataType" : "NA",
          "answers" : [ ],
          "order" : 3.0,
          "abnormal" : true,
          "active" : true
        }, {
          "name" : "+3",
          "uuid" : "172513b3-b1bb-4411-a3ea-a8e9914cb21a",
          "dataType" : "NA",
          "answers" : [ ],
          "order" : 5.0,
          "abnormal" : true,
          "active" : true
        }, {
          "name" : "+2",
          "uuid" : "10db74d9-2357-412e-b04c-099ab9a1c3f1",
          "dataType" : "NA",
          "answers" : [ ],
          "order" : 4.0,
          "abnormal" : true,
          "active" : true
        }, {
          "name" : "Absent",
          "uuid" : "10885638-561a-42b6-8b24-8daa01864c89",
          "dataType" : "NA",
          "answers" : [ ],
          "order" : 1.0,
          "active" : true
        } ],
        "active" : true
      },
      "displayOrder" : 2.0,
      "type" : "SingleSelect",
      "mandatory" : false,
      "voided" : true
    } ],
    "timed" : false
  }, {
    "uuid" : "353eec4f-052f-466b-9acb-7a740e5c19e5",
    "name" : "ANC Lab Diagnostics - USG",
    "displayOrder" : 11.0,
    "display" : "Lab Diagnostics - USG",
    "formElements" : [ {
      "name" : "US Scanning Done",
      "uuid" : "e5e671fe-0acf-44e1-9629-0796b274fe65",
      "keyValues" : [ ],
      "concept" : {
        "name" : "US Scanning Done",
        "uuid" : "35805527-362c-497c-8009-5c353a464192",
        "dataType" : "Coded",
        "answers" : [ {
          "name" : "Yes",
          "uuid" : "04bb1773-c353-44a1-a68c-9b448e07ff70",
          "dataType" : "NA",
          "answers" : [ ],
          "order" : 1.0,
          "active" : true
        }, {
          "name" : "No",
          "uuid" : "e7b50c78-3d90-484d-a224-9887887780dc",
          "dataType" : "NA",
          "answers" : [ ],
          "order" : 2.0,
          "active" : true
        } ],
        "active" : true
      },
      "displayOrder" : 1.0,
      "type" : "SingleSelect",
      "mandatory" : false,
      "voided" : true
    }, {
      "name" : "USG Scanning Date",
      "uuid" : "3a7a4451-dceb-439b-aab3-9e968bd5be1b",
      "keyValues" : [ ],
      "concept" : {
        "name" : "USG Scanning Date",
        "uuid" : "e390b1b4-d492-4a51-87cf-cb0011465c0e",
        "dataType" : "Date",
        "answers" : [ ],
        "active" : true
      },
      "displayOrder" : 2.0,
      "type" : "SingleSelect",
      "mandatory" : true,
      "voided" : true
    }, {
      "name" : "Number of foetus",
      "uuid" : "bbbaa09b-b314-4123-a578-2e4b3f8d0b97",
      "keyValues" : [ ],
      "concept" : {
        "name" : "USG Scanning Report - Number of foetus",
        "uuid" : "ea54eb71-5560-4871-9369-a91b6a064dba",
        "dataType" : "Coded",
        "answers" : [ {
          "name" : "Two",
          "uuid" : "d1e58ac3-1ea7-46a1-8e17-e9f2c6789715",
          "dataType" : "NA",
          "answers" : [ ],
          "order" : 2.0,
          "abnormal" : true,
          "active" : true
        }, {
          "name" : "More than three",
          "uuid" : "0ba85fd4-4d70-4f03-b449-8dd12e30d690",
          "dataType" : "NA",
          "answers" : [ ],
          "order" : 4.0,
          "abnormal" : true,
          "active" : true
        }, {
          "name" : "Three",
          "uuid" : "a335e989-3c98-45f6-9659-1178c231cda0",
          "dataType" : "NA",
          "answers" : [ ],
          "order" : 3.0,
          "abnormal" : true,
          "active" : true
        }, {
          "name" : "One",
          "uuid" : "73431353-137e-4997-92aa-26b3cb79eba7",
          "dataType" : "NA",
          "answers" : [ ],
          "order" : 1.0,
          "active" : true
        } ],
        "active" : true
      },
      "displayOrder" : 3.0,
      "type" : "SingleSelect",
      "mandatory" : false,
      "voided" : true
    }, {
      "name" : "Liquour",
      "uuid" : "e6126713-09aa-4a04-8f60-414dbd4125e5",
      "keyValues" : [ ],
      "concept" : {
        "name" : "USG Scanning Report - Liquour",
        "uuid" : "4b65c269-1394-40ce-8c1b-58377e791568",
        "dataType" : "Coded",
        "answers" : [ {
          "name" : "Increased",
          "uuid" : "563eb915-f607-48de-86af-3295b6f35bb8",
          "dataType" : "NA",
          "answers" : [ ],
          "order" : 2.0,
          "abnormal" : true,
          "active" : true
        }, {
          "name" : "Decreased",
          "uuid" : "1aef1b55-0c52-4961-a1c9-f35e4c6a6f00",
          "dataType" : "NA",
          "answers" : [ ],
          "order" : 3.0,
          "abnormal" : true,
          "active" : true
        }, {
          "name" : "Normal",
          "uuid" : "ba43b326-18a1-4f8d-ad04-29b0371461e0",
          "dataType" : "NA",
          "answers" : [ ],
          "order" : 1.0,
          "active" : true
        }, {
          "name" : "Not Adequate",
          "uuid" : "5ecbe201-43c2-4aff-94a5-d088220d7d1a",
          "dataType" : "NA",
          "answers" : [ ],
          "order" : 1.0,
          "active" : true
        } ],
        "active" : true
      },
      "displayOrder" : 4.0,
      "type" : "SingleSelect",
      "mandatory" : false,
      "voided" : true
    }, {
      "name" : "Placenta Previa",
      "uuid" : "6bc5a76c-b45a-4489-b206-a21aca3e7fd3",
      "keyValues" : [ ],
      "concept" : {
        "name" : "USG Scanning Report - Placenta Previa",
        "uuid" : "648e5a59-9919-44d0-829c-6ff27cb355ea",
        "dataType" : "Coded",
        "answers" : [ {
          "name" : "Not Previa",
          "uuid" : "92454e8f-6ead-42a8-8c8c-114a405c1e39",
          "dataType" : "NA",
          "answers" : [ ],
          "order" : 2.0,
          "active" : true
        }, {
          "name" : "Previa",
          "uuid" : "d9501d6b-7ae9-4b2f-b1a3-56f7fb1ea241",
          "dataType" : "NA",
          "answers" : [ ],
          "order" : 1.0,
          "abnormal" : true,
          "active" : true
        } ],
        "active" : true
      },
      "displayOrder" : 5.0,
      "type" : "SingleSelect",
      "mandatory" : false,
      "voided" : true
    }, {
      "name" : "Foetal presentation",
      "uuid" : "a4194db7-7d4b-4deb-9b1e-4f42ab5ded94",
      "keyValues" : [ ],
      "concept" : {
        "name" : "Foetal presentation",
        "uuid" : "e57a15aa-e335-4b73-a593-e55af1a3bb25",
        "dataType" : "Coded",
        "answers" : [ {
          "name" : "Breech",
          "uuid" : "d225cac9-f306-49ba-b9d3-3826c92995e6",
          "dataType" : "NA",
          "answers" : [ ],
          "order" : 2.0,
          "abnormal" : true,
          "active" : true
        }, {
          "name" : "Cephalic",
          "uuid" : "ab96f92f-6412-43e2-bb20-aabecd3aefad",
          "dataType" : "NA",
          "answers" : [ ],
          "order" : 1.0,
          "active" : true
        }, {
          "name" : "Transverse",
          "uuid" : "74f986ee-faa5-40b1-baa8-78732761ce47",
          "dataType" : "NA",
          "answers" : [ ],
          "order" : 3.0,
          "abnormal" : true,
          "active" : true
        } ],
        "active" : true
      },
      "displayOrder" : 6.0,
      "type" : "SingleSelect",
      "mandatory" : false,
      "voided" : true
    }, {
      "name" : "Estimated date of delivery by doctor",
      "uuid" : "691853b9-3634-440d-a4b5-12d0c2020125",
      "keyValues" : [ ],
      "concept" : {
        "name" : "Estimated Date of Delivery",
        "uuid" : "dde911fa-15eb-4564-8deb-bba46e9d3744",
        "dataType" : "Date",
        "answers" : [ ],
        "active" : true
      },
      "displayOrder" : 7.0,
      "type" : "SingleSelect",
      "mandatory" : false
    } ],
    "timed" : false
  }, {
    "uuid" : "1dc961c3-63fe-4b42-9ef0-0148e112aee7",
    "name" : "Referral & Followup",
    "displayOrder" : 12.0,
    "display" : "Referral & Followup",
    "formElements" : [ {
      "name" : "Patient should visit hospital",
      "uuid" : "92d7ca08-fb7c-443b-90b7-3a95edd8f197",
      "keyValues" : [ ],
      "concept" : {
        "name" : "Refer to hospital",
        "uuid" : "ab7ad316-6b8a-4860-be3f-16acf3bf707e",
        "dataType" : "Coded",
        "answers" : [ {
          "name" : "Yes",
          "uuid" : "04bb1773-c353-44a1-a68c-9b448e07ff70",
          "dataType" : "NA",
          "answers" : [ ],
          "order" : 1.0,
          "active" : true
        }, {
          "name" : "No",
          "uuid" : "e7b50c78-3d90-484d-a224-9887887780dc",
          "dataType" : "NA",
          "answers" : [ ],
          "order" : 2.0,
          "active" : true
        } ],
        "active" : true
      },
      "displayOrder" : 1.0,
      "type" : "SingleSelect",
      "mandatory" : false
    }, {
      "name" : "Follow up on",
      "uuid" : "2b976512-a3c1-4dff-9d14-3ac59c303d22",
      "keyValues" : [ ],
      "concept" : {
        "name" : "Followup date",
        "uuid" : "1aeda2b1-25e6-4f65-8225-e25293b08344",
        "dataType" : "Date",
        "answers" : [ ],
        "active" : true
      },
      "displayOrder" : 2.0,
      "type" : "SingleSelect",
      "mandatory" : false
    } ],
    "timed" : false
  }, {
    "uuid" : "f9301aef-48af-4ee7-8435-e66c1e23fd21",
    "name" : "ANC Vaccination",
    "displayOrder" : 13.0,
    "display" : "Vaccination",
    "formElements" : [ {
      "name" : "TT1 Date",
      "uuid" : "b220398e-6f51-4568-978d-8e632cab00be",
      "keyValues" : [ ],
      "concept" : {
        "name" : "TT1 Date",
        "uuid" : "f91604a8-89ac-4a99-a3cb-9edd764c8b0e",
        "dataType" : "Date",
        "answers" : [ ],
        "active" : true
      },
      "displayOrder" : 1.0,
      "type" : "SingleSelect",
      "mandatory" : false
    }, {
      "name" : "TT2 Date",
      "uuid" : "6cf6bb59-08bb-4a78-9bfd-d82727f7e2b8",
      "keyValues" : [ ],
      "concept" : {
        "name" : "TT2 Date",
        "uuid" : "57f66ff5-e050-4a72-ad03-94d99dad4630",
        "dataType" : "Date",
        "answers" : [ ],
        "active" : true
      },
      "displayOrder" : 2.0,
      "type" : "SingleSelect",
      "mandatory" : false
    }, {
      "name" : "TT Booster Date",
      "uuid" : "4fa32ede-c17d-4e0e-b8bc-2d5ced4b2dab",
      "keyValues" : [ ],
      "concept" : {
        "name" : "TT Booster Date",
        "uuid" : "e1b7ce95-8c73-46fa-8354-19a14f5ca17f",
        "dataType" : "Date",
        "answers" : [ ],
        "active" : true
      },
      "displayOrder" : 3.0,
      "type" : "SingleSelect",
      "mandatory" : false
    }, {
      "name" : "Date of deworming",
      "uuid" : "2a76ccc7-d513-4041-8d86-78bb5dbd9761",
      "keyValues" : [ ],
      "concept" : {
        "name" : "Date of deworming",
        "uuid" : "e638d96b-ad09-4fec-9e01-2e4b1a243c6d",
        "dataType" : "Date",
        "answers" : [ ],
        "active" : true
      },
      "displayOrder" : 4.0,
      "type" : "SingleSelect",
      "rule" : "'use strict';\n({params, imports}) => {\n  const programEncounter = params.entity;\n  const moment = imports.moment;\n  const formElement = params.formElement;\n  const _ = imports.lodash;\n  let visibility = true;\n  let value = null;\n  let answersToSkip = [];\n  let validationErrors = [];\n  \n  value = imports.common.getOldestObsBeforeCurrentEncounter(programEncounter, formElement.concept.name);\n    \n  return new imports.rulesConfig.FormElementStatus(formElement.uuid, visibility, value, answersToSkip, validationErrors);\n};",
      "mandatory" : false
    } ],
    "timed" : false
  }, {
    "uuid" : "70025486-e617-423c-98e7-016c5e9c59f5",
    "name" : "Nutritional Counselling",
    "displayOrder" : 14.0,
    "display" : "Nutritional Counselling",
    "formElements" : [ {
      "name" : "Diet Advice Dos",
      "uuid" : "d84f114c-2c52-475e-b78a-f346c2ef3321",
      "keyValues" : [ ],
      "concept" : {
        "name" : "Diet Advice Do's",
        "uuid" : "98d5f572-2aff-4973-941e-5459fce82f45",
        "dataType" : "Coded",
        "answers" : [ ],
        "active" : true
      },
      "displayOrder" : 1.0,
      "type" : "SingleSelect",
      "mandatory" : false,
      "voided" : true
    }, {
      "name" : "Diet Advice Donts",
      "uuid" : "a9337716-980e-4223-aea7-a2ece6147581",
      "keyValues" : [ ],
      "concept" : {
        "name" : "Diet Advice Don'ts",
        "uuid" : "3f0de760-cb91-428f-928d-164b9c8b0e6c",
        "dataType" : "Coded",
        "answers" : [ ],
        "active" : true
      },
      "displayOrder" : 2.0,
      "type" : "SingleSelect",
      "mandatory" : false,
      "voided" : true
    }, {
      "name" : "Supplementary nutritional therapy",
      "uuid" : "af2b1579-175a-4ce9-9c40-d97912002be9",
      "keyValues" : [ ],
      "concept" : {
        "name" : "Supplementary nutritional therapy (advice)",
        "uuid" : "1307241d-92c2-4660-8ed9-c5da899aa06e",
        "dataType" : "Coded",
        "answers" : [ ],
        "active" : true
      },
      "displayOrder" : 3.0,
      "type" : "SingleSelect",
      "mandatory" : false,
      "voided" : true
    } ],
    "timed" : false
  }, {
    "uuid" : "40f81e13-bcd8-4190-9651-f04f504b9f09",
    "name" : "General Counselling",
    "displayOrder" : 15.0,
    "display" : "General Counselling",
    "formElements" : [ {
      "name" : "Rest and sleep",
      "uuid" : "292c2e5b-23d4-40cd-a2a4-7b426f5e64c8",
      "keyValues" : [ ],
      "concept" : {
        "name" : "Rest and sleep (advice)",
        "uuid" : "d070cf73-16f3-4fb7-bf4b-94b95ce753a1",
        "dataType" : "Coded",
        "answers" : [ ],
        "active" : true
      },
      "displayOrder" : 1.0,
      "type" : "SingleSelect",
      "mandatory" : false,
      "voided" : true
    }, {
      "name" : "Immunization Counselling",
      "uuid" : "21b2dc49-e6b3-4284-9201-a458c1207276",
      "keyValues" : [ ],
      "concept" : {
        "name" : "Immunization Counselling (advice)",
        "uuid" : "c210a202-78e4-493f-bcf6-11ed6e79d61c",
        "dataType" : "Coded",
        "answers" : [ ],
        "active" : true
      },
      "displayOrder" : 2.0,
      "type" : "SingleSelect",
      "mandatory" : false,
      "voided" : true
    }, {
      "name" : "Coitus/Sex Counselling",
      "uuid" : "a5b16727-5cf4-4a49-8732-03dddf6ed311",
      "keyValues" : [ ],
      "concept" : {
        "name" : "Coitus/Sex Counselling (advice)",
        "uuid" : "22d263c5-033a-487f-b237-2ebf6c8698e4",
        "dataType" : "Coded",
        "answers" : [ ],
        "active" : true
      },
      "displayOrder" : 3.0,
      "type" : "SingleSelect",
      "mandatory" : false,
      "voided" : true
    }, {
      "name" : "Illness management",
      "uuid" : "2443614a-fe92-4667-9baa-51392342ec39",
      "keyValues" : [ ],
      "concept" : {
        "name" : "Illness management (advice)",
        "uuid" : "b5639c14-30a2-43d3-b818-21cd0cc0a2ff",
        "dataType" : "Coded",
        "answers" : [ ],
        "active" : true
      },
      "displayOrder" : 4.0,
      "type" : "SingleSelect",
      "mandatory" : false,
      "voided" : true
    }, {
      "name" : "Finance management",
      "uuid" : "db534cf4-aaaa-4e21-a096-da10d7cb32de",
      "keyValues" : [ ],
      "concept" : {
        "name" : "Finance management (advice)",
        "uuid" : "0dddfa30-74ee-47a4-b212-1918499f4c92",
        "dataType" : "Coded",
        "answers" : [ ],
        "active" : true
      },
      "displayOrder" : 5.0,
      "type" : "SingleSelect",
      "mandatory" : false,
      "voided" : true
    } ],
    "timed" : false
  }, {
    "uuid" : "55dcd6c1-a406-4006-9d08-0c71c624d1c4",
    "name" : "Administrative Counselling",
    "displayOrder" : 16.0,
    "display" : "Administrative Counselling",
    "formElements" : [ {
      "name" : "Government scheme information",
      "uuid" : "2363acaa-e9d3-48df-8753-cac4c708a2fc",
      "keyValues" : [ ],
      "concept" : {
        "name" : "Government scheme information (advice)",
        "uuid" : "fd8fcbd8-278f-4417-9696-176ff46c3bcc",
        "dataType" : "Coded",
        "answers" : [ ],
        "active" : true
      },
      "displayOrder" : 1.0,
      "type" : "SingleSelect",
      "mandatory" : false,
      "voided" : true
    }, {
      "name" : "Ambulance services information",
      "uuid" : "8041f3fc-fc3e-4360-b732-105d9d599ee3",
      "keyValues" : [ ],
      "concept" : {
        "name" : "Ambulance services information (advice)",
        "uuid" : "8b01c973-206a-42a7-9ecb-2471ee51be88",
        "dataType" : "Coded",
        "answers" : [ ],
        "active" : true
      },
      "displayOrder" : 2.0,
      "type" : "SingleSelect",
      "mandatory" : false,
      "voided" : true
    } ],
    "timed" : false
  }, {
    "uuid" : "e1823b91-1cd6-4eb5-85b3-6dbfa9328509",
    "name" : "Notes",
    "displayOrder" : 17.0,
    "display" : "Notes",
    "formElements" : [ {
      "name" : "Notes",
      "uuid" : "3314a7bd-bd1d-4d6f-a8b9-a3c9a128fa9a",
      "keyValues" : [ ],
      "concept" : {
        "name" : "Checkup notes",
        "uuid" : "d658b4a4-8ec3-4eb7-9ef3-dd3a73ca29f9",
        "dataType" : "Notes",
        "answers" : [ ],
        "active" : true
      },
      "displayOrder" : 1.0,
      "type" : "SingleSelect",
      "mandatory" : false
    }, {
      "name" : "Doctor name",
      "uuid" : "3620cd6e-6494-44a1-8f0c-e62bb509ae43",
      "keyValues" : [ ],
      "concept" : {
        "name" : "Doctor's name",
        "uuid" : "c068248d-81cd-4f1e-922f-486be51312ad",
        "dataType" : "Text",
        "answers" : [ ],
        "active" : true
      },
      "displayOrder" : 2.0,
      "type" : "SingleSelect",
      "mandatory" : true
    } ],
    "timed" : false
  } ],
  "decisionRule" : "//SAMPLE RULE EXAMPLE\n\"use strict\";\n({params, imports}) => {\n    const programEncounter = params.entity;\n    const moment = imports.moment;\n    const _ = imports.lodash;\n    const decisions = params.decisions;\n\n    const determineDurationOfPregnancy = (programEncounter, enrolmentDecisions) => {\n        let estimatedGestationalAge = programEncounter.getObservationReadableValue('Gestational age');\n        if (!_.isNil(estimatedGestationalAge)) {\n            let edd = moment(programEncounter.encounterDateTime).add(40 - estimatedGestationalAge, 'weeks');\n            enrolmentDecisions.push({name: \"Estimated Date of Delivery\", value: edd.toDate()});\n        }\n    }\n\n    decisions.enrolmentDecisions = decisions.enrolmentDecisions || [];\n    decisions.encounterDecisions = decisions.encounterDecisions || [];\n    decisions.registrationDecisions = decisions.registrationDecisions || [];\n\n    if (programEncounter.encounterType.name === 'ANC'){\n        determineDurationOfPregnancy(programEncounter, decisions.enrolmentDecisions);\n    }\n\n    return decisions;\n};",
  "visitScheduleRule" : "//SAMPLE RULE EXAMPLE\n\"use strict\";\n({params, imports}) => {\n    const programEncounter = params.entity;\n    const moment = imports.moment;\n    const scheduleBuilder = new imports.rulesConfig.VisitScheduleBuilder({\n        programEncounter\n    });\n\n    const scheduledFollowupVisits = programEncounter.programEnrolment.scheduledEncountersOfType('Doctor Visit');\n    let followupDate = programEncounter.getObservationReadableValue('Followup date');\n    if (!_.isNil(followupDate)) {\n        const visitAlreadyScheduled = _.find(scheduledFollowupVisits, (enc) => moment(enc.earliestVisitDateTime).isSame(moment(followupDate), 'day'));\n        if (!visitAlreadyScheduled) {\n            scheduleBuilder.add({\n                name: \"ANC Doctor Checkup Followup\",\n                encounterType: \"ANC\",\n                earliestDate: moment(followupDate).toDate(),\n                maxDate: moment(followupDate).add(3, \"days\").toDate(),\n                visitCreationStrategy: 'createNew'\n            });\n        }\n    }\n\n    const scheduledFollowupHomeVisits = programEncounter.programEnrolment.scheduledEncountersOfType('Doctor Visit Followup at Home');\n    const doctorVisitFollowupDate = moment(programEncounter.encounterDateTime).add(3, 'days');\n    const doctorVisitAlreadyScheduled = _.find(scheduledFollowupHomeVisits, (enc) => moment(enc.earliestVisitDateTime).isSame(doctorVisitFollowupDate, 'day'));\n\n    if (!doctorVisitAlreadyScheduled) {\n        scheduleBuilder.add({\n            name: \"Doctor Visit Followup at Home\",\n            encounterType: \"Doctor Visit Followup at Home\",\n            earliestDate: moment(doctorVisitFollowupDate).toDate(),\n            maxDate: moment(doctorVisitFollowupDate).add(7, \"days\").toDate(),\n            visitCreationStrategy: 'createNew'\n        });\n    }\n\n    return scheduleBuilder.getAll();\n};",
  "validationRule" : "",
  "checklistsRule" : "",
  "decisionConcepts" : [ ]
}