{
  "name" : "Anthropometry Assessment",
  "uuid" : "d062907a-690c-44ca-b699-f8b2f688b075",
  "formType" : "ProgramEncounter",
  "formElementGroups" : [ {
    "uuid" : "124d7b8b-0baf-4bdf-8f8a-5de8a4c95218",
    "name" : "Child Anthropometry",
    "displayOrder" : 1.0,
    "display" : "Anthropometry",
    "formElements" : [ {
      "name" : "Skip capturing height",
      "uuid" : "4f6e842e-8556-448b-9ebf-93ad06a333a5",
      "keyValues" : [ ],
      "concept" : {
        "name" : "Skip capturing height",
        "uuid" : "b26ab849-6550-4245-8637-a9fc7fb4eb60",
        "dataType" : "Coded",
        "answers" : [ {
          "name" : "Yes",
          "uuid" : "04bb1773-c353-44a1-a68c-9b448e07ff70",
          "dataType" : "NA",
          "answers" : [ ],
          "order" : 1.0,
          "active" : true
        } ],
        "active" : true
      },
      "displayOrder" : 1.0,
      "type" : "SingleSelect",
      "mandatory" : false
    }, {
      "name" : "Reason for skipping height capture.",
      "uuid" : "9ef90251-e2b8-411b-845c-f980d2ca1427",
      "keyValues" : [ ],
      "concept" : {
        "name" : "Reason for skipping height capture.",
        "uuid" : "8d378a39-2030-4cfe-ac4d-c8e97f718b23",
        "dataType" : "Text",
        "answers" : [ ],
        "active" : true
      },
      "displayOrder" : 2.0,
      "type" : "SingleSelect",
      "mandatory" : true
    }, {
      "name" : "Height",
      "uuid" : "219bfbb0-03ff-4be4-a8c1-5eb98ab6fe6c",
      "keyValues" : [ ],
      "concept" : {
        "name" : "Height",
        "uuid" : "d883d5fe-e17d-4136-b989-089fa0295e34",
        "dataType" : "Numeric",
        "answers" : [ ],
        "lowAbsolute" : 20.0,
        "highAbsolute" : 300.0,
        "lowNormal" : 30.0,
        "highNormal" : 200.0,
        "active" : true
      },
      "displayOrder" : 3.0,
      "type" : "SingleSelect",
      "mandatory" : true,
      "voided" : true
    }, {
      "name" : "Weight",
      "uuid" : "e6e54c47-290c-4c8b-a2b3-dd30c39a361f",
      "keyValues" : [ ],
      "concept" : {
        "name" : "Weight",
        "uuid" : "75b1656e-2777-4753-9612-ce03a766a5e1",
        "dataType" : "Numeric",
        "answers" : [ ],
        "lowAbsolute" : 0.0,
        "highAbsolute" : 300.0,
        "lowNormal" : 1.0,
        "highNormal" : 100.0,
        "active" : true
      },
      "displayOrder" : 4.0,
      "type" : "SingleSelect",
      "mandatory" : true,
      "voided" : true
    } ],
    "timed" : false
  }, {
    "uuid" : "720fe449-7cff-4617-bf9b-62925c7d0e6c",
    "name" : "Child GMP Details",
    "displayOrder" : 2.0,
    "display" : "GMP Details",
    "formElements" : [ {
      "name" : "Weight",
      "uuid" : "15fbe206-ed0d-451a-b5a5-1f6c4d25e81a",
      "keyValues" : [ ],
      "concept" : {
        "name" : "Weight",
        "uuid" : "75b1656e-2777-4753-9612-ce03a766a5e1",
        "dataType" : "Numeric",
        "answers" : [ ],
        "lowAbsolute" : 0.0,
        "highAbsolute" : 300.0,
        "lowNormal" : 1.0,
        "highNormal" : 100.0,
        "active" : true
      },
      "displayOrder" : 1.0,
      "type" : "SingleSelect",
      "mandatory" : true
    }, {
      "name" : "Height",
      "uuid" : "c7e838ac-e2bb-4c9c-9776-bbba47e9f128",
      "keyValues" : [ ],
      "concept" : {
        "name" : "Height",
        "uuid" : "d883d5fe-e17d-4136-b989-089fa0295e34",
        "dataType" : "Numeric",
        "answers" : [ ],
        "lowAbsolute" : 20.0,
        "highAbsolute" : 300.0,
        "lowNormal" : 30.0,
        "highNormal" : 200.0,
        "active" : true
      },
      "displayOrder" : 2.0,
      "type" : "SingleSelect",
      "mandatory" : true
    }, {
      "name" : "Any illness?",
      "uuid" : "289b7085-2f78-4e8f-98c4-346784a1d8c1",
      "keyValues" : [ ],
      "concept" : {
        "name" : "Child is ill",
        "uuid" : "e366e7b5-9c6d-46c3-b3d4-47caecdaa521",
        "dataType" : "Coded",
        "answers" : [ {
          "name" : "Yes",
          "uuid" : "04bb1773-c353-44a1-a68c-9b448e07ff70",
          "dataType" : "NA",
          "answers" : [ ],
          "order" : 1.0,
          "active" : true
        }, {
          "name" : "No",
          "uuid" : "e7b50c78-3d90-484d-a224-9887887780dc",
          "dataType" : "NA",
          "answers" : [ ],
          "order" : 2.0,
          "active" : true
        } ],
        "active" : true
      },
      "displayOrder" : 3.0,
      "type" : "SingleSelect",
      "mandatory" : false
    }, {
      "name" : "Diarrhoea",
      "uuid" : "f52965c3-32fe-4639-a12b-e2d6a9e29aa6",
      "keyValues" : [ ],
      "concept" : {
        "name" : "Child has Diarrhoea",
        "uuid" : "227033ee-3a01-4ae6-ba1d-7d54b3091393",
        "dataType" : "Coded",
        "answers" : [ {
          "name" : "Yes",
          "uuid" : "04bb1773-c353-44a1-a68c-9b448e07ff70",
          "dataType" : "NA",
          "answers" : [ ],
          "order" : 1.0,
          "active" : true
        }, {
          "name" : "No",
          "uuid" : "e7b50c78-3d90-484d-a224-9887887780dc",
          "dataType" : "NA",
          "answers" : [ ],
          "order" : 2.0,
          "active" : true
        } ],
        "active" : true
      },
      "displayOrder" : 4.0,
      "type" : "SingleSelect",
      "mandatory" : false
    } ],
    "timed" : false
  } ],
  "decisionRule" : "",
  "visitScheduleRule" : "//SAMPLE RULE EXAMPLE\n\"use strict\";\n({ params, imports }) => {\n  const programEncounter = params.entity;\n  const moment = imports.moment;\n  const _ = imports.lodash; \n  const scheduleBuilder = new imports.rulesConfig.VisitScheduleBuilder({\n    programEncounter\n  });\n        let firstOfNextMonth = moment(programEncounter.getRealEventDate()).add(1, 'month').startOf('month').toDate();\n        let earliestDate = moment(firstOfNextMonth).add(21, 'days').toDate();\n        const lastDayOfMonth = moment(programEncounter.getRealEventDate()).endOf('month').date();\n        const numberOfDaysForMaxOffset = (lastDayOfMonth - moment(firstOfNextMonth).date());\n        const gmpMaxVisit = moment(earliestDate).add(numberOfDaysForMaxOffset, \"days\") .toDate();\n        scheduleBuilder.add({\n            name: \"Child GMP\",\n            encounterType: \"Anthropometry Assessment\",\n            earliestDate: earliestDate,\n            maxDate: gmpMaxVisit,\n        });\n        \n  return scheduleBuilder.getAll();\n};",
  "validationRule" : "",
  "checklistsRule" : "",
  "decisionConcepts" : [ {
    "name" : "Growth Faltering Status",
    "uuid" : "a5067bcc-d333-4c80-a0f2-d61df9d210d3",
    "dataType" : "Coded",
    "answers" : [ {
      "name" : "No",
      "uuid" : "e7b50c78-3d90-484d-a224-9887887780dc",
      "dataType" : "NA",
      "answers" : [ ],
      "order" : 2.0,
      "active" : true
    }, {
      "name" : "Yes",
      "uuid" : "04bb1773-c353-44a1-a68c-9b448e07ff70",
      "dataType" : "NA",
      "answers" : [ ],
      "order" : 1.0,
      "active" : true
    } ],
    "active" : true
  }, {
    "name" : "Weight for age Status",
    "uuid" : "ff4eb1f3-2a19-4337-95a0-27cb2ff5cea3",
    "dataType" : "Coded",
    "answers" : [ {
      "name" : "Moderately Underweight",
      "uuid" : "e422d466-f7a5-408e-b79a-d9f177ab8c5c",
      "dataType" : "NA",
      "answers" : [ ],
      "order" : 2.0,
      "abnormal" : true,
      "active" : true
    }, {
      "name" : "Severely Underweight",
      "uuid" : "29295fb9-9ed3-44b0-8e94-f1822b46a851",
      "dataType" : "NA",
      "answers" : [ ],
      "order" : 3.0,
      "abnormal" : true,
      "active" : true
    }, {
      "name" : "Normal",
      "uuid" : "ba43b326-18a1-4f8d-ad04-29b0371461e0",
      "dataType" : "NA",
      "answers" : [ ],
      "order" : 1.0,
      "active" : true
    }, {
      "name" : "Underweight",
      "uuid" : "41b2db08-99a4-428c-a908-641330858b8a",
      "dataType" : "NA",
      "answers" : [ ],
      "order" : 2.0,
      "abnormal" : true,
      "active" : true
    } ],
    "active" : true
  }, {
    "name" : "Weight for age Grade",
    "uuid" : "10d6ef42-2db4-4af9-951d-75b8942690a1",
    "dataType" : "Numeric",
    "answers" : [ ],
    "active" : true
  }, {
    "name" : "Weight for age z-score",
    "uuid" : "c5f418f8-af4a-4a10-a70d-54f088c6a8c6",
    "dataType" : "Numeric",
    "answers" : [ ],
    "lowNormal" : -2.0,
    "highNormal" : 2.0,
    "active" : true
  } ]
}