{
  "name" : "Birth form",
  "uuid" : "901e2f48-2fb8-402b-9073-ee2fac33fce4",
  "formType" : "ProgramEncounter",
  "formElementGroups" : [ {
    "uuid" : "187479ba-7c41-4cd4-beac-9d0cf7735852",
    "name" : "General",
    "displayOrder" : 1.0,
    "display" : "General",
    "formElements" : [ {
      "name" : "Place of birth",
      "uuid" : "5a6fe3f7-aab2-45c1-8d54-38ddc47d8b89",
      "keyValues" : [ ],
      "concept" : {
        "name" : "Place of birth",
        "uuid" : "fc3f9353-3cf3-426c-91fa-96e5900fd8af",
        "dataType" : "Coded",
        "answers" : [ {
          "name" : "Regional Hospital",
          "uuid" : "0ad759eb-5fb9-4152-b39c-0c80e1c4ecda",
          "dataType" : "NA",
          "answers" : [ ],
          "order" : 4.0,
          "active" : true
        }, {
          "name" : "NGO Hospital",
          "uuid" : "cdb94629-a710-43f0-b5ce-3921905f24f2",
          "dataType" : "NA",
          "answers" : [ ],
          "order" : 5.0,
          "active" : true
        }, {
          "name" : "Sub Center",
          "uuid" : "fe24e909-6346-4e84-bacc-2ec5ae85bed8",
          "dataType" : "NA",
          "answers" : [ ],
          "order" : 2.0,
          "active" : true
        }, {
          "name" : "Primary Health Center",
          "uuid" : "b4007f93-f288-49aa-b2ad-96f1a0f75a43",
          "dataType" : "NA",
          "answers" : [ ],
          "order" : 3.0,
          "active" : true
        }, {
          "name" : "During Transportation like in Ambulance etc",
          "uuid" : "3b26f408-cbc6-4afc-a5bd-1d4e22ce77a7",
          "dataType" : "NA",
          "answers" : [ ],
          "order" : 6.0,
          "active" : true
        }, {
          "name" : "Home",
          "uuid" : "bb75a86c-05af-4b05-b699-860737d19e57",
          "dataType" : "NA",
          "answers" : [ ],
          "order" : 1.0,
          "active" : true
        } ],
        "active" : true
      },
      "displayOrder" : 1.0,
      "type" : "SingleSelect",
      "mandatory" : true,
      "voided" : true
    }, {
      "name" : "Birth weight",
      "uuid" : "303d6411-e393-4b4a-b5a6-79c75a4d33e1",
      "keyValues" : [ ],
      "concept" : {
        "name" : "Birth Weight",
        "uuid" : "7ff327c5-8678-41e3-af39-c86f214c6f14",
        "dataType" : "Numeric",
        "answers" : [ ],
        "lowNormal" : 2.5,
        "active" : true
      },
      "displayOrder" : 2.0,
      "type" : "SingleSelect",
      "mandatory" : true
    }, {
      "name" : "Gestational age category at birth",
      "uuid" : "c1ede711-9b95-4866-bd9c-e9b4f551555e",
      "keyValues" : [ ],
      "concept" : {
        "name" : "Gestational age category at birth",
        "uuid" : "24c71448-1068-4dc2-aa2f-8bbb66a5123f",
        "dataType" : "Coded",
        "answers" : [ {
          "name" : "Preterm (<28 weeks)",
          "uuid" : "a382978b-6ae5-4320-8873-7ee80d8c0657",
          "dataType" : "NA",
          "answers" : [ ],
          "order" : 2.0,
          "abnormal" : true,
          "active" : true
        }, {
          "name" : "Very preterm",
          "uuid" : "48d13717-d2d4-450e-bb9c-59976237cd90",
          "dataType" : "NA",
          "answers" : [ ],
          "order" : 3.0,
          "abnormal" : true,
          "active" : true
        }, {
          "name" : "Term (37 -38 weeks)",
          "uuid" : "61612a0b-72db-46a8-97d5-d9994d86118f",
          "dataType" : "NA",
          "answers" : [ ],
          "order" : 1.0,
          "active" : true
        } ],
        "active" : true
      },
      "displayOrder" : 3.0,
      "type" : "SingleSelect",
      "mandatory" : true
    }, {
      "name" : "Did the baby cry soon after birth?",
      "uuid" : "4f3017e8-baf9-4b41-b1fb-02bac76b7bfa",
      "keyValues" : [ ],
      "concept" : {
        "name" : "Cried soon after birth",
        "uuid" : "e3158f7c-6349-4e96-8e63-6223f8444500",
        "dataType" : "Coded",
        "answers" : [ {
          "name" : "No",
          "uuid" : "e7b50c78-3d90-484d-a224-9887887780dc",
          "dataType" : "NA",
          "answers" : [ ],
          "order" : 2.0,
          "abnormal" : true,
          "active" : true
        }, {
          "name" : "Yes",
          "uuid" : "04bb1773-c353-44a1-a68c-9b448e07ff70",
          "dataType" : "NA",
          "answers" : [ ],
          "order" : 1.0,
          "active" : true
        } ],
        "active" : true
      },
      "displayOrder" : 4.0,
      "type" : "SingleSelect",
      "mandatory" : true,
      "voided" : true
    }, {
      "name" : "Did the baby cry soon after birth?",
      "uuid" : "eae80a5d-8c3a-485c-821e-0e108c2de624",
      "keyValues" : [ ],
      "concept" : {
        "name" : "Cried soon after birth",
        "uuid" : "e3158f7c-6349-4e96-8e63-6223f8444500",
        "dataType" : "Coded",
        "answers" : [ {
          "name" : "No",
          "uuid" : "e7b50c78-3d90-484d-a224-9887887780dc",
          "dataType" : "NA",
          "answers" : [ ],
          "order" : 2.0,
          "abnormal" : true,
          "active" : true
        }, {
          "name" : "Yes",
          "uuid" : "04bb1773-c353-44a1-a68c-9b448e07ff70",
          "dataType" : "NA",
          "answers" : [ ],
          "order" : 1.0,
          "active" : true
        } ],
        "active" : true
      },
      "displayOrder" : 5.0,
      "type" : "SingleSelect",
      "rule" : "",
      "mandatory" : false
    }, {
      "name" : "Did breast feeding start within 1 hour of birth?",
      "uuid" : "245a4a27-b39f-4859-8d7d-cd6995c4203f",
      "keyValues" : [ ],
      "concept" : {
        "name" : "Breast feeding within 1 hour of birth",
        "uuid" : "ae2b1a14-4c76-415c-8520-656f57bcb48d",
        "dataType" : "Coded",
        "answers" : [ {
          "name" : "Yes",
          "uuid" : "04bb1773-c353-44a1-a68c-9b448e07ff70",
          "dataType" : "NA",
          "answers" : [ ],
          "order" : 1.0,
          "active" : true
        }, {
          "name" : "No",
          "uuid" : "e7b50c78-3d90-484d-a224-9887887780dc",
          "dataType" : "NA",
          "answers" : [ ],
          "order" : 2.0,
          "abnormal" : true,
          "active" : true
        } ],
        "active" : true
      },
      "displayOrder" : 6.0,
      "type" : "SingleSelect",
      "mandatory" : true,
      "voided" : true
    }, {
      "name" : "When did breast feeding start?",
      "uuid" : "ee2966d4-035c-4282-9314-a4453f260f28",
      "keyValues" : [ ],
      "concept" : {
        "name" : "Breast feeding started",
        "uuid" : "05a76d7c-aa02-4023-9d98-639c36a269a7",
        "dataType" : "Numeric",
        "answers" : [ ],
        "active" : true
      },
      "displayOrder" : 7.0,
      "type" : "SingleSelect",
      "mandatory" : true,
      "voided" : true
    }, {
      "name" : "Did breast feeding start within 1 hour of birth?",
      "uuid" : "c11bc3cd-7b58-49ba-b085-040378958a57",
      "keyValues" : [ ],
      "concept" : {
        "name" : "Breast feeding within 1 hour of birth",
        "uuid" : "ae2b1a14-4c76-415c-8520-656f57bcb48d",
        "dataType" : "Coded",
        "answers" : [ {
          "name" : "Yes",
          "uuid" : "04bb1773-c353-44a1-a68c-9b448e07ff70",
          "dataType" : "NA",
          "answers" : [ ],
          "order" : 1.0,
          "active" : true
        }, {
          "name" : "No",
          "uuid" : "e7b50c78-3d90-484d-a224-9887887780dc",
          "dataType" : "NA",
          "answers" : [ ],
          "order" : 2.0,
          "abnormal" : true,
          "active" : true
        } ],
        "active" : true
      },
      "displayOrder" : 8.0,
      "type" : "SingleSelect",
      "mandatory" : true,
      "voided" : true
    }, {
      "name" : "When did breast feeding start?",
      "uuid" : "8977ed9d-ef91-4c97-8cc1-2515c827eff1",
      "keyValues" : [ ],
      "concept" : {
        "name" : "Breast feeding started",
        "uuid" : "05a76d7c-aa02-4023-9d98-639c36a269a7",
        "dataType" : "Numeric",
        "answers" : [ ],
        "active" : true
      },
      "displayOrder" : 9.0,
      "type" : "SingleSelect",
      "mandatory" : true,
      "voided" : true
    } ],
    "timed" : false
  }, {
    "uuid" : "330730f4-71c8-4e31-aa30-5cbf4d07d1e2",
    "name" : "Physical Examination",
    "displayOrder" : 2.0,
    "display" : "Physical Examination",
    "formElements" : [ {
      "name" : "Birth defects",
      "uuid" : "6985bbf7-0f97-40a8-8c06-875e31631bc6",
      "keyValues" : [ ],
      "concept" : {
        "name" : "Birth Defects",
        "uuid" : "408ce177-eac2-4103-8b5e-3f8bc67bea2b",
        "dataType" : "Coded",
        "answers" : [ {
          "name" : "Down's syndrome",
          "uuid" : "ef94187b-fd61-4052-8c46-0d9053b07171",
          "dataType" : "NA",
          "answers" : [ ],
          "order" : 13.0,
          "active" : true
        }, {
          "name" : "Other",
          "uuid" : "05ea583c-51d2-412d-ad00-06c432ffe538",
          "dataType" : "NA",
          "answers" : [ ],
          "order" : 14.0,
          "active" : true
        }, {
          "name" : "Hypospadias",
          "uuid" : "3c782841-6bad-460d-b765-5e1c5ffd5da7",
          "dataType" : "NA",
          "answers" : [ ],
          "order" : 7.0,
          "active" : true
        }, {
          "name" : "Congenital Heart disease (Patent Dutus arteriosus or Coarctation(narrowing) of aorta)",
          "uuid" : "8cb3a07a-ccfb-41a3-a975-3b40ce01c368",
          "dataType" : "NA",
          "answers" : [ ],
          "order" : 8.0,
          "active" : true
        }, {
          "name" : "Congenital Cataract",
          "uuid" : "a591d7ea-38b5-4a82-967e-bc751fe298eb",
          "dataType" : "NA",
          "answers" : [ ],
          "order" : 10.0,
          "active" : true
        }, {
          "name" : "Cleft Palate",
          "uuid" : "bb2f528c-3cd2-44ee-9542-474d06376596",
          "dataType" : "NA",
          "answers" : [ ],
          "order" : 2.0,
          "active" : true
        }, {
          "name" : "Club foot",
          "uuid" : "03b3682a-0d96-4de9-bec7-31e71facd14c",
          "dataType" : "NA",
          "answers" : [ ],
          "order" : 12.0,
          "active" : true
        }, {
          "name" : "Cleft Lip",
          "uuid" : "2f9cd5ed-4434-4df6-ba6e-710b05e15451",
          "dataType" : "NA",
          "answers" : [ ],
          "order" : 1.0,
          "active" : true
        }, {
          "name" : "Inguinal Hernia",
          "uuid" : "24084b76-e772-4360-a60a-426dce8d7ebb",
          "dataType" : "NA",
          "answers" : [ ],
          "order" : 4.0,
          "active" : true
        }, {
          "name" : "Undescended Testicle",
          "uuid" : "6cff00cb-9998-4041-a65b-2d1247a14103",
          "dataType" : "NA",
          "answers" : [ ],
          "order" : 6.0,
          "active" : true
        }, {
          "name" : "None",
          "uuid" : "ebda5e05-a995-43ca-ad1a-30af3b937539",
          "dataType" : "NA",
          "answers" : [ ],
          "order" : 15.0,
          "unique" : true,
          "active" : true
        }, {
          "name" : "neural tube defects",
          "uuid" : "995481b1-e68b-4abb-b774-4fe6c016f5d2",
          "dataType" : "NA",
          "answers" : [ ],
          "order" : 9.0,
          "active" : true
        }, {
          "name" : "Hydrocele",
          "uuid" : "9e6fb895-6742-4cd8-9f61-522c37360c60",
          "dataType" : "NA",
          "answers" : [ ],
          "order" : 5.0,
          "active" : true
        }, {
          "name" : "Congenital deafness",
          "uuid" : "ff071de9-d145-4704-b4f2-fb91c513cf81",
          "dataType" : "NA",
          "answers" : [ ],
          "order" : 11.0,
          "active" : true
        }, {
          "name" : "Umbilical Hernia",
          "uuid" : "ed5e316a-8995-4de6-ad2e-65a683993624",
          "dataType" : "NA",
          "answers" : [ ],
          "order" : 3.0,
          "active" : true
        } ],
        "active" : true
      },
      "displayOrder" : 1.0,
      "type" : "MultiSelect",
      "mandatory" : true,
      "voided" : true
    }, {
      "name" : "Other birth defects",
      "uuid" : "e4fbdffd-d9fe-4f31-a613-516385c7d325",
      "keyValues" : [ ],
      "concept" : {
        "name" : "Other Birth Defects",
        "uuid" : "58d9b2d8-1d91-4935-9a55-f35a66964db1",
        "dataType" : "Text",
        "answers" : [ ],
        "active" : true
      },
      "displayOrder" : 2.0,
      "type" : "SingleSelect",
      "mandatory" : true,
      "voided" : true
    }, {
      "name" : "Colour of child",
      "uuid" : "c29973e2-baea-429d-9f4c-42f33fa8edd4",
      "keyValues" : [ ],
      "concept" : {
        "name" : "Colour of child",
        "uuid" : "747f9b96-5b88-4f08-b52c-e1a060df4c30",
        "dataType" : "Coded",
        "answers" : [ {
          "name" : "Completely pink",
          "uuid" : "0d6fdc51-a8c7-4baf-a85e-e6a55b14cd8d",
          "dataType" : "NA",
          "answers" : [ ],
          "order" : 3.0,
          "active" : true
        }, {
          "name" : "Body pink but hands and feet blue/pale",
          "uuid" : "c66ef660-ded1-439a-8255-917ecf0e61a1",
          "dataType" : "NA",
          "answers" : [ ],
          "order" : 2.0,
          "abnormal" : true,
          "active" : true
        }, {
          "name" : "Blue/pale",
          "uuid" : "a23bc4b5-b1a5-40ff-b67c-255a0788baf3",
          "dataType" : "NA",
          "answers" : [ ],
          "order" : 1.0,
          "abnormal" : true,
          "active" : true
        } ],
        "active" : true
      },
      "displayOrder" : 3.0,
      "type" : "SingleSelect",
      "mandatory" : true,
      "voided" : true
    }, {
      "name" : "Reflex",
      "uuid" : "4039039a-c395-4fd1-b7b2-379910df2494",
      "keyValues" : [ ],
      "concept" : {
        "name" : "Reflex",
        "uuid" : "85359b71-4790-4c00-b8ca-89cb024985bd",
        "dataType" : "Coded",
        "answers" : [ {
          "name" : "Absent",
          "uuid" : "10885638-561a-42b6-8b24-8daa01864c89",
          "dataType" : "NA",
          "answers" : [ ],
          "order" : 1.0,
          "abnormal" : true,
          "active" : true
        }, {
          "name" : "Grimace/painful expression and Cough or sneeze",
          "uuid" : "6c1b893d-d18e-40ca-af29-85d1bb4ef497",
          "dataType" : "NA",
          "answers" : [ ],
          "order" : 3.0,
          "active" : true
        }, {
          "name" : "Grimace/painful expression",
          "uuid" : "2facbe79-1def-40c2-a107-e6fcfd6e9977",
          "dataType" : "NA",
          "answers" : [ ],
          "order" : 2.0,
          "active" : true
        } ],
        "active" : true
      },
      "displayOrder" : 4.0,
      "type" : "SingleSelect",
      "mandatory" : true,
      "voided" : true
    }, {
      "name" : "Muscle Tone",
      "uuid" : "e7aedf63-6418-4a8f-8d99-a5d93ca41f89",
      "keyValues" : [ ],
      "concept" : {
        "name" : "Muscle tone",
        "uuid" : "8ae7a140-900c-4bae-bb20-15b8c883869a",
        "dataType" : "Coded",
        "answers" : [ {
          "name" : "Flexed arms and legs",
          "uuid" : "5e430139-4681-441e-9218-c806033dea77",
          "dataType" : "NA",
          "answers" : [ ],
          "order" : 2.0,
          "abnormal" : true,
          "active" : true
        }, {
          "name" : "Absent",
          "uuid" : "10885638-561a-42b6-8b24-8daa01864c89",
          "dataType" : "NA",
          "answers" : [ ],
          "order" : 1.0,
          "abnormal" : true,
          "active" : true
        }, {
          "name" : "Active movements",
          "uuid" : "05f99af0-af6d-4818-927b-c8502b4551d7",
          "dataType" : "NA",
          "answers" : [ ],
          "order" : 3.0,
          "active" : true
        } ],
        "active" : true
      },
      "displayOrder" : 5.0,
      "type" : "SingleSelect",
      "mandatory" : true,
      "voided" : true
    }, {
      "name" : "Icterus present within 24 hrs of birth?",
      "uuid" : "e25411c8-8813-4c9b-ab21-eb55200612af",
      "keyValues" : [ ],
      "concept" : {
        "name" : "Jaundice (Icterus)",
        "uuid" : "78cb1fb0-9e7c-4012-872c-00589fda661d",
        "dataType" : "Coded",
        "answers" : [ {
          "name" : "Absent",
          "uuid" : "10885638-561a-42b6-8b24-8daa01864c89",
          "dataType" : "NA",
          "answers" : [ ],
          "order" : 2.0,
          "active" : true
        }, {
          "name" : "Present",
          "uuid" : "57b51d52-981f-4af2-b133-aeffa6d00757",
          "dataType" : "NA",
          "answers" : [ ],
          "order" : 1.0,
          "abnormal" : true,
          "active" : true
        } ],
        "active" : true
      },
      "displayOrder" : 6.0,
      "type" : "SingleSelect",
      "mandatory" : true,
      "voided" : true
    } ],
    "timed" : false
  }, {
    "uuid" : "5d1cff96-3a19-430d-92bf-0244a2562154",
    "name" : "Vitals",
    "displayOrder" : 3.0,
    "display" : "Vitals",
    "formElements" : [ {
      "name" : "Pulse",
      "uuid" : "e9097f25-cb68-44d5-8709-f7ccfa3d36d6",
      "keyValues" : [ ],
      "concept" : {
        "name" : "Child Pulse",
        "uuid" : "4629403c-7d38-4984-89cb-8be929b66e69",
        "dataType" : "Numeric",
        "answers" : [ ],
        "lowNormal" : 60.0,
        "highNormal" : 100.0,
        "active" : true
      },
      "displayOrder" : 1.0,
      "type" : "SingleSelect",
      "mandatory" : true,
      "voided" : true
    }, {
      "name" : "Temperature",
      "uuid" : "c31449fa-9102-4a46-8264-022d529d4f38",
      "keyValues" : [ ],
      "concept" : {
        "name" : "Child Temperature",
        "uuid" : "c5e0d0e0-4ff7-40be-a929-292d7c4b17d0",
        "dataType" : "Numeric",
        "answers" : [ ],
        "lowNormal" : 97.5,
        "highNormal" : 99.5,
        "active" : true
      },
      "displayOrder" : 2.0,
      "type" : "SingleSelect",
      "mandatory" : true,
      "voided" : true
    }, {
      "name" : "Respiratory Rate",
      "uuid" : "ceed29aa-0145-4c77-a032-2c1546682612",
      "keyValues" : [ ],
      "concept" : {
        "name" : "Child Respiratory Rate",
        "uuid" : "a669a751-574e-4f7b-8c34-d3d755adecf8",
        "dataType" : "Numeric",
        "answers" : [ ],
        "lowNormal" : 30.0,
        "highNormal" : 60.0,
        "active" : true
      },
      "displayOrder" : 3.0,
      "type" : "SingleSelect",
      "mandatory" : true,
      "voided" : true
    } ],
    "timed" : false
  }, {
    "uuid" : "92802ca9-1494-4c7a-a629-96362d0f4756",
    "name" : "Physical Examination",
    "displayOrder" : 4.0,
    "display" : "Physical Examination",
    "formElements" : [ {
      "name" : "Jaundice (Icterus)",
      "uuid" : "1f0bbcce-801e-4736-b5ab-c8afee6e8521",
      "keyValues" : [ ],
      "concept" : {
        "name" : "Jaundice (Icterus)",
        "uuid" : "78cb1fb0-9e7c-4012-872c-00589fda661d",
        "dataType" : "Coded",
        "answers" : [ {
          "name" : "Absent",
          "uuid" : "10885638-561a-42b6-8b24-8daa01864c89",
          "dataType" : "NA",
          "answers" : [ ],
          "order" : 2.0,
          "active" : true
        }, {
          "name" : "Present",
          "uuid" : "57b51d52-981f-4af2-b133-aeffa6d00757",
          "dataType" : "NA",
          "answers" : [ ],
          "order" : 1.0,
          "abnormal" : true,
          "active" : true
        } ],
        "active" : true
      },
      "displayOrder" : 1.0,
      "type" : "SingleSelect",
      "mandatory" : true,
      "voided" : true
    } ],
    "voided" : true,
    "timed" : false
  } ],
  "decisionRule" : "\"use strict\";\n({params, imports}) => {\n    const programEncounter = params.entity;\n    const moment = imports.moment;\n    const decisions = params.decisions;\n    \n    const referToHospitalBuilder = new imports.rulesConfig.complicationsBuilder({\n        programEncounter: programEncounter,\n        complicationsConcept: \"Refer to the hospital immediately for\"\n    });\n    \n      referToHospitalBuilder\n        .addComplication(\"Child born Underweight\")\n        .when.valueInEncounter(\"Birth Weight\")\n        .is.lessThan(2.6);\n        \n         const complicationBuilder = new imports.rulesConfig.complicationsBuilder({\n        programEncounter: programEncounter,\n        complicationsConcept: \"High Risk Conditions\"\n    });\n    \n      complicationBuilder\n        .addComplication(\"Did not cry soon after birth\")\n        .when.valueInEncounter(\"Cried soon after birth\")\n        .containsAnswerConceptName(\"No\").matches();\n\n    decisions.encounterDecisions.push(referToHospitalBuilder.getComplications());\n    decisions.encounterDecisions.push(complicationBuilder.getComplications());\n    \n    return decisions;\n};",
  "visitScheduleRule" : "//SAMPLE RULE EXAMPLE\n\"use strict\";\n({ params, imports }) => {\n  const moment = imports.moment;\n  const programEncounter = params.entity;\n  const scheduleBuilder = new imports.rulesConfig.VisitScheduleBuilder({\n    programEncounter\n  });\n  \n  const earliestDate = moment(programEncounter.encounterDateTime).toDate();\n  const maxDate = moment(earliestDate).add(7, 'days').toDate();\n  \n    scheduleBuilder\n    .add({\n      name: \"Child PNC 1\",\n      encounterType: \"Child PNC\",\n      earliestDate: earliestDate,\n      maxDate: maxDate\n    })\n  return scheduleBuilder.getAll();\n};",
  "validationRule" : "",
  "checklistsRule" : "",
  "decisionConcepts" : [ {
    "name" : "Refer to the hospital immediately for",
    "uuid" : "c59da618-20d8-4384-b32b-e0e31013581f",
    "dataType" : "Coded",
    "answers" : [ {
      "name" : "Cesarean incision problems",
      "uuid" : "e30b164e-3edc-4098-8271-42c4f483eec8",
      "dataType" : "NA",
      "answers" : [ ],
      "order" : 4.0,
      "abnormal" : true,
      "active" : true
    }, {
      "name" : "Severe Abdominal Pain",
      "uuid" : "5ba2d201-a120-4f2d-92e6-ca97d48b60b0",
      "dataType" : "NA",
      "answers" : [ ],
      "order" : 24.0,
      "abnormal" : true,
      "active" : true
    }, {
      "name" : "Per vaginal bleeding",
      "uuid" : "79865f4d-1946-40b4-a823-28281fc58ba0",
      "dataType" : "NA",
      "answers" : [ ],
      "order" : 27.0,
      "abnormal" : true,
      "active" : true
    }, {
      "name" : "Decreased Foetal movements",
      "uuid" : "d4276c48-2db2-494b-b041-97ffc1146c83",
      "dataType" : "Coded",
      "answers" : [ {
        "name" : "No",
        "uuid" : "e7b50c78-3d90-484d-a224-9887887780dc",
        "dataType" : "NA",
        "answers" : [ ],
        "order" : 2.0,
        "active" : true
      }, {
        "name" : "Yes",
        "uuid" : "04bb1773-c353-44a1-a68c-9b448e07ff70",
        "dataType" : "NA",
        "answers" : [ ],
        "order" : 1.0,
        "active" : true
      } ],
      "order" : 26.0,
      "abnormal" : true,
      "active" : true
    }, {
      "name" : "Fever",
      "uuid" : "0b7f3334-f81e-4d84-a13d-b35011e34456",
      "dataType" : "NA",
      "answers" : [ ],
      "order" : 23.0,
      "abnormal" : true,
      "active" : true
    }, {
      "name" : "Meconium not passed for more than 48 hours after birth",
      "uuid" : "b2837699-5590-47e5-9489-856d185e86df",
      "dataType" : "NA",
      "answers" : [ ],
      "order" : 60.0,
      "abnormal" : true,
      "active" : true
    }, {
      "name" : "Abnormal Hb Electrophoresis",
      "uuid" : "e8b6e80e-2952-4ad8-8e8a-bb7299a13c7b",
      "dataType" : "NA",
      "answers" : [ ],
      "order" : 40.0,
      "abnormal" : true,
      "active" : true
    }, {
      "name" : "Icterus present",
      "uuid" : "bab23da4-603e-4f9e-a823-90cc785d8f2f",
      "dataType" : "NA",
      "answers" : [ ],
      "order" : 15.0,
      "abnormal" : true,
      "active" : true
    }, {
      "name" : "Hypertension",
      "uuid" : "998d1bae-05d8-47b9-89b8-0254829f238f",
      "dataType" : "NA",
      "answers" : [ ],
      "order" : 36.0,
      "abnormal" : true,
      "active" : true
    }, {
      "name" : "Foul smelling vaginal discharge or blood",
      "uuid" : "57c3c31b-341c-4ab9-ac65-de75a432a089",
      "dataType" : "NA",
      "answers" : [ ],
      "order" : 52.0,
      "active" : true
    }, {
      "name" : "Reflex Absent",
      "uuid" : "f2eb3d4c-838d-4f67-9815-cf108e0f05ff",
      "dataType" : "NA",
      "answers" : [ ],
      "order" : 9.0,
      "abnormal" : true,
      "active" : true
    }, {
      "name" : "Abnormal Respiratory Rate",
      "uuid" : "6b329b8c-04b7-4cdd-90ea-1cd79dbd014b",
      "dataType" : "NA",
      "answers" : [ ],
      "order" : 14.0,
      "abnormal" : true,
      "active" : true
    }, {
      "name" : "Child PNC skin problems",
      "uuid" : "36460b33-a6c2-478f-894c-491128aa4ca5",
      "dataType" : "Coded",
      "answers" : [ {
        "name" : "Umbilical redness and or discharge",
        "uuid" : "eb030ccc-865c-43d1-84f1-11c20e7e7fc2",
        "dataType" : "NA",
        "answers" : [ ],
        "order" : 3.0,
        "abnormal" : true,
        "active" : true
      }, {
        "name" : "No problems",
        "uuid" : "55c81def-8229-4531-a998-0438bdd5a8f1",
        "dataType" : "NA",
        "answers" : [ ],
        "order" : 1.0,
        "active" : true
      }, {
        "name" : "Sunken fontanelle",
        "uuid" : "0210eee7-90e8-4c93-bd41-3c8f3dcb95c7",
        "dataType" : "NA",
        "answers" : [ ],
        "order" : 7.0,
        "abnormal" : true,
        "active" : true
      }, {
        "name" : "Umbilical Abscess",
        "uuid" : "4cc68725-905b-4f29-800a-5032bc169c4d",
        "dataType" : "NA",
        "answers" : [ ],
        "order" : 4.0,
        "abnormal" : true,
        "active" : true
      }, {
        "name" : "Skin blisters",
        "uuid" : "fdfbfbc8-0a77-4ade-9a26-4203e23c3f82",
        "dataType" : "NA",
        "answers" : [ ],
        "order" : 8.0,
        "abnormal" : true,
        "active" : true
      }, {
        "name" : "Blue/pale",
        "uuid" : "a23bc4b5-b1a5-40ff-b67c-255a0788baf3",
        "dataType" : "NA",
        "answers" : [ ],
        "order" : 2.0,
        "abnormal" : true,
        "active" : true
      }, {
        "name" : "Rash",
        "uuid" : "966bf035-b14f-4fd0-8b2d-22798ad330c7",
        "dataType" : "NA",
        "answers" : [ ],
        "order" : 5.0,
        "abnormal" : true,
        "active" : true
      }, {
        "name" : "No problem",
        "uuid" : "855fb739-19d8-418d-a8ae-c1da977b7fa9",
        "dataType" : "NA",
        "answers" : [ ],
        "order" : 9.0,
        "unique" : true,
        "active" : true
      }, {
        "name" : "Umbilical cord is infected",
        "uuid" : "50ad01bb-a93a-4eae-8804-a3b8a5a23077",
        "dataType" : "NA",
        "answers" : [ ],
        "order" : 1.0,
        "abnormal" : true,
        "active" : true
      }, {
        "name" : "Jaundice",
        "uuid" : "352bb8a4-1569-492f-9a53-14e3b134c104",
        "dataType" : "NA",
        "answers" : [ ],
        "order" : 3.0,
        "active" : true
      }, {
        "name" : "Wrinkled Skin",
        "uuid" : "efe68956-0ff4-4391-af2b-c9e49bb9e97e",
        "dataType" : "NA",
        "answers" : [ ],
        "order" : 6.0,
        "abnormal" : true,
        "active" : true
      } ],
      "order" : 50.0,
      "abnormal" : true,
      "active" : true
    }, {
      "name" : "TB",
      "uuid" : "ca8a5f57-c409-47ad-8acf-921cdd0fc191",
      "dataType" : "NA",
      "answers" : [ ],
      "order" : 21.0,
      "abnormal" : true,
      "active" : true
    }, {
      "name" : "Not Breast-fed within 1 hour of birth",
      "uuid" : "57f0b3c2-372e-4af7-8a0d-b23228f836db",
      "dataType" : "NA",
      "answers" : [ ],
      "order" : 7.0,
      "abnormal" : true,
      "active" : true
    }, {
      "name" : "Foetal movements absent",
      "uuid" : "8df37793-00cc-4d7e-9f4a-656216661a71",
      "dataType" : "NA",
      "answers" : [ ],
      "order" : 31.0,
      "abnormal" : true,
      "active" : true
    }, {
      "name" : "Post-Partum Haemorrhage symptoms",
      "uuid" : "863b3d4b-31df-4313-9a20-66749c1f175d",
      "dataType" : "Coded",
      "answers" : [ {
        "name" : "No problem",
        "uuid" : "855fb739-19d8-418d-a8ae-c1da977b7fa9",
        "dataType" : "NA",
        "answers" : [ ],
        "order" : 4.0,
        "unique" : true,
        "active" : true
      }, {
        "name" : "Difficulty breathing",
        "uuid" : "fe8c09ce-4135-4092-a693-3ad9bd8edb44",
        "dataType" : "NA",
        "answers" : [ ],
        "order" : 2.0,
        "abnormal" : true,
        "active" : true
      }, {
        "name" : "Blurred vision",
        "uuid" : "2367268e-5988-4db3-a0ca-19438bd5931c",
        "dataType" : "NA",
        "answers" : [ ],
        "order" : 1.0,
        "abnormal" : true,
        "active" : true
      }, {
        "name" : "Severe headache",
        "uuid" : "5a6ab8bb-fb14-4747-a66e-3961d718a83e",
        "dataType" : "NA",
        "answers" : [ ],
        "order" : 3.0,
        "abnormal" : true,
        "active" : true
      } ],
      "order" : 47.0,
      "abnormal" : true,
      "active" : true
    }, {
      "name" : "Blurred vision",
      "uuid" : "2367268e-5988-4db3-a0ca-19438bd5931c",
      "dataType" : "NA",
      "answers" : [ ],
      "order" : 25.0,
      "abnormal" : true,
      "active" : true
    }, {
      "name" : "Low Temperature",
      "uuid" : "15f3e8c9-b39e-4617-b54e-6a425d8fa9a2",
      "dataType" : "NA",
      "answers" : [ ],
      "order" : 12.0,
      "abnormal" : true,
      "active" : true
    }, {
      "name" : "Blurring of vision",
      "uuid" : "81671303-a09c-425f-aa4c-bdafd2de37d9",
      "dataType" : "NA",
      "answers" : [ ],
      "order" : 19.0,
      "abnormal" : true,
      "active" : true
    }, {
      "name" : "Child PNC cry related complaints",
      "uuid" : "d6a0c77e-840d-40a2-9282-d22db7ede007",
      "dataType" : "Coded",
      "answers" : [ {
        "name" : "Cries Continuously",
        "uuid" : "0cd1ca5a-8a93-4edd-b7de-ace0f45d504a",
        "dataType" : "NA",
        "answers" : [ ],
        "order" : 1.0,
        "abnormal" : true,
        "active" : true
      }, {
        "name" : "None",
        "uuid" : "ebda5e05-a995-43ca-ad1a-30af3b937539",
        "dataType" : "NA",
        "answers" : [ ],
        "order" : 3.0,
        "unique" : true,
        "active" : true
      }, {
        "name" : "Poor cry",
        "uuid" : "2dab5910-bc76-4e8c-815f-627525958a25",
        "dataType" : "NA",
        "answers" : [ ],
        "order" : 2.0,
        "abnormal" : true,
        "active" : true
      } ],
      "order" : 1.0,
      "abnormal" : true,
      "active" : true
    }, {
      "name" : "PV leaking",
      "uuid" : "f7a77870-e1c6-47b7-9d72-01eec4adf0f5",
      "dataType" : "NA",
      "answers" : [ ],
      "order" : 28.0,
      "abnormal" : true,
      "active" : true
    }, {
      "name" : "Child PNC feeding related complaints",
      "uuid" : "bc7b0015-ee9a-4089-b0a3-76862a30aa1c",
      "dataType" : "Coded",
      "answers" : [ {
        "name" : "Sucking poorly",
        "uuid" : "43f7549c-cbed-42ff-80d6-85b46a396582",
        "dataType" : "NA",
        "answers" : [ ],
        "order" : 2.0,
        "abnormal" : true,
        "active" : true
      }, {
        "name" : "Sucking well",
        "uuid" : "176bf779-21ce-4dff-ad0b-a28d45806ba8",
        "dataType" : "NA",
        "answers" : [ ],
        "order" : 1.0,
        "active" : true
      }, {
        "name" : "Vomiting",
        "uuid" : "8126ae79-28d5-4587-bca1-1c8f518b48f4",
        "dataType" : "NA",
        "answers" : [ ],
        "order" : 4.0,
        "abnormal" : true,
        "active" : true
      }, {
        "name" : "Not sucking milk at all",
        "uuid" : "8422c270-11fc-4bf5-85b0-bb3aeb2d39b9",
        "dataType" : "NA",
        "answers" : [ ],
        "order" : 3.0,
        "abnormal" : true,
        "active" : true
      } ],
      "order" : 51.0,
      "active" : true
    }, {
      "name" : "Abnormal Urine Albumin",
      "uuid" : "834adde5-0f87-46a7-93eb-779130ba510e",
      "dataType" : "NA",
      "answers" : [ ],
      "order" : 41.0,
      "abnormal" : true,
      "active" : true
    }, {
      "name" : "Child PNC urination related complaints",
      "uuid" : "43a78b5a-f4da-440d-9614-80af65090e1f",
      "dataType" : "Coded",
      "answers" : [ {
        "name" : "No urination",
        "uuid" : "874d4998-85f8-45a9-ba81-1e187a6b3278",
        "dataType" : "NA",
        "answers" : [ ],
        "order" : 2.0,
        "unique" : true,
        "abnormal" : true,
        "active" : true
      }, {
        "name" : "Yellow or reddish colour urine",
        "uuid" : "8014220b-17b8-47e4-85dc-47cf61975bbf",
        "dataType" : "NA",
        "answers" : [ ],
        "order" : 4.0,
        "abnormal" : true,
        "active" : true
      }, {
        "name" : "Child cries before or while passing urine",
        "uuid" : "c97a10fb-10ac-421e-a352-3244ef1753a7",
        "dataType" : "NA",
        "answers" : [ ],
        "order" : 3.0,
        "abnormal" : true,
        "active" : true
      }, {
        "name" : "Proper urination",
        "uuid" : "23d4fd31-1868-4605-a310-8e7a295cd37f",
        "dataType" : "NA",
        "answers" : [ ],
        "order" : 1.0,
        "unique" : true,
        "active" : true
      } ],
      "order" : 2.0,
      "abnormal" : true,
      "active" : true
    }, {
      "name" : "High Pulse",
      "uuid" : "878c246d-4d2d-4a59-bcd4-fed33baa7814",
      "dataType" : "NA",
      "answers" : [ ],
      "order" : 51.0,
      "active" : true
    }, {
      "name" : "Child born Underweight",
      "uuid" : "6914364e-6627-46bf-94c4-574d051e7fb4",
      "dataType" : "NA",
      "answers" : [ ],
      "order" : 17.0,
      "abnormal" : true,
      "active" : true
    }, {
      "name" : "Excessive vomiting and inability to consume anything orally in last 24 hours",
      "uuid" : "7cdba040-6fad-4a43-8306-4a284178cf5d",
      "dataType" : "NA",
      "answers" : [ ],
      "order" : 22.0,
      "abnormal" : true,
      "active" : true
    }, {
      "name" : "Foetal heart sound absent",
      "uuid" : "b85fce4e-aace-47df-898f-3f574f7587ae",
      "dataType" : "NA",
      "answers" : [ ],
      "order" : 34.0,
      "abnormal" : true,
      "active" : true
    }, {
      "name" : "Jaundice",
      "uuid" : "352bb8a4-1569-492f-9a53-14e3b134c104",
      "dataType" : "NA",
      "answers" : [ ],
      "order" : 30.0,
      "abnormal" : true,
      "active" : true
    }, {
      "name" : "Feeling hot or has chills",
      "uuid" : "42292a37-089f-462a-b174-130de4137baa",
      "dataType" : "NA",
      "answers" : [ ],
      "order" : 5.0,
      "abnormal" : true,
      "active" : true
    }, {
      "name" : "Child PNC stool related complaints",
      "uuid" : "bcd4495f-41fa-494b-a5d9-a766c87f37f9",
      "dataType" : "Coded",
      "answers" : [ {
        "name" : "Blood in stools",
        "uuid" : "ced8bcd4-642e-4e45-9af8-f9f9cf9c7b1f",
        "dataType" : "NA",
        "answers" : [ ],
        "order" : 1.0,
        "abnormal" : true,
        "active" : true
      }, {
        "name" : "Not passing stools",
        "uuid" : "6481a8c2-fab8-49ad-bb37-d6abb72513ca",
        "dataType" : "NA",
        "answers" : [ ],
        "order" : 3.0,
        "unique" : true,
        "abnormal" : true,
        "active" : true
      }, {
        "name" : "Greenish Stool",
        "uuid" : "5721b5e2-5492-4473-aee6-50b9383c4d41",
        "dataType" : "NA",
        "answers" : [ ],
        "order" : 5.0,
        "abnormal" : true,
        "active" : true
      }, {
        "name" : "None",
        "uuid" : "ebda5e05-a995-43ca-ad1a-30af3b937539",
        "dataType" : "NA",
        "answers" : [ ],
        "order" : 6.0,
        "unique" : true,
        "active" : true
      }, {
        "name" : "Loose stools",
        "uuid" : "a98c6c67-8c47-4a60-9f7b-82cd261167a4",
        "dataType" : "NA",
        "answers" : [ ],
        "order" : 2.0,
        "abnormal" : true,
        "active" : true
      }, {
        "name" : "Child cries before or while passing stool",
        "uuid" : "4b26172a-584e-461d-afb6-938eb88391eb",
        "dataType" : "NA",
        "answers" : [ ],
        "order" : 4.0,
        "abnormal" : true,
        "active" : true
      } ],
      "order" : 58.0,
      "abnormal" : true,
      "active" : true
    }, {
      "name" : "Foetal heart rate irregular",
      "uuid" : "dc3ed683-9e61-47be-899f-3c024ef2896f",
      "dataType" : "NA",
      "answers" : [ ],
      "order" : 35.0,
      "abnormal" : true,
      "active" : true
    }, {
      "name" : "Urine not passed since birth",
      "uuid" : "f432e593-0fb7-4368-a0de-51b77588c116",
      "dataType" : "NA",
      "answers" : [ ],
      "order" : 51.0,
      "active" : true
    }, {
      "name" : "Child PNC breathing problems",
      "uuid" : "17d5ed6e-b571-4e02-bebe-0c9db2c8f5ca",
      "dataType" : "Coded",
      "answers" : [ {
        "name" : "No problem",
        "uuid" : "855fb739-19d8-418d-a8ae-c1da977b7fa9",
        "dataType" : "NA",
        "answers" : [ ],
        "order" : 5.0,
        "unique" : true,
        "active" : true
      }, {
        "name" : "Breathing too slow",
        "uuid" : "e0422b25-f656-4e97-92ab-2db9aef28e8c",
        "dataType" : "NA",
        "answers" : [ ],
        "order" : 3.0,
        "abnormal" : true,
        "active" : true
      }, {
        "name" : "No problems",
        "uuid" : "55c81def-8229-4531-a998-0438bdd5a8f1",
        "dataType" : "NA",
        "answers" : [ ],
        "order" : 5.0,
        "active" : true
      }, {
        "name" : "Chest indrawing",
        "uuid" : "4ac39842-039b-45de-a50d-7b31e51c9850",
        "dataType" : "NA",
        "answers" : [ ],
        "order" : 1.0,
        "abnormal" : true,
        "active" : true
      }, {
        "name" : "Grunting noises while breathing",
        "uuid" : "5414e490-3bdd-4551-81d1-0ce69cb7580d",
        "dataType" : "NA",
        "answers" : [ ],
        "order" : 4.0,
        "abnormal" : true,
        "active" : true
      }, {
        "name" : "Breathing too fast",
        "uuid" : "2a68f048-bb8c-404f-9a51-7b2d46806d1f",
        "dataType" : "NA",
        "answers" : [ ],
        "order" : 2.0,
        "abnormal" : true,
        "active" : true
      } ],
      "order" : 61.0,
      "abnormal" : true,
      "active" : true
    }, {
      "name" : "Urination difficulties",
      "uuid" : "1cc9bca7-2774-40b3-9999-df2323bd2402",
      "dataType" : "NA",
      "answers" : [ ],
      "order" : 49.0,
      "abnormal" : true,
      "active" : true
    }, {
      "name" : "Low Respiratory Rate",
      "uuid" : "12c00650-bed6-4242-9c29-4ab7af3676cb",
      "dataType" : "NA",
      "answers" : [ ],
      "order" : 44.0,
      "abnormal" : true,
      "active" : true
    }, {
      "name" : "Foetal movements reduced",
      "uuid" : "2f9afed5-dccb-4a2e-b771-48e88e48c814",
      "dataType" : "NA",
      "answers" : [ ],
      "order" : 32.0,
      "abnormal" : true,
      "active" : true
    }, {
      "name" : "Breast-related problems",
      "uuid" : "5f2ba759-58ca-4fa9-8fee-3063e076d8fa",
      "dataType" : "NA",
      "answers" : [ ],
      "order" : 3.0,
      "abnormal" : true,
      "active" : true
    }, {
      "name" : "Placenta Previa Present",
      "uuid" : "8afff549-a6b4-4eef-b229-b534be99e8e4",
      "dataType" : "NA",
      "answers" : [ ],
      "order" : 20.0,
      "abnormal" : true,
      "active" : true
    }, {
      "name" : "Abnormal Urine Sugar",
      "uuid" : "fd175971-d14e-429b-80ea-4700fa748251",
      "dataType" : "NA",
      "answers" : [ ],
      "order" : 42.0,
      "abnormal" : true,
      "active" : true
    }, {
      "name" : "High Respiratory Rate",
      "uuid" : "6af88b96-93bd-4283-815b-27bc9afae823",
      "dataType" : "NA",
      "answers" : [ ],
      "order" : 45.0,
      "abnormal" : true,
      "active" : true
    }, {
      "name" : "Abnormal Liquour",
      "uuid" : "b52921f9-5450-4a99-a172-02e9b33fbb3d",
      "dataType" : "NA",
      "answers" : [ ],
      "order" : 19.0,
      "abnormal" : true,
      "active" : true
    }, {
      "name" : "High blood sugar",
      "uuid" : "3eab36f5-13cd-4c7b-9f4d-0ecbdbfdb57e",
      "dataType" : "NA",
      "answers" : [ ],
      "order" : 39.0,
      "abnormal" : true,
      "active" : true
    }, {
      "name" : "Urine not passed for more than 48 hours after birth",
      "uuid" : "5fd4d65f-70ab-4a22-a3f7-d7ab3aa2b8a3",
      "dataType" : "NA",
      "answers" : [ ],
      "order" : 57.0,
      "abnormal" : true,
      "active" : true
    }, {
      "name" : "Abdominal problems",
      "uuid" : "8388ae07-4373-47c4-a8f5-2275a252c649",
      "dataType" : "NA",
      "answers" : [ ],
      "order" : 52.0,
      "active" : true
    }, {
      "name" : "Muscle tone Absent/Flexed arms and legs",
      "uuid" : "8701cdcf-5d23-4b05-8be0-310159758a4d",
      "dataType" : "NA",
      "answers" : [ ],
      "order" : 10.0,
      "abnormal" : true,
      "active" : true
    }, {
      "name" : "Spontaneous abortion",
      "uuid" : "e93e1640-7fea-4085-9f17-cfc36fcf13c5",
      "dataType" : "NA",
      "answers" : [ ],
      "order" : 53.0,
      "abnormal" : true,
      "active" : true
    }, {
      "name" : "Multiple foetuses",
      "uuid" : "c99f5dc0-7dc7-410c-bb4a-997666ac312b",
      "dataType" : "NA",
      "answers" : [ ],
      "order" : 18.0,
      "abnormal" : true,
      "active" : true
    }, {
      "name" : "Irregular weight gain",
      "uuid" : "ebb0dd6f-4dc8-4ef5-838b-a18eec5ba9c9",
      "dataType" : "NA",
      "answers" : [ ],
      "order" : 43.0,
      "abnormal" : true,
      "active" : true
    }, {
      "name" : "Induced abortion",
      "uuid" : "9e7d21e8-8123-46de-8bf0-f3c79e5810b0",
      "dataType" : "NA",
      "answers" : [ ],
      "order" : 54.0,
      "abnormal" : true,
      "active" : true
    }, {
      "name" : "Meconium not passed since birth",
      "uuid" : "7d7e9ec2-dfd2-4ad3-b78d-0cae5eb26c6b",
      "dataType" : "NA",
      "answers" : [ ],
      "order" : 48.0,
      "abnormal" : true,
      "active" : true
    }, {
      "name" : "Child PNC eye problems",
      "uuid" : "2010e1e0-468d-424c-85ef-290612f3eae8",
      "dataType" : "Coded",
      "answers" : [ {
        "name" : "None",
        "uuid" : "ebda5e05-a995-43ca-ad1a-30af3b937539",
        "dataType" : "NA",
        "answers" : [ ],
        "order" : 5.0,
        "unique" : true,
        "active" : true
      }, {
        "name" : "Jaundice",
        "uuid" : "352bb8a4-1569-492f-9a53-14e3b134c104",
        "dataType" : "NA",
        "answers" : [ ],
        "order" : 1.0,
        "abnormal" : true,
        "active" : true
      }, {
        "name" : "Icterus present",
        "uuid" : "bab23da4-603e-4f9e-a823-90cc785d8f2f",
        "dataType" : "NA",
        "answers" : [ ],
        "order" : 4.0,
        "abnormal" : true,
        "active" : true
      }, {
        "name" : "Swollen eyelids",
        "uuid" : "3b98f4f8-fa9b-4af1-bf16-e1cc3b25c03f",
        "dataType" : "NA",
        "answers" : [ ],
        "order" : 2.0,
        "abnormal" : true,
        "active" : true
      }, {
        "name" : "Discharge from eyes",
        "uuid" : "388cd26f-f73e-498f-8e33-1a23320b30a5",
        "dataType" : "NA",
        "answers" : [ ],
        "order" : 3.0,
        "abnormal" : true,
        "active" : true
      }, {
        "name" : "Redness of eyes",
        "uuid" : "f68197ea-a8b0-4187-a816-234ebf2720ee",
        "dataType" : "NA",
        "answers" : [ ],
        "order" : 1.0,
        "abnormal" : true,
        "active" : true
      } ],
      "order" : 56.0,
      "active" : true
    }, {
      "name" : "Fever/Chills",
      "uuid" : "2441879f-4f53-4755-9474-3168c68095a5",
      "dataType" : "Coded",
      "answers" : [ {
        "name" : "No",
        "uuid" : "e7b50c78-3d90-484d-a224-9887887780dc",
        "dataType" : "NA",
        "answers" : [ ],
        "order" : 2.0,
        "active" : true
      }, {
        "name" : "Yes",
        "uuid" : "04bb1773-c353-44a1-a68c-9b448e07ff70",
        "dataType" : "NA",
        "answers" : [ ],
        "order" : 1.0,
        "abnormal" : true,
        "active" : true
      } ],
      "order" : 62.0,
      "abnormal" : true,
      "active" : true
    }, {
      "name" : "Abnormal Paracheck",
      "uuid" : "a0460e35-d7de-46f2-8c12-783c3ae445b3",
      "dataType" : "NA",
      "answers" : [ ],
      "order" : 37.0,
      "abnormal" : true,
      "active" : true
    }, {
      "name" : "High Temperature",
      "uuid" : "eb1ec712-8a28-4511-ba59-4254ad301700",
      "dataType" : "NA",
      "answers" : [ ],
      "order" : 13.0,
      "abnormal" : true,
      "active" : true
    }, {
      "name" : "Low Pulse",
      "uuid" : "87f387a4-434c-45ee-9cbd-c17b310469a7",
      "dataType" : "NA",
      "answers" : [ ],
      "order" : 46.0,
      "abnormal" : true,
      "active" : true
    }, {
      "name" : "Abdominal pain",
      "uuid" : "7b8829db-9a5a-4177-bab3-6f8e3bb3832c",
      "dataType" : "NA",
      "answers" : [ ],
      "order" : 55.0,
      "active" : true
    }, {
      "name" : "Abnormal Hb",
      "uuid" : "b21e0c2c-7516-4019-85a2-a103e1ef7156",
      "dataType" : "NA",
      "answers" : [ ],
      "order" : 38.0,
      "abnormal" : true,
      "active" : true
    }, {
      "name" : "Child PNC activity related complaints",
      "uuid" : "ad5d7bf8-932a-4eb2-8e8a-7c38dc4bbe2b",
      "dataType" : "Coded",
      "answers" : [ {
        "name" : "Unconscious",
        "uuid" : "04d0248b-72c4-4d78-b4f1-3e3d9cc247b1",
        "dataType" : "NA",
        "answers" : [ ],
        "order" : 5.0,
        "abnormal" : true,
        "active" : true
      }, {
        "name" : "Sluggish movements",
        "uuid" : "7c767ec4-dfe8-46de-aeec-87dfaab3f056",
        "dataType" : "NA",
        "answers" : [ ],
        "order" : 1.0,
        "abnormal" : true,
        "active" : true
      }, {
        "name" : "Does not feed well",
        "uuid" : "56157f43-d681-4fcd-a414-171dee9af787",
        "dataType" : "NA",
        "answers" : [ ],
        "order" : 1.0,
        "abnormal" : true,
        "active" : true
      }, {
        "name" : "None",
        "uuid" : "ebda5e05-a995-43ca-ad1a-30af3b937539",
        "dataType" : "NA",
        "answers" : [ ],
        "order" : 6.0,
        "unique" : true,
        "active" : true
      }, {
        "name" : "Slow activity / lethargic",
        "uuid" : "23884265-d78e-4159-8e04-dc9de88b1a4f",
        "dataType" : "NA",
        "answers" : [ ],
        "order" : 4.0,
        "abnormal" : true,
        "active" : true
      }, {
        "name" : "Convulsions",
        "uuid" : "ab9596e4-04b6-48f2-9f4d-1c7a2c82dbf8",
        "dataType" : "Coded",
        "answers" : [ {
          "name" : "Absent",
          "uuid" : "10885638-561a-42b6-8b24-8daa01864c89",
          "dataType" : "NA",
          "answers" : [ ],
          "order" : 2.0,
          "active" : true
        }, {
          "name" : "Present",
          "uuid" : "57b51d52-981f-4af2-b133-aeffa6d00757",
          "dataType" : "NA",
          "answers" : [ ],
          "order" : 1.0,
          "abnormal" : true,
          "active" : true
        } ],
        "order" : 3.0,
        "abnormal" : true,
        "active" : true
      }, {
        "name" : "Not sucking milk at all",
        "uuid" : "8422c270-11fc-4bf5-85b0-bb3aeb2d39b9",
        "dataType" : "NA",
        "answers" : [ ],
        "order" : 2.0,
        "abnormal" : true,
        "active" : true
      } ],
      "order" : 59.0,
      "abnormal" : true,
      "active" : true
    }, {
      "name" : "Pulse <100 or > 160 bpm",
      "uuid" : "e183bd41-eedf-458e-a96f-f818bf128243",
      "dataType" : "NA",
      "answers" : [ ],
      "order" : 11.0,
      "abnormal" : true,
      "active" : true
    }, {
      "name" : "Did not cry soon after birth",
      "uuid" : "603a37fb-1179-477d-a4bc-cb9f2f463f25",
      "dataType" : "NA",
      "answers" : [ ],
      "order" : 16.0,
      "abnormal" : true,
      "active" : true
    }, {
      "name" : "Convulsions",
      "uuid" : "ab9596e4-04b6-48f2-9f4d-1c7a2c82dbf8",
      "dataType" : "Coded",
      "answers" : [ {
        "name" : "Absent",
        "uuid" : "10885638-561a-42b6-8b24-8daa01864c89",
        "dataType" : "NA",
        "answers" : [ ],
        "order" : 2.0,
        "active" : true
      }, {
        "name" : "Present",
        "uuid" : "57b51d52-981f-4af2-b133-aeffa6d00757",
        "dataType" : "NA",
        "answers" : [ ],
        "order" : 1.0,
        "abnormal" : true,
        "active" : true
      } ],
      "order" : 29.0,
      "abnormal" : true,
      "active" : true
    }, {
      "name" : "Vaginal problems",
      "uuid" : "ef2507b0-b070-4e7c-b61a-47ed87b8432f",
      "dataType" : "NA",
      "answers" : [ ],
      "order" : 6.0,
      "abnormal" : true,
      "active" : true
    }, {
      "name" : "Foetal heart sound irregular",
      "uuid" : "36b67c37-5ea2-463b-9eef-47ba95d2c097",
      "dataType" : "NA",
      "answers" : [ ],
      "order" : 33.0,
      "abnormal" : true,
      "active" : true
    }, {
      "name" : "Colour of child is Pale or Blue",
      "uuid" : "73f97a3b-3b71-4b63-81f6-16976ee00aac",
      "dataType" : "NA",
      "answers" : [ ],
      "order" : 8.0,
      "abnormal" : true,
      "active" : true
    } ],
    "active" : true
  }, {
    "name" : "High Risk Conditions",
    "uuid" : "f34f974b-47b0-424d-ae97-d479c80efa49",
    "dataType" : "Coded",
    "answers" : [ {
      "name" : "Previous Threatened Abortion",
      "uuid" : "43524d76-5f86-485f-b101-3b669ca3431e",
      "dataType" : "NA",
      "answers" : [ ],
      "order" : 59.0,
      "abnormal" : true,
      "active" : true
    }, {
      "name" : "Abnormal Paracheck",
      "uuid" : "a0460e35-d7de-46f2-8c12-783c3ae445b3",
      "dataType" : "NA",
      "answers" : [ ],
      "order" : 68.0,
      "abnormal" : true,
      "active" : true
    }, {
      "name" : "Previous Pregnancy Induced Hypertension",
      "uuid" : "d8637e17-faef-42fe-b2da-a16cfd7de33f",
      "dataType" : "NA",
      "answers" : [ ],
      "order" : 42.0,
      "abnormal" : true,
      "active" : true
    }, {
      "name" : "Low Temperature",
      "uuid" : "15f3e8c9-b39e-4617-b54e-6a425d8fa9a2",
      "dataType" : "NA",
      "answers" : [ ],
      "order" : 16.0,
      "abnormal" : true,
      "active" : true
    }, {
      "name" : "Previous Intrapartum Death",
      "uuid" : "9133804d-26a0-4546-a459-15b2c9ade793",
      "dataType" : "NA",
      "answers" : [ ],
      "order" : 100.0,
      "abnormal" : true,
      "active" : true
    }, {
      "name" : "Retracted Nipples",
      "uuid" : "c95ab0ea-46bb-41fb-995a-24a2db3681a2",
      "dataType" : "NA",
      "answers" : [ ],
      "order" : 50.0,
      "abnormal" : true,
      "active" : true
    }, {
      "name" : "Puerperal sepsis",
      "uuid" : "8993ed6a-df82-420e-9da8-fc4eecd6bdc3",
      "dataType" : "NA",
      "answers" : [ ],
      "order" : 108.0,
      "abnormal" : true,
      "active" : true
    }, {
      "name" : "Irregular weight gain",
      "uuid" : "ebb0dd6f-4dc8-4ef5-838b-a18eec5ba9c9",
      "dataType" : "NA",
      "answers" : [ ],
      "order" : 31.0,
      "abnormal" : true,
      "active" : true
    }, {
      "name" : "History of UTI",
      "uuid" : "db623589-cfa1-4611-b7e9-6b4e3a4ad802",
      "dataType" : "NA",
      "answers" : [ ],
      "order" : 8.0,
      "active" : true
    }, {
      "name" : "Per vaginal bleeding",
      "uuid" : "79865f4d-1946-40b4-a823-28281fc58ba0",
      "dataType" : "NA",
      "answers" : [ ],
      "order" : 44.0,
      "abnormal" : true,
      "active" : true
    }, {
      "name" : "Fever",
      "uuid" : "0b7f3334-f81e-4d84-a13d-b35011e34456",
      "dataType" : "NA",
      "answers" : [ ],
      "order" : 97.0,
      "abnormal" : true,
      "active" : true
    }, {
      "name" : "Young child",
      "uuid" : "c815f770-0bea-41a2-8169-2ae6ed433a95",
      "dataType" : "NA",
      "answers" : [ ],
      "order" : 1.0,
      "abnormal" : true,
      "active" : true
    }, {
      "name" : "VDRL Positive",
      "uuid" : "06c6b0ea-8ddc-4ed0-ab58-59ed67659571",
      "dataType" : "NA",
      "answers" : [ ],
      "order" : 24.0,
      "abnormal" : true,
      "active" : true
    }, {
      "name" : "Did not cry soon after birth",
      "uuid" : "603a37fb-1179-477d-a4bc-cb9f2f463f25",
      "dataType" : "NA",
      "answers" : [ ],
      "order" : 11.0,
      "abnormal" : true,
      "active" : true
    }, {
      "name" : "High Temperature",
      "uuid" : "eb1ec712-8a28-4511-ba59-4254ad301700",
      "dataType" : "NA",
      "answers" : [ ],
      "order" : 17.0,
      "abnormal" : true,
      "active" : true
    }, {
      "name" : "Low Respiratory Rate",
      "uuid" : "12c00650-bed6-4242-9c29-4ab7af3676cb",
      "dataType" : "NA",
      "answers" : [ ],
      "order" : 110.0,
      "abnormal" : true,
      "active" : true
    }, {
      "name" : "High blood sugar",
      "uuid" : "3eab36f5-13cd-4c7b-9f4d-0ecbdbfdb57e",
      "dataType" : "NA",
      "answers" : [ ],
      "order" : 81.0,
      "abnormal" : true,
      "active" : true
    }, {
      "name" : "Difficulty breathing",
      "uuid" : "fe8c09ce-4135-4092-a693-3ad9bd8edb44",
      "dataType" : "NA",
      "answers" : [ ],
      "order" : 33.0,
      "abnormal" : true,
      "active" : true
    }, {
      "name" : "Abnormal Hb",
      "uuid" : "b21e0c2c-7516-4019-85a2-a103e1ef7156",
      "dataType" : "NA",
      "answers" : [ ],
      "order" : 103.0,
      "abnormal" : true,
      "active" : true
    }, {
      "name" : "Previous Intrauterine Growth Retardation",
      "uuid" : "6b641e43-b981-4c10-a83c-fafac4654372",
      "dataType" : "NA",
      "answers" : [ ],
      "order" : 80.0,
      "abnormal" : true,
      "active" : true
    }, {
      "name" : "Jaundice Present",
      "uuid" : "2facaa69-1164-4847-82bd-a0216e9c1a50",
      "dataType" : "NA",
      "answers" : [ ],
      "order" : 52.0,
      "abnormal" : true,
      "active" : true
    }, {
      "name" : "Reflex Absent",
      "uuid" : "f2eb3d4c-838d-4f67-9815-cf108e0f05ff",
      "dataType" : "NA",
      "answers" : [ ],
      "order" : 13.0,
      "abnormal" : true,
      "active" : true
    }, {
      "name" : "Mild Pre-Eclampsia",
      "uuid" : "0eb43d96-dfff-4e45-91e8-1a273b419763",
      "dataType" : "NA",
      "answers" : [ ],
      "order" : 57.0,
      "abnormal" : true,
      "active" : true
    }, {
      "name" : "Grand Multipara",
      "uuid" : "338d5fb1-0493-4270-8d35-81105c239bbb",
      "dataType" : "NA",
      "answers" : [ ],
      "order" : 49.0,
      "abnormal" : true,
      "active" : true
    }, {
      "name" : "Sickling Positive",
      "uuid" : "4d2733ec-098a-407b-bfd2-1fd123dbe96d",
      "dataType" : "NA",
      "answers" : [ ],
      "order" : 91.0,
      "abnormal" : true,
      "active" : true
    }, {
      "name" : "Hepatitis B Positive",
      "uuid" : "f9b654e6-628b-4bbf-b3ee-2adc5ab7ea1c",
      "dataType" : "NA",
      "answers" : [ ],
      "order" : 99.0,
      "abnormal" : true,
      "active" : true
    }, {
      "name" : "Pulse <100 or > 160 bpm",
      "uuid" : "e183bd41-eedf-458e-a96f-f818bf128243",
      "dataType" : "NA",
      "answers" : [ ],
      "order" : 15.0,
      "abnormal" : true,
      "active" : true
    }, {
      "name" : "Weight Gain Per Month less than 1kg",
      "uuid" : "73ece93d-2065-4ff2-8f87-669142d186e6",
      "dataType" : "NA",
      "answers" : [ ],
      "order" : 46.0,
      "abnormal" : true,
      "active" : true
    }, {
      "name" : "Moderate Anemia",
      "uuid" : "c67d2c3a-c1c8-4cb7-b76e-b77e02541577",
      "dataType" : "NA",
      "answers" : [ ],
      "order" : 98.0,
      "abnormal" : true,
      "active" : true
    }, {
      "name" : "Sickle Cell",
      "uuid" : "37acc93a-8416-4440-ba68-d61ac4ba4c5f",
      "dataType" : "NA",
      "answers" : [ ],
      "order" : 53.0,
      "abnormal" : true,
      "active" : true
    }, {
      "name" : "Family history of diabetes",
      "uuid" : "2f6f471a-36f6-4e5f-9115-fb077b7ad8fd",
      "dataType" : "NA",
      "answers" : [ ],
      "order" : 3.0,
      "active" : true
    }, {
      "name" : "Infertility treatment",
      "uuid" : "79e2f5b7-f8c7-4f12-aec9-7e3d3382cf1a",
      "dataType" : "Coded",
      "answers" : [ {
        "name" : "Yes",
        "uuid" : "04bb1773-c353-44a1-a68c-9b448e07ff70",
        "dataType" : "NA",
        "answers" : [ ],
        "order" : 1.0,
        "abnormal" : true,
        "active" : true
      }, {
        "name" : "No",
        "uuid" : "e7b50c78-3d90-484d-a224-9887887780dc",
        "dataType" : "NA",
        "answers" : [ ],
        "order" : 2.0,
        "active" : true
      } ],
      "order" : 6.0,
      "active" : true
    }, {
      "name" : "Abnormal Respiratory Rate",
      "uuid" : "6b329b8c-04b7-4cdd-90ea-1cd79dbd014b",
      "dataType" : "NA",
      "answers" : [ ],
      "order" : 18.0,
      "abnormal" : true,
      "active" : true
    }, {
      "name" : "Sexually transmitted infection (STI)",
      "uuid" : "c0276bed-a617-4516-a3c3-6c0649300062",
      "dataType" : "NA",
      "answers" : [ ],
      "order" : 7.0,
      "active" : true
    }, {
      "name" : "Intrauterine Growth Retardation",
      "uuid" : "7e9fed7d-f111-4c87-9412-d8c0f8c162d2",
      "dataType" : "NA",
      "answers" : [ ],
      "order" : 115.0,
      "abnormal" : true,
      "active" : true
    }, {
      "name" : "Symptoms of anaemia",
      "uuid" : "49968689-e416-42af-b292-df577c0e45ad",
      "dataType" : "NA",
      "answers" : [ ],
      "order" : 5.0,
      "active" : true
    }, {
      "name" : "Ante Partum hemorrhage (APH)",
      "uuid" : "bbcab554-15c0-424f-a86f-e12a9ad38a53",
      "dataType" : "NA",
      "answers" : [ ],
      "order" : 66.0,
      "abnormal" : true,
      "active" : true
    }, {
      "name" : "Previous Post Partum Haemorrhage",
      "uuid" : "e6759d31-2529-4919-b38b-34cb09188767",
      "dataType" : "NA",
      "answers" : [ ],
      "order" : 32.0,
      "abnormal" : true,
      "active" : true
    }, {
      "name" : "Irregular Respiratory Rate",
      "uuid" : "47b79102-ad82-4a61-83cd-e01c4bc73cfe",
      "dataType" : "NA",
      "answers" : [ ],
      "order" : 85.0,
      "abnormal" : true,
      "active" : true
    }, {
      "name" : "Other",
      "uuid" : "05ea583c-51d2-412d-ad00-06c432ffe538",
      "dataType" : "NA",
      "answers" : [ ],
      "order" : 2.0,
      "active" : true
    }, {
      "name" : "Renal Disease",
      "uuid" : "2e86955f-0d81-4e80-a1f4-255b3c186bec",
      "dataType" : "NA",
      "answers" : [ ],
      "order" : 65.0,
      "abnormal" : true,
      "active" : true
    }, {
      "name" : "Convulsions Present",
      "uuid" : "b694eefb-6b9d-4123-98a4-1bfc39a7dcb4",
      "dataType" : "NA",
      "answers" : [ ],
      "order" : 51.0,
      "abnormal" : true,
      "active" : true
    }, {
      "name" : "Eclampsia",
      "uuid" : "489f07e5-d9e1-478a-969d-3acad587a15e",
      "dataType" : "NA",
      "answers" : [ ],
      "order" : 114.0,
      "abnormal" : true,
      "active" : true
    }, {
      "name" : "HIV/AIDS Positive",
      "uuid" : "45350576-a60b-4431-90da-65604933d97c",
      "dataType" : "NA",
      "answers" : [ ],
      "order" : 43.0,
      "abnormal" : true,
      "active" : true
    }, {
      "name" : "Severe Anemia",
      "uuid" : "1aff631c-e487-4202-a862-122b45168ac6",
      "dataType" : "NA",
      "answers" : [ ],
      "order" : 74.0,
      "abnormal" : true,
      "active" : true
    }, {
      "name" : "Excessive vomiting and inability to consume anything orally in last 24 hours",
      "uuid" : "7cdba040-6fad-4a43-8306-4a284178cf5d",
      "dataType" : "NA",
      "answers" : [ ],
      "order" : 104.0,
      "abnormal" : true,
      "active" : true
    }, {
      "name" : "Foetal heart sound irregular",
      "uuid" : "36b67c37-5ea2-463b-9eef-47ba95d2c097",
      "dataType" : "NA",
      "answers" : [ ],
      "order" : 63.0,
      "abnormal" : true,
      "active" : true
    }, {
      "name" : "Previous Retained Placenta",
      "uuid" : "9b9b1c0e-8dd3-4520-8c46-4488fd030fa9",
      "dataType" : "NA",
      "answers" : [ ],
      "order" : 23.0,
      "abnormal" : true,
      "active" : true
    }, {
      "name" : "Previous Ante Partum Haemorrhage",
      "uuid" : "36824575-042b-4137-ba3c-ce1145ce81e8",
      "dataType" : "NA",
      "answers" : [ ],
      "order" : 82.0,
      "abnormal" : true,
      "active" : true
    }, {
      "name" : "Previous Instrumental Delivery",
      "uuid" : "4f40dbfb-008f-4b34-856e-d668207cdb7e",
      "dataType" : "NA",
      "answers" : [ ],
      "order" : 62.0,
      "abnormal" : true,
      "active" : true
    }, {
      "name" : "Pedal Edema Present",
      "uuid" : "cc23823e-2f67-4230-98d4-46d326548869",
      "dataType" : "NA",
      "answers" : [ ],
      "order" : 47.0,
      "abnormal" : true,
      "active" : true
    }, {
      "name" : "Irregular abdominal girth increase",
      "uuid" : "701b5f95-0a7a-453e-8bcd-282af4d2dc97",
      "dataType" : "NA",
      "answers" : [ ],
      "order" : 72.0,
      "abnormal" : true,
      "active" : true
    }, {
      "name" : "Youngest child Less than 1 Year Old",
      "uuid" : "49350a36-a442-47d2-bf96-2ecbe8fd1cc5",
      "dataType" : "NA",
      "answers" : [ ],
      "order" : 20.0,
      "abnormal" : true,
      "active" : true
    }, {
      "name" : "Diabetes",
      "uuid" : "674f348f-5075-4c85-8bc2-9edfdee27505",
      "dataType" : "NA",
      "answers" : [ ],
      "order" : 60.0,
      "abnormal" : true,
      "active" : true
    }, {
      "name" : "Abnormal Liquour",
      "uuid" : "b52921f9-5450-4a99-a172-02e9b33fbb3d",
      "dataType" : "NA",
      "answers" : [ ],
      "order" : 102.0,
      "abnormal" : true,
      "active" : true
    }, {
      "name" : "Flat Nipples",
      "uuid" : "9ba87237-ea3f-42f4-9bac-99fa5fcc9abc",
      "dataType" : "NA",
      "answers" : [ ],
      "order" : 96.0,
      "abnormal" : true,
      "active" : true
    }, {
      "name" : "Under age pregnancy",
      "uuid" : "edb0ec5e-56dc-4826-b922-52ed2e182fd8",
      "dataType" : "NA",
      "answers" : [ ],
      "order" : 45.0,
      "abnormal" : true,
      "active" : true
    }, {
      "name" : "Previous Pre Eclampsia/ Eclampsia",
      "uuid" : "5d0ba446-65b7-4704-b435-6071bf49bcd0",
      "dataType" : "NA",
      "answers" : [ ],
      "order" : 54.0,
      "abnormal" : true,
      "active" : true
    }, {
      "name" : "Foetal heart sound absent",
      "uuid" : "b85fce4e-aace-47df-898f-3f574f7587ae",
      "dataType" : "NA",
      "answers" : [ ],
      "order" : 38.0,
      "abnormal" : true,
      "active" : true
    }, {
      "name" : "Previous Prolonged labour",
      "uuid" : "24bd28bc-9301-446f-94c0-9264bf3e4cd8",
      "dataType" : "NA",
      "answers" : [ ],
      "order" : 27.0,
      "abnormal" : true,
      "active" : true
    }, {
      "name" : "Epilepsy",
      "uuid" : "a34bf7a0-4d55-41fa-855a-0b8094f369f7",
      "dataType" : "NA",
      "answers" : [ ],
      "order" : 79.0,
      "abnormal" : true,
      "active" : true
    }, {
      "name" : "Rh Negative Blood Group",
      "uuid" : "0c3353c3-f4c9-4028-9cd0-bde9a317927b",
      "dataType" : "NA",
      "answers" : [ ],
      "order" : 7.0,
      "abnormal" : true,
      "active" : true
    }, {
      "name" : "Multiple Births",
      "uuid" : "b5719e3e-db9c-49c1-af0c-3047b1b9c57a",
      "dataType" : "NA",
      "answers" : [ ],
      "order" : 5.0,
      "abnormal" : true,
      "active" : true
    }, {
      "name" : "Weight Gain Per Month more than 1.5kg",
      "uuid" : "4d95ca6e-f2a1-42bd-b52b-44fd8e853d63",
      "dataType" : "NA",
      "answers" : [ ],
      "order" : 36.0,
      "abnormal" : true,
      "active" : true
    }, {
      "name" : "TB",
      "uuid" : "ca8a5f57-c409-47ad-8acf-921cdd0fc191",
      "dataType" : "NA",
      "answers" : [ ],
      "order" : 107.0,
      "abnormal" : true,
      "active" : true
    }, {
      "name" : "Foetal movements absent",
      "uuid" : "8df37793-00cc-4d7e-9f4a-656216661a71",
      "dataType" : "NA",
      "answers" : [ ],
      "order" : 26.0,
      "abnormal" : true,
      "active" : true
    }, {
      "name" : "Foetal heart rate irregular",
      "uuid" : "dc3ed683-9e61-47be-899f-3c024ef2896f",
      "dataType" : "NA",
      "answers" : [ ],
      "order" : 28.0,
      "abnormal" : true,
      "active" : true
    }, {
      "name" : "Abnormal Urine Albumin",
      "uuid" : "834adde5-0f87-46a7-93eb-779130ba510e",
      "dataType" : "NA",
      "answers" : [ ],
      "order" : 55.0,
      "abnormal" : true,
      "active" : true
    }, {
      "name" : "Muscle tone Absent/Flexed arms and legs",
      "uuid" : "8701cdcf-5d23-4b05-8be0-310159758a4d",
      "dataType" : "NA",
      "answers" : [ ],
      "order" : 14.0,
      "abnormal" : true,
      "active" : true
    }, {
      "name" : "Abnormal Hb Electrophoresis",
      "uuid" : "e8b6e80e-2952-4ad8-8e8a-bb7299a13c7b",
      "dataType" : "NA",
      "answers" : [ ],
      "order" : 58.0,
      "abnormal" : true,
      "active" : true
    }, {
      "name" : "Colour of child is Pale or Blue",
      "uuid" : "73f97a3b-3b71-4b63-81f6-16976ee00aac",
      "dataType" : "NA",
      "answers" : [ ],
      "order" : 12.0,
      "abnormal" : true,
      "active" : true
    }, {
      "name" : "Pregnancy induced hypertension",
      "uuid" : "5a738df9-b09a-4e7d-b683-189a9cdabcad",
      "dataType" : "NA",
      "answers" : [ ],
      "order" : 71.0,
      "abnormal" : true,
      "active" : true
    }, {
      "name" : "Low BMI",
      "uuid" : "1faa1253-e4dd-48f1-aea2-c231390f9530",
      "dataType" : "NA",
      "answers" : [ ],
      "order" : 3.0,
      "abnormal" : true,
      "active" : true
    }, {
      "name" : "Foetal movements reduced",
      "uuid" : "2f9afed5-dccb-4a2e-b771-48e88e48c814",
      "dataType" : "NA",
      "answers" : [ ],
      "order" : 105.0,
      "abnormal" : true,
      "active" : true
    }, {
      "name" : "Abnormal Urine Sugar",
      "uuid" : "fd175971-d14e-429b-80ea-4700fa748251",
      "dataType" : "NA",
      "answers" : [ ],
      "order" : 29.0,
      "abnormal" : true,
      "active" : true
    }, {
      "name" : "Short Stature",
      "uuid" : "9af1e8e9-f16c-46de-8794-ac302444c63d",
      "dataType" : "NA",
      "answers" : [ ],
      "order" : 56.0,
      "abnormal" : true,
      "active" : true
    }, {
      "name" : "Low Pulse",
      "uuid" : "87f387a4-434c-45ee-9cbd-c17b310469a7",
      "dataType" : "NA",
      "answers" : [ ],
      "order" : 112.0,
      "abnormal" : true,
      "active" : true
    }, {
      "name" : "Superimposed Pre-Eclampsia",
      "uuid" : "f2e5ac5b-b0f8-4088-bc42-397a3885308f",
      "dataType" : "NA",
      "answers" : [ ],
      "order" : 92.0,
      "abnormal" : true,
      "active" : true
    }, {
      "name" : "High BMI",
      "uuid" : "f58ed8eb-1873-4cea-aab2-09cb8b48ada2",
      "dataType" : "NA",
      "answers" : [ ],
      "order" : 4.0,
      "abnormal" : true,
      "active" : true
    }, {
      "name" : "Blurred vision",
      "uuid" : "2367268e-5988-4db3-a0ca-19438bd5931c",
      "dataType" : "NA",
      "answers" : [ ],
      "order" : 94.0,
      "abnormal" : true,
      "active" : true
    }, {
      "name" : "Malpresentation",
      "uuid" : "96ec37c6-9572-4288-9220-2fe806093bde",
      "dataType" : "NA",
      "answers" : [ ],
      "order" : 90.0,
      "abnormal" : true,
      "active" : true
    }, {
      "name" : "Blurring of vision",
      "uuid" : "81671303-a09c-425f-aa4c-bdafd2de37d9",
      "dataType" : "NA",
      "answers" : [ ],
      "order" : 90.0,
      "abnormal" : true,
      "active" : true
    }, {
      "name" : "Foetal Movements Absent",
      "uuid" : "902df2a5-6403-4cb8-8732-e1e62bfa2364",
      "dataType" : "NA",
      "answers" : [ ],
      "order" : 37.0,
      "abnormal" : true,
      "active" : true
    }, {
      "name" : "Previous LSCS/C-section",
      "uuid" : "de5d06c1-df58-4e0f-949c-52100f769932",
      "dataType" : "NA",
      "answers" : [ ],
      "order" : 35.0,
      "abnormal" : true,
      "active" : true
    }, {
      "name" : "Previous Intrauterine Death",
      "uuid" : "217d0b53-0314-4a64-b710-82fc8fe1bf9c",
      "dataType" : "NA",
      "answers" : [ ],
      "order" : 30.0,
      "abnormal" : true,
      "active" : true
    }, {
      "name" : "Previous Still Birth",
      "uuid" : "937a4d2a-7e38-4ca5-8309-113199d4a27e",
      "dataType" : "NA",
      "answers" : [ ],
      "order" : 76.0,
      "abnormal" : true,
      "active" : true
    }, {
      "name" : "Essential Hypertension",
      "uuid" : "1f4227dc-a51f-4237-9217-37d4cea92efd",
      "dataType" : "NA",
      "answers" : [ ],
      "order" : 21.0,
      "abnormal" : true,
      "active" : true
    }, {
      "name" : "Severe headache",
      "uuid" : "5a6ab8bb-fb14-4747-a66e-3961d718a83e",
      "dataType" : "NA",
      "answers" : [ ],
      "order" : 101.0,
      "abnormal" : true,
      "active" : true
    }, {
      "name" : "Not Breast-fed within 1 hour of birth",
      "uuid" : "57f0b3c2-372e-4af7-8a0d-b23228f836db",
      "dataType" : "NA",
      "answers" : [ ],
      "order" : 10.0,
      "abnormal" : true,
      "active" : true
    }, {
      "name" : "Placenta Previa Present",
      "uuid" : "8afff549-a6b4-4eef-b229-b534be99e8e4",
      "dataType" : "NA",
      "answers" : [ ],
      "order" : 87.0,
      "abnormal" : true,
      "active" : true
    }, {
      "name" : "HIV/AIDS",
      "uuid" : "8425af99-4a07-4d99-97b2-cf955713a560",
      "dataType" : "NA",
      "answers" : [ ],
      "order" : 88.0,
      "abnormal" : true,
      "active" : true
    }, {
      "name" : "Morning Sickness",
      "uuid" : "2a2768ac-713b-4f74-85af-4a1fc5a832d1",
      "dataType" : "NA",
      "answers" : [ ],
      "order" : 61.0,
      "abnormal" : true,
      "active" : true
    }, {
      "name" : "High Pulse",
      "uuid" : "878c246d-4d2d-4a59-bcd4-fed33baa7814",
      "dataType" : "NA",
      "answers" : [ ],
      "order" : 113.0,
      "active" : true
    }, {
      "name" : "Hypothyroidism",
      "uuid" : "3972ed54-8d8f-45b7-8817-457cd161afec",
      "dataType" : "NA",
      "answers" : [ ],
      "order" : 4.0,
      "active" : true
    }, {
      "name" : "Hypertension",
      "uuid" : "998d1bae-05d8-47b9-89b8-0254829f238f",
      "dataType" : "NA",
      "answers" : [ ],
      "order" : 34.0,
      "abnormal" : true,
      "active" : true
    }, {
      "name" : "Miscarriage",
      "uuid" : "fb079822-6338-46fe-9919-112686850e2d",
      "dataType" : "NA",
      "answers" : [ ],
      "order" : 77.0,
      "abnormal" : true,
      "active" : true
    }, {
      "name" : "Malaria",
      "uuid" : "0dee2973-eebe-4699-b676-b770fdd1c411",
      "dataType" : "NA",
      "answers" : [ ],
      "order" : 64.0,
      "abnormal" : true,
      "active" : true
    }, {
      "name" : "Decreased Foetal movements",
      "uuid" : "d4276c48-2db2-494b-b041-97ffc1146c83",
      "dataType" : "Coded",
      "answers" : [ {
        "name" : "No",
        "uuid" : "e7b50c78-3d90-484d-a224-9887887780dc",
        "dataType" : "NA",
        "answers" : [ ],
        "order" : 2.0,
        "active" : true
      }, {
        "name" : "Yes",
        "uuid" : "04bb1773-c353-44a1-a68c-9b448e07ff70",
        "dataType" : "NA",
        "answers" : [ ],
        "order" : 1.0,
        "active" : true
      } ],
      "order" : 25.0,
      "abnormal" : true,
      "active" : true
    }, {
      "name" : "Previous Multiple Births",
      "uuid" : "6f969c17-cc0d-48cf-8ca4-835c02de4e1c",
      "dataType" : "NA",
      "answers" : [ ],
      "order" : 89.0,
      "abnormal" : true,
      "active" : true
    }, {
      "name" : "Primigravida",
      "uuid" : "5d406c89-a7fc-4ed9-9a85-c2f2f44c66fb",
      "dataType" : "NA",
      "answers" : [ ],
      "order" : 6.0,
      "abnormal" : true,
      "active" : true
    }, {
      "name" : "Icterus present",
      "uuid" : "bab23da4-603e-4f9e-a823-90cc785d8f2f",
      "dataType" : "NA",
      "answers" : [ ],
      "order" : 19.0,
      "abnormal" : true,
      "active" : true
    }, {
      "name" : "Jaundice",
      "uuid" : "352bb8a4-1569-492f-9a53-14e3b134c104",
      "dataType" : "NA",
      "answers" : [ ],
      "order" : 73.0,
      "abnormal" : true,
      "active" : true
    }, {
      "name" : "Old age pregnancy",
      "uuid" : "8021adee-ad70-4644-97c6-d0804851f8d3",
      "dataType" : "NA",
      "answers" : [ ],
      "order" : 106.0,
      "abnormal" : true,
      "active" : true
    }, {
      "name" : "Chronic Hypertension",
      "uuid" : "c1071344-deb9-4311-a397-b67b8a4bfecf",
      "dataType" : "NA",
      "answers" : [ ],
      "order" : 69.0,
      "abnormal" : true,
      "active" : true
    }, {
      "name" : "PV leaking",
      "uuid" : "f7a77870-e1c6-47b7-9d72-01eec4adf0f5",
      "dataType" : "NA",
      "answers" : [ ],
      "order" : 75.0,
      "abnormal" : true,
      "active" : true
    }, {
      "name" : "Pallor Present",
      "uuid" : "57c62191-910f-4d86-bb9d-ab0d9009a04d",
      "dataType" : "NA",
      "answers" : [ ],
      "order" : 86.0,
      "abnormal" : true,
      "active" : true
    }, {
      "name" : "Family history of thalessemia",
      "uuid" : "e7526d66-8661-43ee-9413-0987d8438d81",
      "dataType" : "NA",
      "answers" : [ ],
      "order" : 9.0,
      "active" : true
    }, {
      "name" : "High Respiratory Rate",
      "uuid" : "6af88b96-93bd-4283-815b-27bc9afae823",
      "dataType" : "NA",
      "answers" : [ ],
      "order" : 111.0,
      "abnormal" : true,
      "active" : true
    }, {
      "name" : "Underweight",
      "uuid" : "41b2db08-99a4-428c-a908-641330858b8a",
      "dataType" : "NA",
      "answers" : [ ],
      "order" : 84.0,
      "abnormal" : true,
      "active" : true
    }, {
      "name" : "Multiple foetuses",
      "uuid" : "c99f5dc0-7dc7-410c-bb4a-997666ac312b",
      "dataType" : "NA",
      "answers" : [ ],
      "order" : 39.0,
      "abnormal" : true,
      "active" : true
    }, {
      "name" : "Heart Disease",
      "uuid" : "89d2230c-7c64-4959-8835-bef4667f8428",
      "dataType" : "NA",
      "answers" : [ ],
      "order" : 83.0,
      "abnormal" : true,
      "active" : true
    }, {
      "name" : "History of hepatitis infection",
      "uuid" : "02275c43-a60c-47d0-9f72-5293316ec85e",
      "dataType" : "NA",
      "answers" : [ ],
      "order" : 1.0,
      "active" : true
    }, {
      "name" : "Previous Pre-term labour",
      "uuid" : "79a37abe-1a1d-41fc-9732-c95b7108553e",
      "dataType" : "NA",
      "answers" : [ ],
      "order" : 67.0,
      "abnormal" : true,
      "active" : true
    }, {
      "name" : "Age > 30",
      "uuid" : "9e66cbbd-3b24-4578-b423-6f3022298be6",
      "dataType" : "NA",
      "answers" : [ ],
      "order" : 9.0,
      "abnormal" : true,
      "active" : true
    }, {
      "name" : "Child born Underweight",
      "uuid" : "6914364e-6627-46bf-94c4-574d051e7fb4",
      "dataType" : "NA",
      "answers" : [ ],
      "order" : 2.0,
      "abnormal" : true,
      "active" : true
    }, {
      "name" : "Previous Abortion(s)",
      "uuid" : "af7ae32a-dc5f-4ac2-a372-1baa6edf0b53",
      "dataType" : "NA",
      "answers" : [ ],
      "order" : 70.0,
      "abnormal" : true,
      "active" : true
    }, {
      "name" : "Convulsions",
      "uuid" : "ab9596e4-04b6-48f2-9f4d-1c7a2c82dbf8",
      "dataType" : "Coded",
      "answers" : [ {
        "name" : "Absent",
        "uuid" : "10885638-561a-42b6-8b24-8daa01864c89",
        "dataType" : "NA",
        "answers" : [ ],
        "order" : 2.0,
        "active" : true
      }, {
        "name" : "Present",
        "uuid" : "57b51d52-981f-4af2-b133-aeffa6d00757",
        "dataType" : "NA",
        "answers" : [ ],
        "order" : 1.0,
        "abnormal" : true,
        "active" : true
      } ],
      "order" : 93.0,
      "abnormal" : true,
      "active" : true
    }, {
      "name" : "Sickle cell disease SS",
      "uuid" : "705b3ef7-e41a-4954-bc3f-9556eb002f3d",
      "dataType" : "NA",
      "answers" : [ ],
      "order" : 40.0,
      "abnormal" : true,
      "active" : true
    }, {
      "name" : "Irregular fundal height increase",
      "uuid" : "a88feab9-1f5d-4c83-a215-cd0ba44006f6",
      "dataType" : "NA",
      "answers" : [ ],
      "order" : 78.0,
      "abnormal" : true,
      "active" : true
    }, {
      "name" : "Irregular pulse",
      "uuid" : "d976d3c9-0c39-4faf-8544-f9a2273ea2d5",
      "dataType" : "NA",
      "answers" : [ ],
      "order" : 95.0,
      "abnormal" : true,
      "active" : true
    }, {
      "name" : "Severe Pre-Eclampsia",
      "uuid" : "e6b24a5c-00f2-46c7-aa67-5b460df5cc81",
      "dataType" : "NA",
      "answers" : [ ],
      "order" : 22.0,
      "abnormal" : true,
      "active" : true
    }, {
      "name" : "Severe Abdominal Pain",
      "uuid" : "5ba2d201-a120-4f2d-92e6-ca97d48b60b0",
      "dataType" : "NA",
      "answers" : [ ],
      "order" : 41.0,
      "abnormal" : true,
      "active" : true
    }, {
      "name" : "Age < 18",
      "uuid" : "331aee3f-0567-4f75-9efd-722f04606e75",
      "dataType" : "NA",
      "answers" : [ ],
      "order" : 8.0,
      "abnormal" : true,
      "active" : true
    }, {
      "name" : "Previous Neonatal death within first 28 days",
      "uuid" : "1b4f8d76-8272-4afe-ba1a-c277421d74d4",
      "dataType" : "NA",
      "answers" : [ ],
      "order" : 48.0,
      "abnormal" : true,
      "active" : true
    }, {
      "name" : "Post abortion complications",
      "uuid" : "8b757ad9-c413-4efa-af54-974f65e727ac",
      "dataType" : "NA",
      "answers" : [ ],
      "order" : 109.0,
      "abnormal" : true,
      "active" : true
    } ],
    "active" : true
  } ]
}