{
  "name" : "Calcutta Kids Demographic/SES Form",
  "uuid" : "6ae07f4d-c639-4cfa-a78b-9f39e0b24c60",
  "formType" : "Encounter",
  "formElementGroups" : [ {
    "uuid" : "433ec1f8-3c50-46cb-b661-0a319085b8ff",
    "name" : "Household Population",
    "displayOrder" : 1.0,
    "display" : "Household Population",
    "formElements" : [ {
      "name" : "Marital Status",
      "uuid" : "8d1067b1-d9d8-40e0-a771-15f7c68abe34",
      "keyValues" : [ ],
      "concept" : {
        "name" : "Marital status",
        "uuid" : "aa6687c9-ba4d-49a3-9b3e-bba266eb6f32",
        "dataType" : "Coded",
        "answers" : [ {
          "name" : "Unmarried",
          "uuid" : "327563ae-47b5-46bf-9bcb-640ff6cfc52d",
          "dataType" : "NA",
          "answers" : [ ],
          "order" : 2.0,
          "active" : true
        }, {
          "name" : "Separated",
          "uuid" : "00f2eb9a-94c6-48eb-bfad-0b93784d3cb9",
          "dataType" : "NA",
          "answers" : [ ],
          "order" : 3.0,
          "active" : true
        }, {
          "name" : "Widow(er)",
          "uuid" : "a5e367b3-48c6-4b6e-860c-89a1e4ab4b89",
          "dataType" : "NA",
          "answers" : [ ],
          "order" : 5.0,
          "active" : true
        }, {
          "name" : "Remarried",
          "uuid" : "bbbcef7d-45d4-4dee-b04f-3a954a3bb768",
          "dataType" : "NA",
          "answers" : [ ],
          "order" : 6.0,
          "active" : true
        }, {
          "name" : "Divorced",
          "uuid" : "bad132b2-16d1-4fa5-a396-d864d666ac5d",
          "dataType" : "NA",
          "answers" : [ ],
          "order" : 4.0,
          "active" : true
        }, {
          "name" : "Other",
          "uuid" : "05ea583c-51d2-412d-ad00-06c432ffe538",
          "dataType" : "NA",
          "answers" : [ ],
          "order" : 7.0,
          "active" : true
        }, {
          "name" : "Currently married",
          "uuid" : "9832ccec-edd6-4fa2-96b1-f81832df3996",
          "dataType" : "NA",
          "answers" : [ ],
          "order" : 1.0,
          "active" : true
        } ],
        "active" : true
      },
      "displayOrder" : 1.0,
      "type" : "SingleSelect",
      "mandatory" : false
    }, {
      "name" : "What other marital status?",
      "uuid" : "51286936-8bb1-421a-a826-93b1561a47ce",
      "keyValues" : [ ],
      "concept" : {
        "name" : "Other marital status",
        "uuid" : "04f0888b-d0b5-43ac-905d-ae3b5a9b1015",
        "dataType" : "Text",
        "answers" : [ ],
        "active" : true
      },
      "displayOrder" : 2.0,
      "type" : "SingleSelect",
      "mandatory" : false
    }, {
      "name" : "Age at first marriage",
      "uuid" : "2031999b-2358-4da8-9136-db8565af26fe",
      "keyValues" : [ ],
      "concept" : {
        "name" : "Age at first marriage",
        "uuid" : "f1919fdc-5003-4ebc-82c7-059e6a4e8a21",
        "dataType" : "Numeric",
        "answers" : [ ],
        "active" : true
      },
      "displayOrder" : 3.0,
      "type" : "SingleSelect",
      "mandatory" : false
    }, {
      "name" : "Religion",
      "uuid" : "dadf7760-560e-4a58-9e31-fc3c1d9e1ae6",
      "keyValues" : [ {
        "key" : "ExcludedAnswers",
        "value" : [ "Jain" ]
      } ],
      "concept" : {
        "name" : "Religion",
        "uuid" : "c922c13c-1fa2-42dd-a7e8-d234b0324870",
        "dataType" : "Coded",
        "answers" : [ {
          "name" : "Muslim",
          "uuid" : "2e41ff7c-13ad-4bb3-964a-29f098691a7d",
          "dataType" : "NA",
          "answers" : [ ],
          "order" : 2.0,
          "active" : true
        }, {
          "name" : "Hindu",
          "uuid" : "5f1f8a86-478b-4e7b-ae5e-ac7b207e65b8",
          "dataType" : "NA",
          "answers" : [ ],
          "order" : 1.0,
          "active" : true
        }, {
          "name" : "Jain",
          "uuid" : "1819bf5a-775c-4f28-af9e-650dbc5e0570",
          "dataType" : "NA",
          "answers" : [ ],
          "order" : 5.0,
          "active" : true
        }, {
          "name" : "Christian",
          "uuid" : "48daa405-dcdb-4706-9dbd-a54562012331",
          "dataType" : "NA",
          "answers" : [ ],
          "order" : 3.0,
          "active" : true
        }, {
          "name" : "Sikh",
          "uuid" : "9e791139-2d68-45b3-81b6-78e8c3ba9662",
          "dataType" : "NA",
          "answers" : [ ],
          "order" : 4.0,
          "active" : true
        }, {
          "name" : "Other",
          "uuid" : "05ea583c-51d2-412d-ad00-06c432ffe538",
          "dataType" : "NA",
          "answers" : [ ],
          "order" : 6.0,
          "active" : true
        } ],
        "active" : true
      },
      "displayOrder" : 4.0,
      "type" : "SingleSelect",
      "mandatory" : false
    }, {
      "name" : "If other religion, please specify",
      "uuid" : "e8a46555-511c-4c77-8802-ef1ecbaa7a01",
      "keyValues" : [ ],
      "concept" : {
        "name" : "Other religion",
        "uuid" : "02461cb2-7d21-4225-a6ce-42357804a7e4",
        "dataType" : "Text",
        "answers" : [ ],
        "active" : true
      },
      "displayOrder" : 5.0,
      "type" : "SingleSelect",
      "mandatory" : false
    }, {
      "name" : "Do you have a BPL card?",
      "uuid" : "c28cb444-5163-4760-94b8-8f73d4a3d46a",
      "keyValues" : [ ],
      "concept" : {
        "name" : "Do you have a BPL card?",
        "uuid" : "6f33e933-a9f9-4ad9-8bd8-286c9223c934",
        "dataType" : "Coded",
        "answers" : [ {
          "name" : "No",
          "uuid" : "e7b50c78-3d90-484d-a224-9887887780dc",
          "dataType" : "NA",
          "answers" : [ ],
          "order" : 2.0,
          "active" : true
        }, {
          "name" : "Yes",
          "uuid" : "04bb1773-c353-44a1-a68c-9b448e07ff70",
          "dataType" : "NA",
          "answers" : [ ],
          "order" : 1.0,
          "active" : true
        } ],
        "active" : true
      },
      "displayOrder" : 6.0,
      "type" : "SingleSelect",
      "mandatory" : false
    }, {
      "name" : "Do you have RSBY?",
      "uuid" : "83c2c6f5-2a5a-41c1-9375-0d972e78f99d",
      "keyValues" : [ ],
      "concept" : {
        "name" : "Do you have RSBY?",
        "uuid" : "c3598a99-357d-4b1e-a607-3e6ed077507a",
        "dataType" : "Coded",
        "answers" : [ {
          "name" : "Yes",
          "uuid" : "04bb1773-c353-44a1-a68c-9b448e07ff70",
          "dataType" : "NA",
          "answers" : [ ],
          "order" : 1.0,
          "active" : true
        }, {
          "name" : "No",
          "uuid" : "e7b50c78-3d90-484d-a224-9887887780dc",
          "dataType" : "NA",
          "answers" : [ ],
          "order" : 2.0,
          "active" : true
        } ],
        "active" : true
      },
      "displayOrder" : 7.0,
      "type" : "SingleSelect",
      "mandatory" : false
    }, {
      "name" : "Number of Household members (eating together)",
      "uuid" : "fd219d3a-4918-401e-aeb7-07b8865bfb95",
      "keyValues" : [ ],
      "concept" : {
        "name" : "Number of household members (eating together)",
        "uuid" : "25b73ca1-e268-452f-ba05-2595af28ac04",
        "dataType" : "Numeric",
        "answers" : [ ],
        "active" : true
      },
      "displayOrder" : 8.0,
      "type" : "SingleSelect",
      "mandatory" : false
    }, {
      "name" : "Number of people aged 0-17 years in the household",
      "uuid" : "08b84c62-6b47-4040-9930-4069269495db",
      "keyValues" : [ ],
      "concept" : {
        "name" : "Number of people aged 0-17 years in the household",
        "uuid" : "da79427f-f935-4b17-b6d8-44806323f03d",
        "dataType" : "Coded",
        "answers" : [ {
          "name" : "Three",
          "uuid" : "a335e989-3c98-45f6-9659-1178c231cda0",
          "dataType" : "NA",
          "answers" : [ ],
          "order" : 4.0,
          "active" : true
        }, {
          "name" : "Four",
          "uuid" : "c24a12dd-0804-4937-9ca2-4437ce1bed0e",
          "dataType" : "NA",
          "answers" : [ ],
          "order" : 5.0,
          "active" : true
        }, {
          "name" : "One",
          "uuid" : "73431353-137e-4997-92aa-26b3cb79eba7",
          "dataType" : "NA",
          "answers" : [ ],
          "order" : 2.0,
          "active" : true
        }, {
          "name" : "Two",
          "uuid" : "d1e58ac3-1ea7-46a1-8e17-e9f2c6789715",
          "dataType" : "NA",
          "answers" : [ ],
          "order" : 3.0,
          "active" : true
        }, {
          "name" : "Five or more",
          "uuid" : "766f585c-f79a-4d41-bd8f-53cc8ee83b98",
          "dataType" : "NA",
          "answers" : [ ],
          "order" : 6.0,
          "active" : true
        }, {
          "name" : "None",
          "uuid" : "ebda5e05-a995-43ca-ad1a-30af3b937539",
          "dataType" : "NA",
          "answers" : [ ],
          "order" : 1.0,
          "active" : true
        } ],
        "active" : true
      },
      "displayOrder" : 9.0,
      "type" : "SingleSelect",
      "mandatory" : true
    }, {
      "name" : "Have you migrated to Kolkata from another place?",
      "uuid" : "cf1e1060-2086-4a06-8b90-c95a8a1aa100",
      "keyValues" : [ ],
      "concept" : {
        "name" : "Migrated to Kolkata from another place",
        "uuid" : "e955a293-df11-4d9f-b0b5-c8f57cfe71df",
        "dataType" : "Coded",
        "answers" : [ {
          "name" : "Yes",
          "uuid" : "04bb1773-c353-44a1-a68c-9b448e07ff70",
          "dataType" : "NA",
          "answers" : [ ],
          "order" : 1.0,
          "active" : true
        }, {
          "name" : "No",
          "uuid" : "e7b50c78-3d90-484d-a224-9887887780dc",
          "dataType" : "NA",
          "answers" : [ ],
          "order" : 2.0,
          "active" : true
        } ],
        "active" : true
      },
      "displayOrder" : 10.0,
      "type" : "SingleSelect",
      "mandatory" : false
    }, {
      "name" : "Where did you migrate from?",
      "uuid" : "f92745cb-30d6-423b-9457-a46858dbf4f3",
      "keyValues" : [ ],
      "concept" : {
        "name" : "Migrated from",
        "uuid" : "ceaef306-a4bd-4e8e-b9d2-6baec7dc8d66",
        "dataType" : "Coded",
        "answers" : [ {
          "name" : "Bihar",
          "uuid" : "413dcaa5-6344-446d-8d6b-1842a368fd17",
          "dataType" : "NA",
          "answers" : [ ],
          "order" : 2.0,
          "active" : true
        }, {
          "name" : "Other",
          "uuid" : "05ea583c-51d2-412d-ad00-06c432ffe538",
          "dataType" : "NA",
          "answers" : [ ],
          "order" : 6.0,
          "active" : true
        }, {
          "name" : "South India",
          "uuid" : "5330adde-b60b-48cd-a196-816628cbbc38",
          "dataType" : "NA",
          "answers" : [ ],
          "order" : 5.0,
          "active" : true
        }, {
          "name" : "Jharkhand",
          "uuid" : "b67e60b4-565c-4e03-b97c-7e12412ae93c",
          "dataType" : "NA",
          "answers" : [ ],
          "order" : 3.0,
          "active" : true
        }, {
          "name" : "Odisha",
          "uuid" : "64bab23b-7e15-4ccd-a204-fdfa70b4a881",
          "dataType" : "NA",
          "answers" : [ ],
          "order" : 4.0,
          "active" : true
        }, {
          "name" : "UP",
          "uuid" : "1ad7d41b-8dd4-4bc3-a43b-1adbc26a0c5b",
          "dataType" : "NA",
          "answers" : [ ],
          "order" : 1.0,
          "active" : true
        } ],
        "active" : true
      },
      "displayOrder" : 11.0,
      "type" : "SingleSelect",
      "mandatory" : false
    }, {
      "name" : "If from other place, name of place",
      "uuid" : "61dffca9-8260-4ba4-aec9-817eebd33e9a",
      "keyValues" : [ ],
      "concept" : {
        "name" : "Other place of migration",
        "uuid" : "a3e4ab44-9f95-4aaa-8dd7-c0d93e391a14",
        "dataType" : "Text",
        "answers" : [ ],
        "active" : true
      },
      "displayOrder" : 12.0,
      "type" : "SingleSelect",
      "mandatory" : false
    }, {
      "name" : "Please give the woman the laminated reading card and ask her to read the passage in the language of her choice",
      "uuid" : "fc89b576-0364-4355-950c-c4ff0d970307",
      "keyValues" : [ ],
      "concept" : {
        "name" : "Placeholder for counselling form element",
        "uuid" : "b4e5a662-97bf-4846-b9b7-9baeab4d89c4",
        "dataType" : "Coded",
        "answers" : [ {
          "name" : "Yes",
          "uuid" : "04bb1773-c353-44a1-a68c-9b448e07ff70",
          "dataType" : "NA",
          "answers" : [ ],
          "order" : 0.0,
          "active" : true
        } ],
        "active" : true
      },
      "displayOrder" : 13.0,
      "type" : "SingleSelect",
      "mandatory" : false
    }, {
      "name" : "Could the woman read the passage?",
      "uuid" : "8b2c870f-e15f-4fee-a7c3-2077c6147850",
      "keyValues" : [ ],
      "concept" : {
        "name" : "Could the woman read the passage?",
        "uuid" : "08c1c5bc-5e6c-4811-8aea-d980379ae450",
        "dataType" : "Coded",
        "answers" : [ {
          "name" : "Yes",
          "uuid" : "04bb1773-c353-44a1-a68c-9b448e07ff70",
          "dataType" : "NA",
          "answers" : [ ],
          "order" : 1.0,
          "active" : true
        }, {
          "name" : "No",
          "uuid" : "e7b50c78-3d90-484d-a224-9887887780dc",
          "dataType" : "NA",
          "answers" : [ ],
          "order" : 2.0,
          "active" : true
        } ],
        "active" : true
      },
      "displayOrder" : 14.0,
      "type" : "SingleSelect",
      "mandatory" : false
    }, {
      "name" : "Woman’s last class completed",
      "uuid" : "6440bee7-efc4-476f-8c6c-c264376fc9c9",
      "keyValues" : [ ],
      "concept" : {
        "name" : "Woman’s last class completed",
        "uuid" : "f6f1610b-30c2-4e7b-af70-8cd456a3e6ee",
        "dataType" : "Text",
        "answers" : [ ],
        "active" : true
      },
      "displayOrder" : 15.0,
      "type" : "SingleSelect",
      "mandatory" : false
    }, {
      "name" : "Can your husband read?",
      "uuid" : "efad8184-c3d0-452d-b071-c65c6295d6b6",
      "keyValues" : [ ],
      "concept" : {
        "name" : "Can husband read?",
        "uuid" : "d4829479-b0b4-48ab-9263-61d85c0dd769",
        "dataType" : "Coded",
        "answers" : [ {
          "name" : "Yes",
          "uuid" : "04bb1773-c353-44a1-a68c-9b448e07ff70",
          "dataType" : "NA",
          "answers" : [ ],
          "order" : 1.0,
          "active" : true
        }, {
          "name" : "No",
          "uuid" : "e7b50c78-3d90-484d-a224-9887887780dc",
          "dataType" : "NA",
          "answers" : [ ],
          "order" : 2.0,
          "active" : true
        } ],
        "active" : true
      },
      "displayOrder" : 16.0,
      "type" : "SingleSelect",
      "mandatory" : false
    }, {
      "name" : "What is your occupation?",
      "uuid" : "067e8a57-04d9-4cab-8258-3f3a01e33022",
      "keyValues" : [ ],
      "concept" : {
        "name" : "Occupation",
        "uuid" : "cd83afec-d147-42b2-bd50-0ca460dbd55f",
        "dataType" : "Coded",
        "answers" : [ {
          "name" : "Skilled manual",
          "uuid" : "06aff130-47ec-48d5-b2b9-b9d6e301c0a6",
          "dataType" : "NA",
          "answers" : [ ],
          "order" : 4.0,
          "active" : true
        }, {
          "name" : "Professional/Technical",
          "uuid" : "aab5a52c-38b9-472b-a90e-3e63022c5a96",
          "dataType" : "NA",
          "answers" : [ ],
          "order" : 5.0,
          "active" : true
        }, {
          "name" : "Government Job",
          "uuid" : "95a11c12-8b59-40ff-99c4-e01ad134aa33",
          "dataType" : "NA",
          "answers" : [ ],
          "order" : 7.0,
          "active" : true
        }, {
          "name" : "Other",
          "uuid" : "05ea583c-51d2-412d-ad00-06c432ffe538",
          "dataType" : "NA",
          "answers" : [ ],
          "order" : 9.0,
          "active" : true
        }, {
          "name" : "Daily wage labourer",
          "uuid" : "e3c6b515-b308-4a23-9067-7cd00f27bb29",
          "dataType" : "NA",
          "answers" : [ ],
          "order" : 3.0,
          "active" : true
        }, {
          "name" : "Farmer",
          "uuid" : "114c7f99-add9-492b-affc-f30265fdc433",
          "dataType" : "NA",
          "answers" : [ ],
          "order" : 2.0,
          "active" : true
        }, {
          "name" : "Housewife plus additional work",
          "uuid" : "9968cc0e-bc87-46ce-b6a7-5284e9e4b14a",
          "dataType" : "NA",
          "answers" : [ ],
          "order" : 2.0,
          "active" : true
        }, {
          "name" : "Unemployed",
          "uuid" : "71137918-fad5-4e42-98b0-c0475e4a8258",
          "dataType" : "NA",
          "answers" : [ ],
          "order" : 1.0,
          "active" : true
        }, {
          "name" : "Housewife (only)",
          "uuid" : "33509493-5ea0-4590-89eb-2741eb614ac8",
          "dataType" : "NA",
          "answers" : [ ],
          "order" : 1.0,
          "active" : true
        }, {
          "name" : "Private Job",
          "uuid" : "ccb99e5b-d75c-40a3-881d-dc27cdc154ed",
          "dataType" : "NA",
          "answers" : [ ],
          "order" : 8.0,
          "active" : true
        }, {
          "name" : "Shopkeeper",
          "uuid" : "4c4435af-33be-4c9f-b86e-067da3081a06",
          "dataType" : "NA",
          "answers" : [ ],
          "order" : 6.0,
          "active" : true
        } ],
        "active" : true
      },
      "displayOrder" : 17.0,
      "type" : "SingleSelect",
      "mandatory" : false
    }, {
      "name" : "Which other occupation?",
      "uuid" : "fc7d1b97-3ceb-40c4-b5a4-4297b0f821c6",
      "keyValues" : [ ],
      "concept" : {
        "name" : "Other occupation",
        "uuid" : "9d16f047-3108-468a-a9cb-10b392f8b012",
        "dataType" : "Text",
        "answers" : [ ],
        "active" : true
      },
      "displayOrder" : 18.0,
      "type" : "SingleSelect",
      "mandatory" : false
    }, {
      "name" : "What is the additional work you do?",
      "uuid" : "24ce0e76-319a-4b7c-bb2c-79b392a94780",
      "keyValues" : [ ],
      "concept" : {
        "name" : "Additional work done besides housework",
        "uuid" : "c202bc3a-8e15-45af-9bc2-50f070997cd6",
        "dataType" : "Text",
        "answers" : [ ],
        "active" : true
      },
      "displayOrder" : 19.0,
      "type" : "SingleSelect",
      "mandatory" : false
    }, {
      "name" : "Is this work done at home or outside of the home?",
      "uuid" : "14608467-3be1-494f-a95e-982e25fe0529",
      "keyValues" : [ ],
      "concept" : {
        "name" : "Is this work done at home or outside of the home?",
        "uuid" : "9c7f710f-b05f-44dc-9000-a550f31c12c4",
        "dataType" : "Coded",
        "answers" : [ {
          "name" : "At home",
          "uuid" : "84897d9b-d35b-4ab6-ae1f-7248401c270c",
          "dataType" : "NA",
          "answers" : [ ],
          "order" : 1.0,
          "active" : true
        }, {
          "name" : "Outside of home",
          "uuid" : "05df47f7-0376-4f58-a519-b683900c3fef",
          "dataType" : "NA",
          "answers" : [ ],
          "order" : 2.0,
          "active" : true
        } ],
        "active" : true
      },
      "displayOrder" : 20.0,
      "type" : "SingleSelect",
      "mandatory" : false
    }, {
      "name" : "Husband’s occupation",
      "uuid" : "c9be2369-57b1-4d73-893d-11993503a1d3",
      "keyValues" : [ ],
      "concept" : {
        "name" : "Husband’s occupation",
        "uuid" : "bec93815-01a3-46de-afc3-4bdb9bb63e2e",
        "dataType" : "Text",
        "answers" : [ ],
        "active" : true
      },
      "displayOrder" : 21.0,
      "type" : "SingleSelect",
      "mandatory" : false
    }, {
      "name" : "Is there are any other income earner in the household?",
      "uuid" : "8cfb6411-9d6b-4f4b-86d9-30bbdd23e26f",
      "keyValues" : [ ],
      "concept" : {
        "name" : "Any other income earner in the household?",
        "uuid" : "2cc56b84-460c-4e5e-8ee2-74db082e9759",
        "dataType" : "Coded",
        "answers" : [ {
          "name" : "No",
          "uuid" : "e7b50c78-3d90-484d-a224-9887887780dc",
          "dataType" : "NA",
          "answers" : [ ],
          "order" : 2.0,
          "active" : true
        }, {
          "name" : "Yes",
          "uuid" : "04bb1773-c353-44a1-a68c-9b448e07ff70",
          "dataType" : "NA",
          "answers" : [ ],
          "order" : 1.0,
          "active" : true
        } ],
        "active" : true
      },
      "displayOrder" : 22.0,
      "type" : "SingleSelect",
      "mandatory" : false
    }, {
      "name" : "What is his/her occupation?",
      "uuid" : "7cc8e01b-0578-4bfb-8e81-1352c68fb63b",
      "keyValues" : [ ],
      "concept" : {
        "name" : "Occupation of other income earner",
        "uuid" : "5a5cb414-483d-4c4f-bc7f-7b96c505d9b5",
        "dataType" : "Text",
        "answers" : [ ],
        "active" : true
      },
      "displayOrder" : 23.0,
      "type" : "SingleSelect",
      "mandatory" : false
    }, {
      "name" : "Principal occupation of the household",
      "uuid" : "db1a71de-cc43-4702-9f85-49111befb959",
      "keyValues" : [ ],
      "concept" : {
        "name" : "Principal occupation of the household",
        "uuid" : "219069ed-b150-4779-81f2-5c4c53b50239",
        "dataType" : "Coded",
        "answers" : [ {
          "name" : "Labourers",
          "uuid" : "b2fee576-5b13-478c-a64d-f48edff37d54",
          "dataType" : "NA",
          "answers" : [ ],
          "order" : 1.0,
          "active" : true
        }, {
          "name" : "Other",
          "uuid" : "05ea583c-51d2-412d-ad00-06c432ffe538",
          "dataType" : "NA",
          "answers" : [ ],
          "order" : 3.0,
          "active" : true
        }, {
          "name" : "Professionals",
          "uuid" : "f609f227-6bec-440e-adcb-e07b54ab0c31",
          "dataType" : "NA",
          "answers" : [ ],
          "order" : 2.0,
          "active" : true
        } ],
        "active" : true
      },
      "displayOrder" : 24.0,
      "type" : "SingleSelect",
      "mandatory" : true
    }, {
      "name" : "What is the household's income?",
      "uuid" : "f0102f76-12a5-482c-8288-460544bf0792",
      "keyValues" : [ ],
      "concept" : {
        "name" : "Household income",
        "uuid" : "76c1a980-9a20-462f-aa77-3f815a319727",
        "dataType" : "Numeric",
        "answers" : [ ],
        "active" : true
      },
      "displayOrder" : 25.0,
      "type" : "SingleSelect",
      "mandatory" : false
    }, {
      "name" : "Rupees received (per day, week or month)",
      "uuid" : "3e187440-e90d-4bb4-9159-b994d56befff",
      "keyValues" : [ ],
      "concept" : {
        "name" : "Wage frequency",
        "uuid" : "2534f7cb-b4ae-4aa5-938c-9855c99b0a2b",
        "dataType" : "Coded",
        "answers" : [ {
          "name" : "Monthly",
          "uuid" : "9ec63ce6-c410-44c6-b2f8-d86229489bbd",
          "dataType" : "NA",
          "answers" : [ ],
          "order" : 3.0,
          "active" : true
        }, {
          "name" : "Daily",
          "uuid" : "ba04b615-f4af-4b5e-87aa-1ce70f28a1b1",
          "dataType" : "NA",
          "answers" : [ ],
          "order" : 1.0,
          "active" : true
        }, {
          "name" : "Weekly",
          "uuid" : "e4473e3d-608c-4142-9f51-8a6578a963b9",
          "dataType" : "NA",
          "answers" : [ ],
          "order" : 2.0,
          "active" : true
        } ],
        "active" : true
      },
      "displayOrder" : 26.0,
      "type" : "SingleSelect",
      "mandatory" : false
    } ],
    "timed" : false
  }, {
    "uuid" : "6fa0bafd-344d-4829-b444-3e7a7a0c78fc",
    "name" : "Housing Characteristics/Consumer Durables",
    "displayOrder" : 2.0,
    "display" : "Housing Characteristics/Consumer Durables",
    "formElements" : [ {
      "name" : "Location of house",
      "uuid" : "3ea98847-0118-497d-9f15-f5c98f37f4ab",
      "keyValues" : [ ],
      "concept" : {
        "name" : "Location of house",
        "uuid" : "7570b4df-e0e0-4ec4-b98b-445d6f27203b",
        "dataType" : "Coded",
        "answers" : [ {
          "name" : "Ground level, Talibari",
          "uuid" : "125058c2-b9c1-4b3d-b896-f39012c923b7",
          "dataType" : "NA",
          "answers" : [ ],
          "order" : 1.0,
          "active" : true
        }, {
          "name" : "Ground level, flat",
          "uuid" : "178eb5e6-5ca7-4623-b675-98dbca4b9e12",
          "dataType" : "NA",
          "answers" : [ ],
          "order" : 2.0,
          "active" : true
        }, {
          "name" : "Above ground level",
          "uuid" : "fa5505cc-0a44-4b71-ba86-3e6d722f5a22",
          "dataType" : "NA",
          "answers" : [ ],
          "order" : 3.0,
          "active" : true
        } ],
        "active" : true
      },
      "displayOrder" : 1.0,
      "type" : "SingleSelect",
      "mandatory" : false
    }, {
      "name" : "Accommodation",
      "uuid" : "9a0f2bdb-4ebd-4304-b517-565d1feae033",
      "keyValues" : [ ],
      "concept" : {
        "name" : "Accommodation",
        "uuid" : "07147a87-f0a6-4cf5-8ece-b11b4703d3d0",
        "dataType" : "Coded",
        "answers" : [ {
          "name" : "Tenant",
          "uuid" : "607b9ad0-c4bb-4d34-9c37-7ec65f3d9b06",
          "dataType" : "NA",
          "answers" : [ ],
          "order" : 2.0,
          "active" : true
        }, {
          "name" : "Owner",
          "uuid" : "65fa94ef-f6db-485c-8f4c-502974c11f08",
          "dataType" : "NA",
          "answers" : [ ],
          "order" : 1.0,
          "active" : true
        }, {
          "name" : "Other",
          "uuid" : "05ea583c-51d2-412d-ad00-06c432ffe538",
          "dataType" : "NA",
          "answers" : [ ],
          "order" : 4.0,
          "active" : true
        }, {
          "name" : "Squatter",
          "uuid" : "bb291219-1051-4b9c-aacd-eb7feeaf4809",
          "dataType" : "NA",
          "answers" : [ ],
          "order" : 3.0,
          "active" : true
        } ],
        "active" : true
      },
      "displayOrder" : 2.0,
      "type" : "SingleSelect",
      "mandatory" : false
    }, {
      "name" : "Which accommodation if other?",
      "uuid" : "62e27300-b161-4cfd-bd8c-37e693fd7678",
      "keyValues" : [ ],
      "concept" : {
        "name" : "Other accommodation",
        "uuid" : "c2f29f03-38eb-48d7-8d90-32b25dbf3e9a",
        "dataType" : "Text",
        "answers" : [ ],
        "active" : true
      },
      "displayOrder" : 3.0,
      "type" : "SingleSelect",
      "mandatory" : false
    }, {
      "name" : "Is the residence all pucca (burnt bricks, stone, cement, concrete, cement-plastered reeds, timber, tiles, galvanized tin or asbestos cement sheets)?",
      "uuid" : "1072cf45-8219-46b5-9943-807eb86f5f8a",
      "keyValues" : [ ],
      "concept" : {
        "name" : "Is the residence pucca?",
        "uuid" : "0fbf8c35-2cf0-4591-8e83-914d3b8e8242",
        "dataType" : "Coded",
        "answers" : [ {
          "name" : "No",
          "uuid" : "e7b50c78-3d90-484d-a224-9887887780dc",
          "dataType" : "NA",
          "answers" : [ ],
          "order" : 2.0,
          "active" : true
        }, {
          "name" : "Yes",
          "uuid" : "04bb1773-c353-44a1-a68c-9b448e07ff70",
          "dataType" : "NA",
          "answers" : [ ],
          "order" : 1.0,
          "active" : true
        } ],
        "active" : true
      },
      "displayOrder" : 3.5,
      "type" : "SingleSelect",
      "mandatory" : true
    }, {
      "name" : "Does the household own a television?",
      "uuid" : "82847ce1-468a-40f7-9978-1576fc39b061",
      "keyValues" : [ ],
      "concept" : {
        "name" : "Does the household own a television?",
        "uuid" : "960a2d02-352a-48b3-9704-48bc6709ea85",
        "dataType" : "Coded",
        "answers" : [ {
          "name" : "No",
          "uuid" : "e7b50c78-3d90-484d-a224-9887887780dc",
          "dataType" : "NA",
          "answers" : [ ],
          "order" : 2.0,
          "active" : true
        }, {
          "name" : "Yes",
          "uuid" : "04bb1773-c353-44a1-a68c-9b448e07ff70",
          "dataType" : "NA",
          "answers" : [ ],
          "order" : 1.0,
          "active" : true
        } ],
        "active" : true
      },
      "displayOrder" : 4.0,
      "type" : "SingleSelect",
      "mandatory" : true
    }, {
      "name" : "Does the household own a bicycle, scooter, or motor cycle?",
      "uuid" : "be5adc75-2585-447d-81d1-6d42be7770b2",
      "keyValues" : [ ],
      "concept" : {
        "name" : "Does the household own a bicycle, scooter, or motor cycle?",
        "uuid" : "6ece3471-2e32-44e6-9f1b-999e549cf0c1",
        "dataType" : "Coded",
        "answers" : [ {
          "name" : "Yes",
          "uuid" : "04bb1773-c353-44a1-a68c-9b448e07ff70",
          "dataType" : "NA",
          "answers" : [ ],
          "order" : 1.0,
          "active" : true
        }, {
          "name" : "No",
          "uuid" : "e7b50c78-3d90-484d-a224-9887887780dc",
          "dataType" : "NA",
          "answers" : [ ],
          "order" : 2.0,
          "active" : true
        } ],
        "active" : true
      },
      "displayOrder" : 5.0,
      "type" : "SingleSelect",
      "mandatory" : true
    }, {
      "name" : "Does the household own an almirah/dressing table?",
      "uuid" : "874b69dd-ebaf-4cda-bd2f-d4c9493c37e9",
      "keyValues" : [ ],
      "concept" : {
        "name" : "Does the household own an almirah/dressing table?",
        "uuid" : "8d144679-9089-4af6-9f5d-b55ffe5600df",
        "dataType" : "Coded",
        "answers" : [ {
          "name" : "Yes",
          "uuid" : "04bb1773-c353-44a1-a68c-9b448e07ff70",
          "dataType" : "NA",
          "answers" : [ ],
          "order" : 1.0,
          "active" : true
        }, {
          "name" : "No",
          "uuid" : "e7b50c78-3d90-484d-a224-9887887780dc",
          "dataType" : "NA",
          "answers" : [ ],
          "order" : 2.0,
          "active" : true
        } ],
        "active" : true
      },
      "displayOrder" : 6.0,
      "type" : "SingleSelect",
      "mandatory" : true
    }, {
      "name" : "Does the household own a sewing machine?",
      "uuid" : "4208d640-e30b-437e-922f-df303adf1a2b",
      "keyValues" : [ ],
      "concept" : {
        "name" : "Does the household own a sewing machine?",
        "uuid" : "b59b3a8f-8b40-4dd1-b79a-ee3eb2c1f32a",
        "dataType" : "Coded",
        "answers" : [ {
          "name" : "Yes",
          "uuid" : "04bb1773-c353-44a1-a68c-9b448e07ff70",
          "dataType" : "NA",
          "answers" : [ ],
          "order" : 1.0,
          "active" : true
        }, {
          "name" : "No",
          "uuid" : "e7b50c78-3d90-484d-a224-9887887780dc",
          "dataType" : "NA",
          "answers" : [ ],
          "order" : 2.0,
          "active" : true
        } ],
        "active" : true
      },
      "displayOrder" : 7.0,
      "type" : "SingleSelect",
      "mandatory" : true
    }, {
      "name" : "How many pressure cookers or pressure pans does the household own?",
      "uuid" : "babd7c05-3f0d-43e5-a0c3-c536e848ea60",
      "keyValues" : [ ],
      "concept" : {
        "name" : "Pressure cookers or pressure pans owned by household",
        "uuid" : "c8fa6f94-956f-4988-b12b-93f4367a050d",
        "dataType" : "Coded",
        "answers" : [ {
          "name" : "Two or more",
          "uuid" : "c65a610d-fa8f-43e2-a17e-e255589c95e5",
          "dataType" : "NA",
          "answers" : [ ],
          "order" : 3.0,
          "active" : true
        }, {
          "name" : "One",
          "uuid" : "73431353-137e-4997-92aa-26b3cb79eba7",
          "dataType" : "NA",
          "answers" : [ ],
          "order" : 2.0,
          "active" : true
        }, {
          "name" : "None",
          "uuid" : "ebda5e05-a995-43ca-ad1a-30af3b937539",
          "dataType" : "NA",
          "answers" : [ ],
          "order" : 1.0,
          "active" : true
        } ],
        "active" : true
      },
      "displayOrder" : 8.0,
      "type" : "SingleSelect",
      "mandatory" : true
    }, {
      "name" : "How many electric fans does the household own?",
      "uuid" : "6b4c86a0-31e2-42b9-ba56-4a3dbd5cf331",
      "keyValues" : [ ],
      "concept" : {
        "name" : "Electric fans owned by household",
        "uuid" : "bef73755-c9f6-45d1-8a95-c048feb4d4de",
        "dataType" : "Coded",
        "answers" : [ {
          "name" : "None",
          "uuid" : "ebda5e05-a995-43ca-ad1a-30af3b937539",
          "dataType" : "NA",
          "answers" : [ ],
          "order" : 1.0,
          "active" : true
        }, {
          "name" : "Two or more",
          "uuid" : "c65a610d-fa8f-43e2-a17e-e255589c95e5",
          "dataType" : "NA",
          "answers" : [ ],
          "order" : 3.0,
          "active" : true
        }, {
          "name" : "One",
          "uuid" : "73431353-137e-4997-92aa-26b3cb79eba7",
          "dataType" : "NA",
          "answers" : [ ],
          "order" : 2.0,
          "active" : true
        } ],
        "active" : true
      },
      "displayOrder" : 9.0,
      "type" : "SingleSelect",
      "mandatory" : true
    }, {
      "name" : "What is household’s primary source of energy for cooking?",
      "uuid" : "0086ac2c-5540-4c15-8cd3-b04f92f0bdf4",
      "keyValues" : [ ],
      "concept" : {
        "name" : "Primary source of energy for cooking in the household",
        "uuid" : "bf982fb0-a128-4e99-9172-484861f2bcd7",
        "dataType" : "Coded",
        "answers" : [ {
          "name" : "Firewood and chips, charcoal",
          "uuid" : "c640b54c-e446-4351-b660-070406d14770",
          "dataType" : "NA",
          "answers" : [ ],
          "order" : 1.0,
          "active" : true
        }, {
          "name" : "Other",
          "uuid" : "05ea583c-51d2-412d-ad00-06c432ffe538",
          "dataType" : "NA",
          "answers" : [ ],
          "order" : 4.0,
          "active" : true
        }, {
          "name" : "LPG",
          "uuid" : "30a8bdf9-c7b3-43a3-a255-ec88aecdb55a",
          "dataType" : "NA",
          "answers" : [ ],
          "order" : 2.0,
          "active" : true
        }, {
          "name" : "Electric",
          "uuid" : "4b50299d-af92-4a70-b9f4-b16a850cb03e",
          "dataType" : "NA",
          "answers" : [ ],
          "order" : 3.0,
          "active" : true
        } ],
        "active" : true
      },
      "displayOrder" : 10.0,
      "type" : "MultiSelect",
      "mandatory" : true
    }, {
      "name" : "What type of toilet facility do you usually use for defecation?",
      "uuid" : "43087078-94ca-40a0-9d4a-a3e30a11833d",
      "keyValues" : [ ],
      "concept" : {
        "name" : "What type of toilet facility do you usually use for defecation?",
        "uuid" : "2d146780-4b72-46f0-bab0-b81b87baf797",
        "dataType" : "Coded",
        "answers" : [ {
          "name" : "Pour flush",
          "uuid" : "86a3c230-f0ea-4122-b212-31f97cd11e6e",
          "dataType" : "NA",
          "answers" : [ ],
          "order" : 2.0,
          "active" : true
        }, {
          "name" : "Flush",
          "uuid" : "729368e2-9ced-4f6e-8c1c-1eb1cde837cb",
          "dataType" : "NA",
          "answers" : [ ],
          "order" : 1.0,
          "active" : true
        }, {
          "name" : "Private",
          "uuid" : "f866daf5-9e36-4ec5-976c-b4a73a5ed45a",
          "dataType" : "NA",
          "answers" : [ ],
          "order" : 4.0,
          "active" : true
        }, {
          "name" : "Shared",
          "uuid" : "efc0b682-0d90-4643-867b-175d1c829789",
          "dataType" : "NA",
          "answers" : [ ],
          "order" : 5.0,
          "active" : true
        }, {
          "name" : "Open",
          "uuid" : "cc0e80b3-4e9f-4305-8789-326da2af4a1a",
          "dataType" : "NA",
          "answers" : [ ],
          "order" : 3.0,
          "active" : true
        } ],
        "active" : true
      },
      "displayOrder" : 11.0,
      "type" : "MultiSelect",
      "mandatory" : false
    } ],
    "timed" : false
  }, {
    "uuid" : "ac1af315-8e61-4433-9171-4baf8810f0d5",
    "name" : "Health Seeking Behaviours",
    "displayOrder" : 3.0,
    "display" : "Health Seeking Behaviours",
    "formElements" : [ {
      "name" : "When you were pregnant, did you receive pregnancy care?",
      "uuid" : "98e80afb-c04a-400c-8ea9-d1c48a68f514",
      "keyValues" : [ ],
      "concept" : {
        "name" : "Received ANC services when pregnant",
        "uuid" : "591b140e-cce0-4433-bcf3-6c0b17aefb9f",
        "dataType" : "Coded",
        "answers" : [ {
          "name" : "Yes",
          "uuid" : "04bb1773-c353-44a1-a68c-9b448e07ff70",
          "dataType" : "NA",
          "answers" : [ ],
          "order" : 1.0,
          "active" : true
        }, {
          "name" : "No",
          "uuid" : "e7b50c78-3d90-484d-a224-9887887780dc",
          "dataType" : "NA",
          "answers" : [ ],
          "order" : 2.0,
          "active" : true
        } ],
        "active" : true
      },
      "displayOrder" : 1.0,
      "type" : "SingleSelect",
      "mandatory" : false
    }, {
      "name" : "Pregnancy care received from?",
      "uuid" : "f1423730-18d7-4425-8203-e12cb55abde9",
      "keyValues" : [ ],
      "concept" : {
        "name" : "ANC service received from",
        "uuid" : "2b0ba6d4-05b9-441c-9d89-fdc70394f852",
        "dataType" : "Coded",
        "answers" : [ {
          "name" : "Private Nursing Home",
          "uuid" : "ed45b918-885a-4874-94e7-3aa397876b10",
          "dataType" : "NA",
          "answers" : [ ],
          "order" : 6.0,
          "active" : true
        }, {
          "name" : "Jaiswal Hospital",
          "uuid" : "658ccd6f-5c7c-4214-a29e-9e2e526f71bd",
          "dataType" : "NA",
          "answers" : [ ],
          "order" : 4.0,
          "active" : true
        }, {
          "name" : "Other",
          "uuid" : "05ea583c-51d2-412d-ad00-06c432ffe538",
          "dataType" : "NA",
          "answers" : [ ],
          "order" : 9.0,
          "active" : true
        }, {
          "name" : "District Hospital",
          "uuid" : "6e3cb48a-5428-49d3-bccb-6964f958fdf3",
          "dataType" : "NA",
          "answers" : [ ],
          "order" : 3.0,
          "active" : true
        }, {
          "name" : "Satyabala Hospital",
          "uuid" : "57c583bf-fd86-4e8e-8475-78c527a5259d",
          "dataType" : "NA",
          "answers" : [ ],
          "order" : 5.0,
          "active" : true
        }, {
          "name" : "Calcutta Kids",
          "uuid" : "b51ee2de-af5b-443f-8693-4deb773db2c6",
          "dataType" : "NA",
          "answers" : [ ],
          "order" : 8.0,
          "active" : true
        }, {
          "name" : "ICDS",
          "uuid" : "30de2a66-746e-4d36-92b9-ce72acd02f97",
          "dataType" : "NA",
          "answers" : [ ],
          "order" : 1.0,
          "active" : true
        }, {
          "name" : "Ward Health Center",
          "uuid" : "7a5b00c3-e693-4510-ae8a-25fbd2905c74",
          "dataType" : "NA",
          "answers" : [ ],
          "order" : 2.0,
          "active" : true
        }, {
          "name" : "NGOs",
          "uuid" : "99e43d73-3a44-49f4-83c6-e8536984f8f6",
          "dataType" : "NA",
          "answers" : [ ],
          "order" : 7.0,
          "active" : true
        } ],
        "active" : true
      },
      "displayOrder" : 2.0,
      "type" : "MultiSelect",
      "mandatory" : false
    }, {
      "name" : "Which other facility was pregnancy care received from?",
      "uuid" : "9dd58646-044d-4c0d-94e7-9f0524a028b1",
      "keyValues" : [ ],
      "concept" : {
        "name" : "Other facility where ANC was provided",
        "uuid" : "a02b5d7b-f883-47f7-b4c2-8a945986c00c",
        "dataType" : "Text",
        "answers" : [ ],
        "active" : true
      },
      "displayOrder" : 3.0,
      "type" : "SingleSelect",
      "mandatory" : false
    }, {
      "name" : "Does your child get weighed each month?",
      "uuid" : "aff32105-5add-42e7-bd1c-44a73c7ce2cc",
      "keyValues" : [ ],
      "concept" : {
        "name" : "Receiving GMP services for child?",
        "uuid" : "e65b2360-c965-44b9-91f1-9a0467bc34a2",
        "dataType" : "Coded",
        "answers" : [ {
          "name" : "No",
          "uuid" : "e7b50c78-3d90-484d-a224-9887887780dc",
          "dataType" : "NA",
          "answers" : [ ],
          "order" : 2.0,
          "active" : true
        }, {
          "name" : "Yes",
          "uuid" : "04bb1773-c353-44a1-a68c-9b448e07ff70",
          "dataType" : "NA",
          "answers" : [ ],
          "order" : 1.0,
          "active" : true
        } ],
        "active" : true
      },
      "displayOrder" : 4.0,
      "type" : "SingleSelect",
      "mandatory" : false
    }, {
      "name" : "Weighing service availed from?",
      "uuid" : "81c29a21-f8ea-4069-a433-b8b221696040",
      "keyValues" : [ ],
      "concept" : {
        "name" : "GMP service received from",
        "uuid" : "0ac89224-baff-416d-959b-2854369d8530",
        "dataType" : "Coded",
        "answers" : [ {
          "name" : "Satyabala Hospital",
          "uuid" : "57c583bf-fd86-4e8e-8475-78c527a5259d",
          "dataType" : "NA",
          "answers" : [ ],
          "order" : 5.0,
          "active" : true
        }, {
          "name" : "ICDS",
          "uuid" : "30de2a66-746e-4d36-92b9-ce72acd02f97",
          "dataType" : "NA",
          "answers" : [ ],
          "order" : 1.0,
          "active" : true
        }, {
          "name" : "Jaiswal Hospital",
          "uuid" : "658ccd6f-5c7c-4214-a29e-9e2e526f71bd",
          "dataType" : "NA",
          "answers" : [ ],
          "order" : 4.0,
          "active" : true
        }, {
          "name" : "District Hospital",
          "uuid" : "6e3cb48a-5428-49d3-bccb-6964f958fdf3",
          "dataType" : "NA",
          "answers" : [ ],
          "order" : 3.0,
          "active" : true
        }, {
          "name" : "Calcutta Kids",
          "uuid" : "b51ee2de-af5b-443f-8693-4deb773db2c6",
          "dataType" : "NA",
          "answers" : [ ],
          "order" : 8.0,
          "active" : true
        }, {
          "name" : "Private Nursing Home",
          "uuid" : "ed45b918-885a-4874-94e7-3aa397876b10",
          "dataType" : "NA",
          "answers" : [ ],
          "order" : 6.0,
          "active" : true
        }, {
          "name" : "NGOs",
          "uuid" : "99e43d73-3a44-49f4-83c6-e8536984f8f6",
          "dataType" : "NA",
          "answers" : [ ],
          "order" : 7.0,
          "active" : true
        }, {
          "name" : "Ward Health Center",
          "uuid" : "7a5b00c3-e693-4510-ae8a-25fbd2905c74",
          "dataType" : "NA",
          "answers" : [ ],
          "order" : 2.0,
          "active" : true
        }, {
          "name" : "Other",
          "uuid" : "05ea583c-51d2-412d-ad00-06c432ffe538",
          "dataType" : "NA",
          "answers" : [ ],
          "order" : 9.0,
          "active" : true
        } ],
        "active" : true
      },
      "displayOrder" : 5.0,
      "type" : "MultiSelect",
      "mandatory" : false
    }, {
      "name" : "Which other facility was weighing service availed from?",
      "uuid" : "40f7cd4c-51d6-4739-8c0a-93f9cbf5b9c9",
      "keyValues" : [ ],
      "concept" : {
        "name" : "Other facility where GMP services were provided",
        "uuid" : "125fae1f-d0c7-465b-8546-f021a66a1141",
        "dataType" : "Text",
        "answers" : [ ],
        "active" : true
      },
      "displayOrder" : 6.0,
      "type" : "SingleSelect",
      "mandatory" : false
    }, {
      "name" : "Do you get food rations for your child?",
      "uuid" : "7a903d43-9ba1-432b-b380-30540e5415ae",
      "keyValues" : [ ],
      "concept" : {
        "name" : "Receiving food rations for child?",
        "uuid" : "5141a616-56d0-48ab-a7bb-ad1e94f3035d",
        "dataType" : "Coded",
        "answers" : [ {
          "name" : "No",
          "uuid" : "e7b50c78-3d90-484d-a224-9887887780dc",
          "dataType" : "NA",
          "answers" : [ ],
          "order" : 2.0,
          "active" : true
        }, {
          "name" : "Yes",
          "uuid" : "04bb1773-c353-44a1-a68c-9b448e07ff70",
          "dataType" : "NA",
          "answers" : [ ],
          "order" : 1.0,
          "active" : true
        } ],
        "active" : true
      },
      "displayOrder" : 7.0,
      "type" : "SingleSelect",
      "mandatory" : false
    }, {
      "name" : "Food rations received from?",
      "uuid" : "8225cff9-cc25-4318-97ab-3965e5bea899",
      "keyValues" : [ ],
      "concept" : {
        "name" : "Food rations received from",
        "uuid" : "cdcafa55-25da-4158-b2ae-163d92528a28",
        "dataType" : "Coded",
        "answers" : [ {
          "name" : "District Hospital",
          "uuid" : "6e3cb48a-5428-49d3-bccb-6964f958fdf3",
          "dataType" : "NA",
          "answers" : [ ],
          "order" : 3.0,
          "active" : true
        }, {
          "name" : "Other",
          "uuid" : "05ea583c-51d2-412d-ad00-06c432ffe538",
          "dataType" : "NA",
          "answers" : [ ],
          "order" : 9.0,
          "active" : true
        }, {
          "name" : "Satyabala Hospital",
          "uuid" : "57c583bf-fd86-4e8e-8475-78c527a5259d",
          "dataType" : "NA",
          "answers" : [ ],
          "order" : 5.0,
          "active" : true
        }, {
          "name" : "ICDS",
          "uuid" : "30de2a66-746e-4d36-92b9-ce72acd02f97",
          "dataType" : "NA",
          "answers" : [ ],
          "order" : 1.0,
          "active" : true
        }, {
          "name" : "Ward Health Center",
          "uuid" : "7a5b00c3-e693-4510-ae8a-25fbd2905c74",
          "dataType" : "NA",
          "answers" : [ ],
          "order" : 2.0,
          "active" : true
        }, {
          "name" : "Calcutta Kids",
          "uuid" : "b51ee2de-af5b-443f-8693-4deb773db2c6",
          "dataType" : "NA",
          "answers" : [ ],
          "order" : 8.0,
          "active" : true
        }, {
          "name" : "NGOs",
          "uuid" : "99e43d73-3a44-49f4-83c6-e8536984f8f6",
          "dataType" : "NA",
          "answers" : [ ],
          "order" : 7.0,
          "active" : true
        }, {
          "name" : "Private Nursing Home",
          "uuid" : "ed45b918-885a-4874-94e7-3aa397876b10",
          "dataType" : "NA",
          "answers" : [ ],
          "order" : 6.0,
          "active" : true
        }, {
          "name" : "Jaiswal Hospital",
          "uuid" : "658ccd6f-5c7c-4214-a29e-9e2e526f71bd",
          "dataType" : "NA",
          "answers" : [ ],
          "order" : 4.0,
          "active" : true
        } ],
        "active" : true
      },
      "displayOrder" : 8.0,
      "type" : "MultiSelect",
      "mandatory" : false
    }, {
      "name" : "Which other facility was food ration received from?",
      "uuid" : "d11b380b-a867-45ba-941d-f5b127b64e11",
      "keyValues" : [ ],
      "concept" : {
        "name" : "Other facility where food rations were provided",
        "uuid" : "ec266fb3-9221-412b-a7a8-048488ebcea8",
        "dataType" : "Text",
        "answers" : [ ],
        "active" : true
      },
      "displayOrder" : 9.0,
      "type" : "SingleSelect",
      "mandatory" : false
    }, {
      "name" : "Do you seek medical attention when you or your child are ill or hurt?",
      "uuid" : "34d71792-bc14-414d-aaec-4cd179d9f1d7",
      "keyValues" : [ ],
      "concept" : {
        "name" : "Receiving curative health services for self and child?",
        "uuid" : "3873335f-d20d-498b-b174-61b14c0b40f2",
        "dataType" : "Coded",
        "answers" : [ {
          "name" : "No",
          "uuid" : "e7b50c78-3d90-484d-a224-9887887780dc",
          "dataType" : "NA",
          "answers" : [ ],
          "order" : 2.0,
          "active" : true
        }, {
          "name" : "Yes",
          "uuid" : "04bb1773-c353-44a1-a68c-9b448e07ff70",
          "dataType" : "NA",
          "answers" : [ ],
          "order" : 1.0,
          "active" : true
        } ],
        "active" : true
      },
      "displayOrder" : 10.0,
      "type" : "SingleSelect",
      "mandatory" : false
    }, {
      "name" : "Health services received from?",
      "uuid" : "b4de5284-d5a9-4f14-94a4-7ac371d310b1",
      "keyValues" : [ ],
      "concept" : {
        "name" : "Curative health services received from",
        "uuid" : "4806adf8-1120-4550-8703-faab343fdd9b",
        "dataType" : "Coded",
        "answers" : [ {
          "name" : "Satyabala Hospital",
          "uuid" : "57c583bf-fd86-4e8e-8475-78c527a5259d",
          "dataType" : "NA",
          "answers" : [ ],
          "order" : 5.0,
          "active" : true
        }, {
          "name" : "Calcutta Kids",
          "uuid" : "b51ee2de-af5b-443f-8693-4deb773db2c6",
          "dataType" : "NA",
          "answers" : [ ],
          "order" : 8.0,
          "active" : true
        }, {
          "name" : "NGOs",
          "uuid" : "99e43d73-3a44-49f4-83c6-e8536984f8f6",
          "dataType" : "NA",
          "answers" : [ ],
          "order" : 7.0,
          "active" : true
        }, {
          "name" : "ICDS",
          "uuid" : "30de2a66-746e-4d36-92b9-ce72acd02f97",
          "dataType" : "NA",
          "answers" : [ ],
          "order" : 1.0,
          "active" : true
        }, {
          "name" : "Jaiswal Hospital",
          "uuid" : "658ccd6f-5c7c-4214-a29e-9e2e526f71bd",
          "dataType" : "NA",
          "answers" : [ ],
          "order" : 4.0,
          "active" : true
        }, {
          "name" : "Private Nursing Home",
          "uuid" : "ed45b918-885a-4874-94e7-3aa397876b10",
          "dataType" : "NA",
          "answers" : [ ],
          "order" : 6.0,
          "active" : true
        }, {
          "name" : "Ward Health Center",
          "uuid" : "7a5b00c3-e693-4510-ae8a-25fbd2905c74",
          "dataType" : "NA",
          "answers" : [ ],
          "order" : 2.0,
          "active" : true
        }, {
          "name" : "District Hospital",
          "uuid" : "6e3cb48a-5428-49d3-bccb-6964f958fdf3",
          "dataType" : "NA",
          "answers" : [ ],
          "order" : 3.0,
          "active" : true
        }, {
          "name" : "Other",
          "uuid" : "05ea583c-51d2-412d-ad00-06c432ffe538",
          "dataType" : "NA",
          "answers" : [ ],
          "order" : 9.0,
          "active" : true
        } ],
        "active" : true
      },
      "displayOrder" : 11.0,
      "type" : "MultiSelect",
      "mandatory" : false
    }, {
      "name" : "Which other facility was health services received from?",
      "uuid" : "63870dfc-cd35-4a0e-bd8f-5ae158af7f8d",
      "keyValues" : [ ],
      "concept" : {
        "name" : "Other facility where curative health services were provided",
        "uuid" : "becfa0ba-1bc9-426d-a25d-b88f2591bf11",
        "dataType" : "Text",
        "answers" : [ ],
        "active" : true
      },
      "displayOrder" : 12.0,
      "type" : "SingleSelect",
      "mandatory" : false
    }, {
      "name" : "Has your child received immunizations?",
      "uuid" : "38029e61-7648-476c-870b-59a7bbd4b573",
      "keyValues" : [ ],
      "concept" : {
        "name" : "Received immunizations for child",
        "uuid" : "b5301e37-9c86-4ba0-b7d3-1a563335ef26",
        "dataType" : "Coded",
        "answers" : [ {
          "name" : "No",
          "uuid" : "e7b50c78-3d90-484d-a224-9887887780dc",
          "dataType" : "NA",
          "answers" : [ ],
          "order" : 2.0,
          "active" : true
        }, {
          "name" : "Yes",
          "uuid" : "04bb1773-c353-44a1-a68c-9b448e07ff70",
          "dataType" : "NA",
          "answers" : [ ],
          "order" : 1.0,
          "active" : true
        } ],
        "active" : true
      },
      "displayOrder" : 13.0,
      "type" : "SingleSelect",
      "mandatory" : false
    }, {
      "name" : "Immunization service received from?",
      "uuid" : "9acf3542-7959-4041-8537-ade887975895",
      "keyValues" : [ ],
      "concept" : {
        "name" : "Immunization received from",
        "uuid" : "3be0f140-2c04-4b40-9af2-46ee2e133e64",
        "dataType" : "Coded",
        "answers" : [ {
          "name" : "Ward Health Center",
          "uuid" : "7a5b00c3-e693-4510-ae8a-25fbd2905c74",
          "dataType" : "NA",
          "answers" : [ ],
          "order" : 2.0,
          "active" : true
        }, {
          "name" : "Satyabala Hospital",
          "uuid" : "57c583bf-fd86-4e8e-8475-78c527a5259d",
          "dataType" : "NA",
          "answers" : [ ],
          "order" : 5.0,
          "active" : true
        }, {
          "name" : "Calcutta Kids",
          "uuid" : "b51ee2de-af5b-443f-8693-4deb773db2c6",
          "dataType" : "NA",
          "answers" : [ ],
          "order" : 8.0,
          "active" : true
        }, {
          "name" : "Other",
          "uuid" : "05ea583c-51d2-412d-ad00-06c432ffe538",
          "dataType" : "NA",
          "answers" : [ ],
          "order" : 9.0,
          "active" : true
        }, {
          "name" : "District Hospital",
          "uuid" : "6e3cb48a-5428-49d3-bccb-6964f958fdf3",
          "dataType" : "NA",
          "answers" : [ ],
          "order" : 3.0,
          "active" : true
        }, {
          "name" : "NGOs",
          "uuid" : "99e43d73-3a44-49f4-83c6-e8536984f8f6",
          "dataType" : "NA",
          "answers" : [ ],
          "order" : 7.0,
          "active" : true
        }, {
          "name" : "Private Nursing Home",
          "uuid" : "ed45b918-885a-4874-94e7-3aa397876b10",
          "dataType" : "NA",
          "answers" : [ ],
          "order" : 6.0,
          "active" : true
        }, {
          "name" : "Jaiswal Hospital",
          "uuid" : "658ccd6f-5c7c-4214-a29e-9e2e526f71bd",
          "dataType" : "NA",
          "answers" : [ ],
          "order" : 4.0,
          "active" : true
        }, {
          "name" : "ICDS",
          "uuid" : "30de2a66-746e-4d36-92b9-ce72acd02f97",
          "dataType" : "NA",
          "answers" : [ ],
          "order" : 1.0,
          "active" : true
        } ],
        "active" : true
      },
      "displayOrder" : 14.0,
      "type" : "MultiSelect",
      "mandatory" : false
    }, {
      "name" : "Which other facility was immunization received from?",
      "uuid" : "1b4d2a9d-51e3-447a-9e2b-6d4a70ad2541",
      "keyValues" : [ ],
      "concept" : {
        "name" : "Other facility where immunization was provided",
        "uuid" : "fea01561-6275-43d2-907e-c0530306686d",
        "dataType" : "Text",
        "answers" : [ ],
        "active" : true
      },
      "displayOrder" : 15.0,
      "type" : "SingleSelect",
      "mandatory" : false
    }, {
      "name" : "Have you needed to use emergency services for yourself or your child?",
      "uuid" : "e6fae7c6-d40e-4d35-9e0b-daf035dd7df5",
      "keyValues" : [ ],
      "concept" : {
        "name" : "Used emergency services for self or child",
        "uuid" : "cd4a9f19-f914-4939-a144-a63732e8d534",
        "dataType" : "Coded",
        "answers" : [ {
          "name" : "Yes",
          "uuid" : "04bb1773-c353-44a1-a68c-9b448e07ff70",
          "dataType" : "NA",
          "answers" : [ ],
          "order" : 1.0,
          "active" : true
        }, {
          "name" : "No",
          "uuid" : "e7b50c78-3d90-484d-a224-9887887780dc",
          "dataType" : "NA",
          "answers" : [ ],
          "order" : 2.0,
          "active" : true
        } ],
        "active" : true
      },
      "displayOrder" : 16.0,
      "type" : "SingleSelect",
      "mandatory" : false
    }, {
      "name" : "Emergency service received from?",
      "uuid" : "a1f35eab-8c94-4a9e-b61e-8fef3e8db03b",
      "keyValues" : [ ],
      "concept" : {
        "name" : "Emergency services received from",
        "uuid" : "5339fc25-ef4f-42fe-9b4f-307efb9a8173",
        "dataType" : "Coded",
        "answers" : [ {
          "name" : "District Hospital",
          "uuid" : "6e3cb48a-5428-49d3-bccb-6964f958fdf3",
          "dataType" : "NA",
          "answers" : [ ],
          "order" : 3.0,
          "active" : true
        }, {
          "name" : "Other",
          "uuid" : "05ea583c-51d2-412d-ad00-06c432ffe538",
          "dataType" : "NA",
          "answers" : [ ],
          "order" : 9.0,
          "active" : true
        }, {
          "name" : "NGOs",
          "uuid" : "99e43d73-3a44-49f4-83c6-e8536984f8f6",
          "dataType" : "NA",
          "answers" : [ ],
          "order" : 7.0,
          "active" : true
        }, {
          "name" : "Jaiswal Hospital",
          "uuid" : "658ccd6f-5c7c-4214-a29e-9e2e526f71bd",
          "dataType" : "NA",
          "answers" : [ ],
          "order" : 4.0,
          "active" : true
        }, {
          "name" : "ICDS",
          "uuid" : "30de2a66-746e-4d36-92b9-ce72acd02f97",
          "dataType" : "NA",
          "answers" : [ ],
          "order" : 1.0,
          "active" : true
        }, {
          "name" : "Satyabala Hospital",
          "uuid" : "57c583bf-fd86-4e8e-8475-78c527a5259d",
          "dataType" : "NA",
          "answers" : [ ],
          "order" : 5.0,
          "active" : true
        }, {
          "name" : "Private Nursing Home",
          "uuid" : "ed45b918-885a-4874-94e7-3aa397876b10",
          "dataType" : "NA",
          "answers" : [ ],
          "order" : 6.0,
          "active" : true
        }, {
          "name" : "Ward Health Center",
          "uuid" : "7a5b00c3-e693-4510-ae8a-25fbd2905c74",
          "dataType" : "NA",
          "answers" : [ ],
          "order" : 2.0,
          "active" : true
        }, {
          "name" : "Calcutta Kids",
          "uuid" : "b51ee2de-af5b-443f-8693-4deb773db2c6",
          "dataType" : "NA",
          "answers" : [ ],
          "order" : 8.0,
          "active" : true
        } ],
        "active" : true
      },
      "displayOrder" : 17.0,
      "type" : "MultiSelect",
      "mandatory" : false
    }, {
      "name" : "Which other facility was emergency service received from?",
      "uuid" : "f3ce8306-4230-4d56-9acd-0aef7972c1fc",
      "keyValues" : [ ],
      "concept" : {
        "name" : "Other facility where emergency services were provided",
        "uuid" : "fb7d1279-74c3-4d77-b8cc-d38691a4ea35",
        "dataType" : "Text",
        "answers" : [ ],
        "active" : true
      },
      "displayOrder" : 18.0,
      "type" : "SingleSelect",
      "mandatory" : false
    }, {
      "name" : "Have you sought medical assistance for any other reasons?",
      "uuid" : "3f558960-c6c3-46c0-831c-cbead228dc13",
      "keyValues" : [ ],
      "concept" : {
        "name" : "Received other medical assistance",
        "uuid" : "ebe61471-b499-4b2c-9aa5-7a3c3b43767c",
        "dataType" : "Coded",
        "answers" : [ {
          "name" : "No",
          "uuid" : "e7b50c78-3d90-484d-a224-9887887780dc",
          "dataType" : "NA",
          "answers" : [ ],
          "order" : 2.0,
          "active" : true
        }, {
          "name" : "Yes",
          "uuid" : "04bb1773-c353-44a1-a68c-9b448e07ff70",
          "dataType" : "NA",
          "answers" : [ ],
          "order" : 1.0,
          "active" : true
        } ],
        "active" : true
      },
      "displayOrder" : 19.0,
      "type" : "SingleSelect",
      "mandatory" : false
    }, {
      "name" : "Medical assistance received from?",
      "uuid" : "3b1088be-320e-407d-ae22-ccbe28a4a288",
      "keyValues" : [ ],
      "concept" : {
        "name" : "Medical assistance received from",
        "uuid" : "b47198e4-8bda-4b46-9020-4dd693135ab3",
        "dataType" : "Coded",
        "answers" : [ {
          "name" : "Calcutta Kids",
          "uuid" : "b51ee2de-af5b-443f-8693-4deb773db2c6",
          "dataType" : "NA",
          "answers" : [ ],
          "order" : 8.0,
          "active" : true
        }, {
          "name" : "Satyabala Hospital",
          "uuid" : "57c583bf-fd86-4e8e-8475-78c527a5259d",
          "dataType" : "NA",
          "answers" : [ ],
          "order" : 5.0,
          "active" : true
        }, {
          "name" : "ICDS",
          "uuid" : "30de2a66-746e-4d36-92b9-ce72acd02f97",
          "dataType" : "NA",
          "answers" : [ ],
          "order" : 1.0,
          "active" : true
        }, {
          "name" : "Private Nursing Home",
          "uuid" : "ed45b918-885a-4874-94e7-3aa397876b10",
          "dataType" : "NA",
          "answers" : [ ],
          "order" : 6.0,
          "active" : true
        }, {
          "name" : "Jaiswal Hospital",
          "uuid" : "658ccd6f-5c7c-4214-a29e-9e2e526f71bd",
          "dataType" : "NA",
          "answers" : [ ],
          "order" : 4.0,
          "active" : true
        }, {
          "name" : "Other",
          "uuid" : "05ea583c-51d2-412d-ad00-06c432ffe538",
          "dataType" : "NA",
          "answers" : [ ],
          "order" : 9.0,
          "active" : true
        }, {
          "name" : "NGOs",
          "uuid" : "99e43d73-3a44-49f4-83c6-e8536984f8f6",
          "dataType" : "NA",
          "answers" : [ ],
          "order" : 7.0,
          "active" : true
        }, {
          "name" : "Ward Health Center",
          "uuid" : "7a5b00c3-e693-4510-ae8a-25fbd2905c74",
          "dataType" : "NA",
          "answers" : [ ],
          "order" : 2.0,
          "active" : true
        }, {
          "name" : "District Hospital",
          "uuid" : "6e3cb48a-5428-49d3-bccb-6964f958fdf3",
          "dataType" : "NA",
          "answers" : [ ],
          "order" : 3.0,
          "active" : true
        } ],
        "active" : true
      },
      "displayOrder" : 20.0,
      "type" : "MultiSelect",
      "mandatory" : false
    }, {
      "name" : "Which other facility was medical assistance received from?",
      "uuid" : "4cd0187f-91d0-4fb0-b1a5-e91bb2ff1129",
      "keyValues" : [ ],
      "concept" : {
        "name" : "Other facility where other medical assistance was provided",
        "uuid" : "91f43230-a79c-41f7-88bc-9c8c8c0f0917",
        "dataType" : "Text",
        "answers" : [ ],
        "active" : true
      },
      "displayOrder" : 21.0,
      "type" : "SingleSelect",
      "mandatory" : false
    } ],
    "timed" : false
  }, {
    "uuid" : "16d1de69-4e06-4df6-b457-c932b97fde11",
    "name" : "Living Children",
    "displayOrder" : 4.0,
    "display" : "Living Children",
    "formElements" : [ {
      "name" : "Number of children currently enrolled in Calcutta Kids",
      "uuid" : "c60fbf9d-1be5-48ee-9265-314225df0971",
      "keyValues" : [ ],
      "concept" : {
        "name" : "Number of children currently enrolled in Calcutta Kids",
        "uuid" : "0bee8ffd-8189-4871-978e-d9ae934a4775",
        "dataType" : "Numeric",
        "answers" : [ ],
        "lowAbsolute" : 0.0,
        "highAbsolute" : 6.0,
        "active" : true
      },
      "displayOrder" : 1.0,
      "type" : "SingleSelect",
      "mandatory" : false
    }, {
      "name" : "ID of child #1",
      "uuid" : "cc0d51d3-e959-4edd-a7ea-a2aaf00768c2",
      "keyValues" : [ ],
      "concept" : {
        "name" : "ID of child #1",
        "uuid" : "7250b61c-990e-463f-9f5f-0126055bf46b",
        "dataType" : "Text",
        "answers" : [ ],
        "active" : true
      },
      "displayOrder" : 2.0,
      "type" : "SingleSelect",
      "mandatory" : false
    }, {
      "name" : "ID of child #2",
      "uuid" : "5dc84a09-012e-459b-8abf-bef90dd96f22",
      "keyValues" : [ ],
      "concept" : {
        "name" : "ID of child #2",
        "uuid" : "f2a77574-f1d0-4640-abd6-644e4c356e1b",
        "dataType" : "Text",
        "answers" : [ ],
        "active" : true
      },
      "displayOrder" : 3.0,
      "type" : "SingleSelect",
      "mandatory" : false
    }, {
      "name" : "ID of child #3",
      "uuid" : "491cf831-90de-42ff-9d43-180a512232b0",
      "keyValues" : [ ],
      "concept" : {
        "name" : "ID of child #3",
        "uuid" : "ce8959dc-76fe-444c-a62f-a6e81e6b7692",
        "dataType" : "Text",
        "answers" : [ ],
        "active" : true
      },
      "displayOrder" : 4.0,
      "type" : "SingleSelect",
      "mandatory" : false
    }, {
      "name" : "ID of child #4",
      "uuid" : "bc7704bc-c2fb-49fe-b46c-f5dcc03b6f48",
      "keyValues" : [ ],
      "concept" : {
        "name" : "ID of child #4",
        "uuid" : "f55c6134-53d6-4f61-8d06-a66dcaed3c22",
        "dataType" : "Text",
        "answers" : [ ],
        "active" : true
      },
      "displayOrder" : 5.0,
      "type" : "SingleSelect",
      "mandatory" : false
    }, {
      "name" : "ID of child #5",
      "uuid" : "751a4927-b6ff-4700-a66a-77f54223eb6d",
      "keyValues" : [ ],
      "concept" : {
        "name" : "ID of child #5",
        "uuid" : "0050175d-f941-48cd-bd34-a9b22eeaa07e",
        "dataType" : "Text",
        "answers" : [ ],
        "active" : true
      },
      "displayOrder" : 6.0,
      "type" : "SingleSelect",
      "mandatory" : false
    }, {
      "name" : "ID of child #6",
      "uuid" : "15bd2f94-c191-461d-ada6-7ecb644aa7f9",
      "keyValues" : [ ],
      "concept" : {
        "name" : "ID of child #6",
        "uuid" : "e1b3d978-af24-436c-87b6-4d0e902b195c",
        "dataType" : "Text",
        "answers" : [ ],
        "active" : true
      },
      "displayOrder" : 7.0,
      "type" : "SingleSelect",
      "mandatory" : false
    }, {
      "name" : "Number of children NOT enrolled in Calcutta Kids",
      "uuid" : "b1ed35b8-4635-462b-a0e4-59722fde94c0",
      "keyValues" : [ ],
      "concept" : {
        "name" : "Number of children NOT enrolled in Calcutta Kids",
        "uuid" : "bdcc9120-3b00-45dc-a46c-12fbb6475dd3",
        "dataType" : "Numeric",
        "answers" : [ ],
        "lowAbsolute" : 0.0,
        "highAbsolute" : 6.0,
        "active" : true
      },
      "displayOrder" : 8.0,
      "type" : "SingleSelect",
      "mandatory" : false
    }, {
      "name" : "DOB of oldest child not enrolled in CK",
      "uuid" : "428ceb94-26ad-4419-9717-d88955a3c6f4",
      "keyValues" : [ ],
      "concept" : {
        "name" : "DOB of oldest child not enrolled in CK",
        "uuid" : "c680e52f-71f9-47a3-88a2-bb00aaa27cb0",
        "dataType" : "Date",
        "answers" : [ ],
        "active" : true
      },
      "displayOrder" : 9.0,
      "type" : "SingleSelect",
      "mandatory" : false
    }, {
      "name" : "Gender of oldest child not enrolled in CK",
      "uuid" : "45a15a54-6769-4640-b2cc-0da993e05260",
      "keyValues" : [ ],
      "concept" : {
        "name" : "Gender of oldest child not enrolled in CK",
        "uuid" : "8a4db95b-e01b-47fd-abad-15c661e6ed1c",
        "dataType" : "Coded",
        "answers" : [ {
          "name" : "Other Gender",
          "uuid" : "d56700ea-fac8-4255-8403-7f8f3b755335",
          "dataType" : "NA",
          "answers" : [ ],
          "order" : 3.0,
          "active" : true
        }, {
          "name" : "Female",
          "uuid" : "09e1b06f-26be-4f7a-8121-5dba3a11b684",
          "dataType" : "NA",
          "answers" : [ ],
          "order" : 2.0,
          "active" : true
        }, {
          "name" : "Male",
          "uuid" : "7038d549-4a3b-4600-b856-f6f3d123fbd8",
          "dataType" : "NA",
          "answers" : [ ],
          "order" : 1.0,
          "active" : true
        } ],
        "active" : true
      },
      "displayOrder" : 10.0,
      "type" : "SingleSelect",
      "mandatory" : false
    }, {
      "name" : "DOB of second oldest child not enrolled in CK",
      "uuid" : "0b7f9f3b-af30-4894-858c-b6195ea87e61",
      "keyValues" : [ ],
      "concept" : {
        "name" : "DOB of second oldest child not enrolled in CK",
        "uuid" : "d0bd869c-014d-4c13-8ee9-849c707dd3bf",
        "dataType" : "Date",
        "answers" : [ ],
        "active" : true
      },
      "displayOrder" : 11.0,
      "type" : "SingleSelect",
      "mandatory" : false
    }, {
      "name" : "Gender of second oldest child not enrolled in CK",
      "uuid" : "37c6c7f0-a216-4205-b7cf-76e061abcaba",
      "keyValues" : [ ],
      "concept" : {
        "name" : "Gender of second oldest child not enrolled in CK",
        "uuid" : "82a5f5bf-711d-4a14-88e6-eb989615c51a",
        "dataType" : "Coded",
        "answers" : [ {
          "name" : "Other Gender",
          "uuid" : "d56700ea-fac8-4255-8403-7f8f3b755335",
          "dataType" : "NA",
          "answers" : [ ],
          "order" : 3.0,
          "active" : true
        }, {
          "name" : "Male",
          "uuid" : "7038d549-4a3b-4600-b856-f6f3d123fbd8",
          "dataType" : "NA",
          "answers" : [ ],
          "order" : 1.0,
          "active" : true
        }, {
          "name" : "Female",
          "uuid" : "09e1b06f-26be-4f7a-8121-5dba3a11b684",
          "dataType" : "NA",
          "answers" : [ ],
          "order" : 2.0,
          "active" : true
        } ],
        "active" : true
      },
      "displayOrder" : 12.0,
      "type" : "SingleSelect",
      "mandatory" : false
    }, {
      "name" : "DOB of third oldest child not enrolled in CK",
      "uuid" : "c52ab050-ced0-4020-bdc2-562e341ae2f6",
      "keyValues" : [ ],
      "concept" : {
        "name" : "DOB of third oldest child not enrolled in CK",
        "uuid" : "567e270c-e59c-4082-bc08-8cd33c23c16e",
        "dataType" : "Date",
        "answers" : [ ],
        "active" : true
      },
      "displayOrder" : 13.0,
      "type" : "SingleSelect",
      "mandatory" : false
    }, {
      "name" : "Gender of third oldest child not enrolled in CK",
      "uuid" : "91d54560-646c-45e1-aabe-63b7b66c216d",
      "keyValues" : [ ],
      "concept" : {
        "name" : "Gender of third oldest child not enrolled in CK",
        "uuid" : "d27aba15-edd7-4e33-b6c0-8921b51a8341",
        "dataType" : "Coded",
        "answers" : [ {
          "name" : "Male",
          "uuid" : "7038d549-4a3b-4600-b856-f6f3d123fbd8",
          "dataType" : "NA",
          "answers" : [ ],
          "order" : 1.0,
          "active" : true
        }, {
          "name" : "Female",
          "uuid" : "09e1b06f-26be-4f7a-8121-5dba3a11b684",
          "dataType" : "NA",
          "answers" : [ ],
          "order" : 2.0,
          "active" : true
        }, {
          "name" : "Other Gender",
          "uuid" : "d56700ea-fac8-4255-8403-7f8f3b755335",
          "dataType" : "NA",
          "answers" : [ ],
          "order" : 3.0,
          "active" : true
        } ],
        "active" : true
      },
      "displayOrder" : 14.0,
      "type" : "SingleSelect",
      "mandatory" : false
    }, {
      "name" : "DOB of fourth oldest child not enrolled in CK",
      "uuid" : "5b7d6db4-bd46-4c1b-89cc-a268005b5a7f",
      "keyValues" : [ ],
      "concept" : {
        "name" : "DOB of fourth oldest child not enrolled in CK",
        "uuid" : "28c36c26-4974-44f3-93a2-fab4584e25e8",
        "dataType" : "Date",
        "answers" : [ ],
        "active" : true
      },
      "displayOrder" : 15.0,
      "type" : "SingleSelect",
      "mandatory" : false
    }, {
      "name" : "Gender of fourth oldest child not enrolled in CK",
      "uuid" : "8403bd0e-ee51-4b4d-a8d8-8fc9d8f7a4a7",
      "keyValues" : [ ],
      "concept" : {
        "name" : "Gender of fourth oldest child not enrolled in CK",
        "uuid" : "f46cb123-5bd7-4952-9fe8-87dc2b464c24",
        "dataType" : "Coded",
        "answers" : [ {
          "name" : "Other Gender",
          "uuid" : "d56700ea-fac8-4255-8403-7f8f3b755335",
          "dataType" : "NA",
          "answers" : [ ],
          "order" : 3.0,
          "active" : true
        }, {
          "name" : "Male",
          "uuid" : "7038d549-4a3b-4600-b856-f6f3d123fbd8",
          "dataType" : "NA",
          "answers" : [ ],
          "order" : 1.0,
          "active" : true
        }, {
          "name" : "Female",
          "uuid" : "09e1b06f-26be-4f7a-8121-5dba3a11b684",
          "dataType" : "NA",
          "answers" : [ ],
          "order" : 2.0,
          "active" : true
        } ],
        "active" : true
      },
      "displayOrder" : 16.0,
      "type" : "SingleSelect",
      "mandatory" : false
    }, {
      "name" : "DOB of fifth oldest child not enrolled in CK",
      "uuid" : "3ecb977a-f518-4f8f-8119-a245f30dfce3",
      "keyValues" : [ ],
      "concept" : {
        "name" : "DOB of fifth oldest child not enrolled in CK",
        "uuid" : "3255ba10-ac60-4deb-9ecb-e8eb2ace4717",
        "dataType" : "Date",
        "answers" : [ ],
        "active" : true
      },
      "displayOrder" : 17.0,
      "type" : "SingleSelect",
      "mandatory" : false
    }, {
      "name" : "Gender of fifth oldest child not enrolled in CK",
      "uuid" : "4f0b452d-0e9e-4518-81ff-bf528f1d374b",
      "keyValues" : [ ],
      "concept" : {
        "name" : "Gender of fifth oldest child not enrolled in CK",
        "uuid" : "2151751c-e279-4e9e-a18a-c3061631b1dd",
        "dataType" : "Coded",
        "answers" : [ {
          "name" : "Male",
          "uuid" : "7038d549-4a3b-4600-b856-f6f3d123fbd8",
          "dataType" : "NA",
          "answers" : [ ],
          "order" : 1.0,
          "active" : true
        }, {
          "name" : "Other Gender",
          "uuid" : "d56700ea-fac8-4255-8403-7f8f3b755335",
          "dataType" : "NA",
          "answers" : [ ],
          "order" : 3.0,
          "active" : true
        }, {
          "name" : "Female",
          "uuid" : "09e1b06f-26be-4f7a-8121-5dba3a11b684",
          "dataType" : "NA",
          "answers" : [ ],
          "order" : 2.0,
          "active" : true
        } ],
        "active" : true
      },
      "displayOrder" : 18.0,
      "type" : "SingleSelect",
      "mandatory" : false
    }, {
      "name" : "DOB of sixth oldest child not enrolled in CK",
      "uuid" : "d6a4a778-39f3-483e-9b06-777db482c020",
      "keyValues" : [ ],
      "concept" : {
        "name" : "DOB of sixth oldest child not enrolled in CK",
        "uuid" : "19fcd68e-a8f5-4d3a-addf-322a2198e58b",
        "dataType" : "Date",
        "answers" : [ ],
        "active" : true
      },
      "displayOrder" : 19.0,
      "type" : "SingleSelect",
      "mandatory" : false
    }, {
      "name" : "Gender of sixth oldest child not enrolled in CK",
      "uuid" : "8c385fff-7989-429e-bc05-aa43f1bfd190",
      "keyValues" : [ ],
      "concept" : {
        "name" : "Gender of sixth oldest child not enrolled in CK",
        "uuid" : "d51a049a-2091-4de7-83f6-0389c48cc411",
        "dataType" : "Coded",
        "answers" : [ {
          "name" : "Other Gender",
          "uuid" : "d56700ea-fac8-4255-8403-7f8f3b755335",
          "dataType" : "NA",
          "answers" : [ ],
          "order" : 3.0,
          "active" : true
        }, {
          "name" : "Female",
          "uuid" : "09e1b06f-26be-4f7a-8121-5dba3a11b684",
          "dataType" : "NA",
          "answers" : [ ],
          "order" : 2.0,
          "active" : true
        }, {
          "name" : "Male",
          "uuid" : "7038d549-4a3b-4600-b856-f6f3d123fbd8",
          "dataType" : "NA",
          "answers" : [ ],
          "order" : 1.0,
          "active" : true
        } ],
        "active" : true
      },
      "displayOrder" : 20.0,
      "type" : "SingleSelect",
      "mandatory" : false
    } ],
    "timed" : false
  } ],
  "decisionConcepts" : [ ]
}