{
  "name" : "Calcutta Kids Registration Form",
  "uuid" : "0ea3e070-39c5-48c8-ab9b-73e91c419d68",
  "formType" : "IndividualProfile",
  "formElementGroups" : [ {
    "uuid" : "07ab55d5-2d35-40b3-b14a-870aa444c14f",
    "name" : "Demographic Details",
    "displayOrder" : 1.0,
    "display" : "Demographic Details",
    "formElements" : [ {
      "name" : "myCHI Id",
      "uuid" : "edffeb62-f0b9-4efa-9888-22a26d3a57bb",
      "keyValues" : [ ],
      "concept" : {
        "name" : "myCHI Id",
        "uuid" : "1d6ac236-2ab4-4eaa-aa3d-e18924d93ba3",
        "dataType" : "Text",
        "answers" : [ ],
        "active" : true
      },
      "displayOrder" : 1.0,
      "type" : "SingleSelect",
      "mandatory" : false
    }, {
      "name" : "Household number",
      "uuid" : "8a426313-06dd-4f92-ab3b-52710bf8a37d",
      "keyValues" : [ ],
      "concept" : {
        "name" : "Household number",
        "uuid" : "24dabc3a-6562-4521-bd42-5fff11ea5c46",
        "dataType" : "Text",
        "answers" : [ ],
        "active" : true
      },
      "displayOrder" : 2.0,
      "type" : "SingleSelect",
      "mandatory" : true
    }, {
      "name" : "Floor",
      "uuid" : "93cabad1-dba6-4152-ac4f-53e57b29a8f5",
      "keyValues" : [ ],
      "concept" : {
        "name" : "Floor",
        "uuid" : "dd5b53f1-7508-4be8-aec2-ef782946e0f2",
        "dataType" : "Coded",
        "answers" : [ {
          "name" : "Ground",
          "uuid" : "91e6a6af-2b68-455c-8608-29fa5169860a",
          "dataType" : "NA",
          "answers" : [ ],
          "order" : 1.0,
          "active" : true
        }, {
          "name" : "Fourth",
          "uuid" : "ed73694b-9aad-4a58-bc59-905b3e946177",
          "dataType" : "NA",
          "answers" : [ ],
          "order" : 5.0,
          "active" : true
        }, {
          "name" : "Sixth",
          "uuid" : "fdcb3459-f850-4e88-8f67-ea16fe51fedc",
          "dataType" : "NA",
          "answers" : [ ],
          "order" : 7.0,
          "active" : true
        }, {
          "name" : "Seventh",
          "uuid" : "a4f2ee4e-b2c2-46f9-85a1-e72f7401b250",
          "dataType" : "NA",
          "answers" : [ ],
          "order" : 8.0,
          "active" : true
        }, {
          "name" : "First",
          "uuid" : "1c6f143b-3361-482d-a30b-d458b9e8114d",
          "dataType" : "NA",
          "answers" : [ ],
          "order" : 2.0,
          "active" : true
        }, {
          "name" : "Second",
          "uuid" : "bfdc6f85-f263-4968-b947-42fda5f98464",
          "dataType" : "NA",
          "answers" : [ ],
          "order" : 3.0,
          "active" : true
        }, {
          "name" : "Fifth",
          "uuid" : "d5e0617c-bb7e-4876-b1fb-3c909cbe63d8",
          "dataType" : "NA",
          "answers" : [ ],
          "order" : 6.0,
          "active" : true
        }, {
          "name" : "Third",
          "uuid" : "0c001c12-1dc8-4f62-8130-430f6a396c24",
          "dataType" : "NA",
          "answers" : [ ],
          "order" : 4.0,
          "active" : true
        } ],
        "active" : true
      },
      "displayOrder" : 3.0,
      "type" : "SingleSelect",
      "mandatory" : true
    }, {
      "name" : "Room number",
      "uuid" : "cb5f8162-cd1c-49dd-9a9f-1f877b95f9f6",
      "keyValues" : [ ],
      "concept" : {
        "name" : "Room number",
        "uuid" : "f374fc29-52f5-42cb-964e-b9af65a1d618",
        "dataType" : "Text",
        "answers" : [ ],
        "active" : true
      },
      "displayOrder" : 4.0,
      "type" : "SingleSelect",
      "mandatory" : false
    }, {
      "name" : "Street",
      "uuid" : "20b9e579-7632-40b8-921e-aec0ee0be651",
      "keyValues" : [ ],
      "concept" : {
        "name" : "Street",
        "uuid" : "07cf0ae9-9738-418f-b1bd-bf69ebd20e3c",
        "dataType" : "Text",
        "answers" : [ ],
        "active" : true
      },
      "displayOrder" : 5.0,
      "type" : "SingleSelect",
      "mandatory" : true
    }, {
      "name" : "Phone number",
      "uuid" : "b64d0032-0104-4424-9f44-94087ec91bbd",
      "keyValues" : [ ],
      "concept" : {
        "name" : "Contact Number",
        "uuid" : "82fa0dbb-92f9-4ec2-9263-49054e64d909",
        "dataType" : "Text",
        "answers" : [ ],
        "active" : true
      },
      "displayOrder" : 6.0,
      "type" : "SingleSelect",
      "mandatory" : false
    }, {
      "name" : "Alternative phone number",
      "uuid" : "4358e863-02a7-41d5-8dda-b361f282a23b",
      "keyValues" : [ ],
      "concept" : {
        "name" : "Alternative contact number",
        "uuid" : "928b4521-98d0-4cb3-a38e-42a775bf814e",
        "dataType" : "Text",
        "answers" : [ ],
        "active" : true
      },
      "displayOrder" : 7.0,
      "type" : "SingleSelect",
      "mandatory" : false
    }, {
      "name" : "Activation status",
      "uuid" : "7e4f7d3d-6915-4805-bbf6-63cb2c3d3274",
      "keyValues" : [ ],
      "concept" : {
        "name" : "Activation status",
        "uuid" : "b277d2f4-e0e5-44b3-bf94-d7751bc3b7f1",
        "dataType" : "Coded",
        "answers" : [ {
          "name" : "Active",
          "uuid" : "6b50ae8f-f962-4a47-af3a-a0db7cd3ad75",
          "dataType" : "NA",
          "answers" : [ ],
          "order" : 1.0,
          "active" : true
        }, {
          "name" : "Inactive",
          "uuid" : "afedc9c2-bd51-48f0-b526-33c8ca52892b",
          "dataType" : "NA",
          "answers" : [ ],
          "order" : 2.0,
          "active" : true
        } ],
        "active" : true
      },
      "displayOrder" : 8.0,
      "type" : "SingleSelect",
      "mandatory" : false,
      "voided" : true
    }, {
      "name" : "Inactive",
      "uuid" : "3c1bf66e-8fcb-4108-8007-c870366c9e29",
      "keyValues" : [ ],
      "concept" : {
        "name" : "Individual inactive",
        "uuid" : "65ed656a-4d9c-4572-a76f-b00e6aa4de72",
        "dataType" : "Coded",
        "answers" : [ {
          "name" : "Yes",
          "uuid" : "04bb1773-c353-44a1-a68c-9b448e07ff70",
          "dataType" : "NA",
          "answers" : [ ],
          "order" : 1.0,
          "abnormal" : true,
          "active" : true
        } ],
        "active" : true
      },
      "displayOrder" : 9.0,
      "type" : "MultiSelect",
      "mandatory" : false
    } ],
    "timed" : false
  }, {
    "uuid" : "cefe66c0-6c52-46ce-9177-53c737c4d01f",
    "name" : "Family Details",
    "displayOrder" : 2.0,
    "display" : "Family Details",
    "formElements" : [ {
      "name" : "Is mother the primary caregiver",
      "uuid" : "ca04fc99-a441-4be4-9677-651708bb12a5",
      "keyValues" : [ ],
      "concept" : {
        "name" : "Is mother the primary caregiver",
        "uuid" : "47dec150-90f5-4db4-9ff5-6e96472176d7",
        "dataType" : "Coded",
        "answers" : [ {
          "name" : "Yes",
          "uuid" : "04bb1773-c353-44a1-a68c-9b448e07ff70",
          "dataType" : "NA",
          "answers" : [ ],
          "order" : 1.0,
          "active" : true
        }, {
          "name" : "No",
          "uuid" : "e7b50c78-3d90-484d-a224-9887887780dc",
          "dataType" : "NA",
          "answers" : [ ],
          "order" : 2.0,
          "active" : true
        } ],
        "active" : true
      },
      "displayOrder" : 1.0,
      "type" : "SingleSelect",
      "mandatory" : false
    }, {
      "name" : "Husband/Father name",
      "uuid" : "76fc2a31-b8d4-4eaa-83ad-05d7fec8572a",
      "keyValues" : [ ],
      "concept" : {
        "name" : "Father/Husband",
        "uuid" : "4edb709d-a0ad-44fd-9132-2884054cd114",
        "dataType" : "Text",
        "answers" : [ ],
        "active" : true
      },
      "displayOrder" : 2.0,
      "type" : "SingleSelect",
      "mandatory" : false
    } ],
    "timed" : false
  }, {
    "uuid" : "e22b0f03-8a36-408c-90cb-3bc615f11e2a",
    "name" : "Medical Details",
    "displayOrder" : 3.0,
    "display" : "Medical Details",
    "formElements" : [ {
      "name" : "Blood Group",
      "uuid" : "80872250-896f-401a-b91d-6df2e29a8641",
      "keyValues" : [ ],
      "concept" : {
        "name" : "Blood group",
        "uuid" : "3493c80a-8af5-40e6-b598-8385c4db2bd7",
        "dataType" : "Coded",
        "answers" : [ {
          "name" : "AB+",
          "uuid" : "3293d4f4-15e9-4fbe-8cad-d966a9a90385",
          "dataType" : "NA",
          "answers" : [ ],
          "order" : 5.0,
          "active" : true
        }, {
          "name" : "B+",
          "uuid" : "be517796-a3ea-4feb-ae1f-bdf6ef06f22b",
          "dataType" : "NA",
          "answers" : [ ],
          "order" : 1.0,
          "active" : true
        }, {
          "name" : "A-",
          "uuid" : "69e4b4dc-be2d-476b-8ea5-567c71f57526",
          "dataType" : "NA",
          "answers" : [ ],
          "order" : 6.0,
          "active" : true
        }, {
          "name" : "B-",
          "uuid" : "345712f0-1437-490e-a0d0-6ab6f795f2c6",
          "dataType" : "NA",
          "answers" : [ ],
          "order" : 8.0,
          "active" : true
        }, {
          "name" : "A+",
          "uuid" : "da859a32-2850-4376-8f14-f49392f8e8cb",
          "dataType" : "NA",
          "answers" : [ ],
          "order" : 3.0,
          "active" : true
        }, {
          "name" : "AB-",
          "uuid" : "a68bc952-8abc-44d6-a12b-76e8fdbc3ed3",
          "dataType" : "NA",
          "answers" : [ ],
          "order" : 2.0,
          "active" : true
        }, {
          "name" : "O-",
          "uuid" : "2870bad6-c36a-4054-84f4-5c2314fe8c23",
          "dataType" : "NA",
          "answers" : [ ],
          "order" : 4.0,
          "active" : true
        }, {
          "name" : "O+",
          "uuid" : "23629c90-8071-47b8-86c8-f060e03b8722",
          "dataType" : "NA",
          "answers" : [ ],
          "order" : 7.0,
          "active" : true
        } ],
        "active" : true
      },
      "displayOrder" : 1.0,
      "type" : "SingleSelect",
      "mandatory" : false
    }, {
      "name" : "Medical History",
      "uuid" : "e84c83dd-f678-48ab-8f2c-10e2cb45b828",
      "keyValues" : [ {
        "key" : "ExcludedAnswers",
        "value" : [ "Sickle Cell", "Hepatitis B Positive", "Nephrotic syndrome" ]
      } ],
      "concept" : {
        "name" : "Medical history",
        "uuid" : "2991127b-7064-4027-a030-4a3a8d0e8aa7",
        "dataType" : "Coded",
        "answers" : [ {
          "name" : "History of hepatitis infection",
          "uuid" : "02275c43-a60c-47d0-9f72-5293316ec85e",
          "dataType" : "NA",
          "answers" : [ ],
          "order" : 7.0,
          "abnormal" : true,
          "active" : true
        }, {
          "name" : "Diabetes",
          "uuid" : "674f348f-5075-4c85-8bc2-9edfdee27505",
          "dataType" : "NA",
          "answers" : [ ],
          "order" : 1.0,
          "abnormal" : true,
          "active" : true
        }, {
          "name" : "Hypertension",
          "uuid" : "998d1bae-05d8-47b9-89b8-0254829f238f",
          "dataType" : "NA",
          "answers" : [ ],
          "order" : 4.0,
          "abnormal" : true,
          "active" : true
        }, {
          "name" : "Hypothyroidism (weight gain/loss)",
          "uuid" : "91c10991-7c13-42f6-a07f-6b16addc8764",
          "dataType" : "NA",
          "answers" : [ ],
          "order" : 8.0,
          "abnormal" : true,
          "active" : true
        }, {
          "name" : "Reproductive tract infection (RTI)",
          "uuid" : "86801543-4a90-4f60-bff4-494ea06a2f0b",
          "dataType" : "NA",
          "answers" : [ ],
          "order" : 2.0,
          "abnormal" : true,
          "active" : true
        }, {
          "name" : "Heart-related Diseases",
          "uuid" : "712e683a-337d-49bd-a3d7-f7b0e1b8e22e",
          "dataType" : "NA",
          "answers" : [ ],
          "order" : 3.0,
          "abnormal" : true,
          "active" : true
        }, {
          "name" : "HIV/AIDS",
          "uuid" : "8425af99-4a07-4d99-97b2-cf955713a560",
          "dataType" : "NA",
          "answers" : [ ],
          "order" : 10.0,
          "abnormal" : true,
          "active" : true
        }, {
          "name" : "Renal Disease",
          "uuid" : "2e86955f-0d81-4e80-a1f4-255b3c186bec",
          "dataType" : "NA",
          "answers" : [ ],
          "order" : 8.0,
          "abnormal" : true,
          "active" : true
        }, {
          "name" : "Jaundice",
          "uuid" : "352bb8a4-1569-492f-9a53-14e3b134c104",
          "dataType" : "NA",
          "answers" : [ ],
          "order" : 1.0,
          "abnormal" : true,
          "active" : true
        }, {
          "name" : "TB",
          "uuid" : "ca8a5f57-c409-47ad-8acf-921cdd0fc191",
          "dataType" : "NA",
          "answers" : [ ],
          "order" : 2.0,
          "abnormal" : true,
          "active" : true
        }, {
          "name" : "None",
          "uuid" : "ebda5e05-a995-43ca-ad1a-30af3b937539",
          "dataType" : "NA",
          "answers" : [ ],
          "order" : 12.0,
          "unique" : true,
          "active" : true
        }, {
          "name" : "Sickle Cell",
          "uuid" : "37acc93a-8416-4440-ba68-d61ac4ba4c5f",
          "dataType" : "NA",
          "answers" : [ ],
          "order" : 6.0,
          "abnormal" : true,
          "active" : true
        }, {
          "name" : "History of UTI",
          "uuid" : "db623589-cfa1-4611-b7e9-6b4e3a4ad802",
          "dataType" : "NA",
          "answers" : [ ],
          "order" : 6.0,
          "abnormal" : true,
          "active" : true
        }, {
          "name" : "Epilepsy",
          "uuid" : "a34bf7a0-4d55-41fa-855a-0b8094f369f7",
          "dataType" : "NA",
          "answers" : [ ],
          "order" : 7.0,
          "abnormal" : true,
          "active" : true
        }, {
          "name" : "Hepatitis B Positive",
          "uuid" : "f9b654e6-628b-4bbf-b3ee-2adc5ab7ea1c",
          "dataType" : "NA",
          "answers" : [ ],
          "order" : 11.0,
          "abnormal" : true,
          "active" : true
        }, {
          "name" : "Sickle Cell Anemia",
          "uuid" : "2f5c7540-ef48-4f89-9fac-46e6a088e32f",
          "dataType" : "NA",
          "answers" : [ ],
          "order" : 5.0,
          "abnormal" : true,
          "active" : true
        }, {
          "name" : "Asthma",
          "uuid" : "3d6fcc5e-fb31-4222-aa69-a02d43ff91cf",
          "dataType" : "NA",
          "answers" : [ ],
          "order" : 9.0,
          "abnormal" : true,
          "active" : true
        }, {
          "name" : "Nephrotic syndrome",
          "uuid" : "5a798bac-6417-4b36-98c8-13d4380aa69e",
          "dataType" : "NA",
          "answers" : [ ],
          "order" : 5.0,
          "abnormal" : true,
          "active" : true
        }, {
          "name" : "Malaria in last one year",
          "uuid" : "1c2be086-93b3-421b-88b1-e7cacf5e00fb",
          "dataType" : "NA",
          "answers" : [ ],
          "order" : 4.0,
          "abnormal" : true,
          "active" : true
        }, {
          "name" : "Sexually transmitted infection (STI)",
          "uuid" : "c0276bed-a617-4516-a3c3-6c0649300062",
          "dataType" : "NA",
          "answers" : [ ],
          "order" : 3.0,
          "abnormal" : true,
          "active" : true
        } ],
        "active" : true
      },
      "displayOrder" : 2.0,
      "type" : "MultiSelect",
      "mandatory" : false
    }, {
      "name" : "Other medical history",
      "uuid" : "c7cad492-6ebe-4813-94c0-f4ca000771ee",
      "keyValues" : [ ],
      "concept" : {
        "name" : "Other medical history",
        "uuid" : "331de3bd-7dc6-43ee-a8b8-45ee1d8a8617",
        "dataType" : "Text",
        "answers" : [ ],
        "active" : true
      },
      "displayOrder" : 3.0,
      "type" : "SingleSelect",
      "mandatory" : false
    } ],
    "timed" : false
  }, {
    "uuid" : "14642070-9f74-4157-9d32-dee067073cfe",
    "name" : "Personal Habits",
    "displayOrder" : 4.0,
    "display" : "Personal Habits",
    "formElements" : [ {
      "name" : "Addiction Details",
      "uuid" : "0bd10116-da69-4bcb-a21a-fe7cd4c761f2",
      "keyValues" : [ {
        "key" : "ExcludedAnswers",
        "value" : [ "Both", "No Addiction" ]
      } ],
      "concept" : {
        "name" : "Addiction Details",
        "uuid" : "2ebca9be-3be3-4d11-ada0-187563ff04f8",
        "dataType" : "Coded",
        "answers" : [ {
          "name" : "Tobacco",
          "uuid" : "ef29759b-5f74-4f5a-b186-fea7697cfb34",
          "dataType" : "NA",
          "answers" : [ ],
          "order" : 2.0,
          "abnormal" : true,
          "active" : true
        }, {
          "name" : "Drug use",
          "uuid" : "d7af7694-e0d1-4f03-9876-b2410dff0e29",
          "dataType" : "NA",
          "answers" : [ ],
          "order" : 1.0,
          "abnormal" : true,
          "active" : true
        }, {
          "name" : "Alcohol",
          "uuid" : "92654fda-d485-4b6d-97c5-8a8fe2a9582a",
          "dataType" : "NA",
          "answers" : [ ],
          "order" : 1.0,
          "abnormal" : true,
          "active" : true
        }, {
          "name" : "Both",
          "uuid" : "246df73a-07d8-4924-8cf9-787dea8278fe",
          "dataType" : "NA",
          "answers" : [ ],
          "order" : 3.0,
          "abnormal" : true,
          "active" : true
        }, {
          "name" : "No Addiction",
          "uuid" : "c7f89d3c-2aa3-4570-a7a5-163e002fba66",
          "dataType" : "NA",
          "answers" : [ ],
          "order" : 4.0,
          "unique" : true,
          "active" : true
        } ],
        "active" : true
      },
      "displayOrder" : 1.0,
      "type" : "MultiSelect",
      "rule" : "'use strict';\n({params, imports}) => {\n  const individual = params.entity;\n  const moment = imports.moment;\n  const formElement = params.formElement;\n  const _ = imports.lodash;\n  let visibility = true;\n  let value = null;\n  let answersToSkip = [];\n  let validationErrors = [];\n  \n  const condition11 = new imports.rulesConfig.RuleCondition({individual, formElement}).when.ageInYears.greaterThanOrEqualTo(5).matches();\n  \n  visibility = condition11 ;\n  \n  return new imports.rulesConfig.FormElementStatus(formElement.uuid, visibility, value, answersToSkip, validationErrors);\n};",
      "declarativeRule" : [ {
        "actions" : [ {
          "actionType" : "showFormElement"
        }, { } ],
        "conditions" : [ {
          "compoundRule" : {
            "rules" : [ {
              "lhs" : {
                "type" : "ageInYears"
              },
              "rhs" : {
                "type" : "value",
                "value" : 5
              },
              "operator" : "greaterThanOrEqualTo"
            } ],
            "conjunction" : "and"
          }
        } ]
      } ],
      "mandatory" : false
    } ],
    "timed" : false
  }, {
    "uuid" : "19a980cf-01cd-4b80-acf1-c3c9e9dcb40b",
    "name" : "Drug allergies",
    "displayOrder" : 5.0,
    "display" : "Drug allergies",
    "formElements" : [ {
      "name" : "Drug allergies",
      "uuid" : "57dde426-c1a3-4383-9806-0ed2add4e8a5",
      "keyValues" : [ ],
      "concept" : {
        "name" : "Drug allergies",
        "uuid" : "41c792c1-3038-4baa-a71e-946de3131bc6",
        "dataType" : "Text",
        "answers" : [ ],
        "active" : true
      },
      "displayOrder" : 1.0,
      "type" : "SingleSelect",
      "mandatory" : false
    } ],
    "timed" : false
  }, {
    "uuid" : "431b2f52-19b0-4e50-92cf-6a43b426d4b1",
    "name" : "Current medications",
    "displayOrder" : 6.0,
    "display" : "Current medications",
    "formElements" : [ {
      "name" : "Current medications",
      "uuid" : "1fb15dc7-881f-45db-918e-48a2731801ea",
      "keyValues" : [ ],
      "concept" : {
        "name" : "Medications",
        "uuid" : "a3d999d4-57f4-40ee-99ab-4f1ee1bd1e1b",
        "dataType" : "Text",
        "answers" : [ ],
        "active" : true
      },
      "displayOrder" : 1.0,
      "type" : "SingleSelect",
      "mandatory" : false
    } ],
    "timed" : false
  } ],
  "decisionRule" : "",
  "visitScheduleRule" : "",
  "validationRule" : "",
  "checklistsRule" : "",
  "decisionConcepts" : [ ]
}