{
  "name" : "Child PNC",
  "uuid" : "e09dddeb-ed72-40c4-ae8d-112d8893f18b",
  "formType" : "ProgramEncounter",
  "formElementGroups" : [ {
    "uuid" : "00595000-54fb-40f2-9493-a57f01881aad",
    "name" : "Child Recent History",
    "displayOrder" : 1.0,
    "display" : "Recent History",
    "formElements" : [ {
      "name" : "Has the child passed urine since birth?",
      "uuid" : "d1c666b6-8433-4afa-b2f0-264828b2781a",
      "keyValues" : [ ],
      "concept" : {
        "name" : "Child passed urine since birth",
        "uuid" : "317ba6a6-d989-45df-82c7-44fc87c0cc32",
        "dataType" : "Coded",
        "answers" : [ {
          "name" : "No",
          "uuid" : "e7b50c78-3d90-484d-a224-9887887780dc",
          "dataType" : "NA",
          "answers" : [ ],
          "order" : 2.0,
          "active" : true
        }, {
          "name" : "Yes",
          "uuid" : "04bb1773-c353-44a1-a68c-9b448e07ff70",
          "dataType" : "NA",
          "answers" : [ ],
          "order" : 1.0,
          "active" : true
        } ],
        "active" : true
      },
      "displayOrder" : 1.0,
      "type" : "SingleSelect",
      "mandatory" : true
    }, {
      "name" : "When did the child pass urine for the first time after birth?",
      "uuid" : "d1fb8e61-6b43-4f57-b159-00d12de03257",
      "keyValues" : [ ],
      "concept" : {
        "name" : "Duration in hours between birth and first urination",
        "uuid" : "0a3fb6d3-ea49-4902-95ae-e2514d3739b6",
        "dataType" : "Numeric",
        "answers" : [ ],
        "highNormal" : 48.0,
        "active" : true
      },
      "displayOrder" : 2.0,
      "type" : "SingleSelect",
      "mandatory" : false
    }, {
      "name" : "When did the child pass urine for the first time after birth?",
      "uuid" : "d6b5cb76-843b-48b7-a0f1-645caf9a178e",
      "keyValues" : [ ],
      "concept" : {
        "name" : "Duration in hours between birth and first urination",
        "uuid" : "0a3fb6d3-ea49-4902-95ae-e2514d3739b6",
        "dataType" : "Numeric",
        "answers" : [ ],
        "highNormal" : 48.0,
        "active" : true
      },
      "displayOrder" : 3.0,
      "type" : "SingleSelect",
      "mandatory" : true,
      "voided" : true
    }, {
      "name" : "Has the child passed meconium since birth?",
      "uuid" : "d15703be-5c42-45ad-bebb-a5a438cf7fb4",
      "keyValues" : [ ],
      "concept" : {
        "name" : "Child passed meconium since birth",
        "uuid" : "b58f5ae0-36f8-4ab9-8331-5597c71a4efb",
        "dataType" : "Coded",
        "answers" : [ {
          "name" : "Yes",
          "uuid" : "04bb1773-c353-44a1-a68c-9b448e07ff70",
          "dataType" : "NA",
          "answers" : [ ],
          "order" : 1.0,
          "active" : true
        }, {
          "name" : "No",
          "uuid" : "e7b50c78-3d90-484d-a224-9887887780dc",
          "dataType" : "NA",
          "answers" : [ ],
          "order" : 2.0,
          "active" : true
        } ],
        "active" : true
      },
      "displayOrder" : 4.0,
      "type" : "SingleSelect",
      "mandatory" : true
    }, {
      "name" : "How many times has your baby urinated in the past 24 hours?",
      "uuid" : "9788e935-1348-4bb9-839f-7eec9f68cb00",
      "keyValues" : [ ],
      "concept" : {
        "name" : "Number of times urinated in the last 24 hours",
        "uuid" : "cd06dba4-0319-4a0d-a304-9f87908e18a2",
        "dataType" : "Numeric",
        "answers" : [ ],
        "active" : true
      },
      "displayOrder" : 5.0,
      "type" : "SingleSelect",
      "mandatory" : false
    }, {
      "name" : "When did the child pass meconium for the first time after birth?",
      "uuid" : "4849b8dd-cce8-4302-b77e-5bf28a555229",
      "keyValues" : [ ],
      "concept" : {
        "name" : "Duration in hours between birth and meconium",
        "uuid" : "e7766535-327c-481c-8eb9-bc43cdb2fab5",
        "dataType" : "Numeric",
        "answers" : [ ],
        "highNormal" : 48.0,
        "active" : true
      },
      "displayOrder" : 6.0,
      "type" : "SingleSelect",
      "mandatory" : true,
      "voided" : true
    }, {
      "name" : "Any activity problems",
      "uuid" : "018f9968-79cf-4e40-988d-1befcdff73bb",
      "keyValues" : [ ],
      "concept" : {
        "name" : "Any activity problems",
        "uuid" : "16dd616a-4fc9-4fcc-8f24-4123a6dcfa21",
        "dataType" : "Coded",
        "answers" : [ {
          "name" : "Not feeding",
          "uuid" : "feaf351d-181c-4fdd-b583-90f04239c0e1",
          "dataType" : "NA",
          "answers" : [ ],
          "order" : 3.0,
          "active" : true
        }, {
          "name" : "No problems",
          "uuid" : "55c81def-8229-4531-a998-0438bdd5a8f1",
          "dataType" : "NA",
          "answers" : [ ],
          "order" : 2.0,
          "active" : true
        }, {
          "name" : "Does not feed well",
          "uuid" : "56157f43-d681-4fcd-a414-171dee9af787",
          "dataType" : "NA",
          "answers" : [ ],
          "order" : 2.0,
          "active" : true
        }, {
          "name" : "Slow activity / lethargic",
          "uuid" : "23884265-d78e-4159-8e04-dc9de88b1a4f",
          "dataType" : "NA",
          "answers" : [ ],
          "order" : 1.0,
          "active" : true
        }, {
          "name" : "Convulsions",
          "uuid" : "ab9596e4-04b6-48f2-9f4d-1c7a2c82dbf8",
          "dataType" : "Coded",
          "answers" : [ {
            "name" : "Absent",
            "uuid" : "10885638-561a-42b6-8b24-8daa01864c89",
            "dataType" : "NA",
            "answers" : [ ],
            "order" : 2.0,
            "active" : true
          }, {
            "name" : "Present",
            "uuid" : "57b51d52-981f-4af2-b133-aeffa6d00757",
            "dataType" : "NA",
            "answers" : [ ],
            "order" : 1.0,
            "abnormal" : true,
            "active" : true
          } ],
          "order" : 3.0,
          "active" : true
        }, {
          "name" : "No problem",
          "uuid" : "855fb739-19d8-418d-a8ae-c1da977b7fa9",
          "dataType" : "NA",
          "answers" : [ ],
          "order" : 4.0,
          "unique" : true,
          "active" : true
        } ],
        "active" : true
      },
      "displayOrder" : 7.0,
      "type" : "MultiSelect",
      "mandatory" : false,
      "voided" : true
    }, {
      "name" : "Urination Complaints",
      "uuid" : "d5a1b709-e096-4c93-8997-a990d2f43faf",
      "keyValues" : [ ],
      "concept" : {
        "name" : "Child PNC urination related complaints",
        "uuid" : "43a78b5a-f4da-440d-9614-80af65090e1f",
        "dataType" : "Coded",
        "answers" : [ {
          "name" : "No urination",
          "uuid" : "874d4998-85f8-45a9-ba81-1e187a6b3278",
          "dataType" : "NA",
          "answers" : [ ],
          "order" : 2.0,
          "unique" : true,
          "abnormal" : true,
          "active" : true
        }, {
          "name" : "Yellow or reddish colour urine",
          "uuid" : "8014220b-17b8-47e4-85dc-47cf61975bbf",
          "dataType" : "NA",
          "answers" : [ ],
          "order" : 4.0,
          "abnormal" : true,
          "active" : true
        }, {
          "name" : "Child cries before or while passing urine",
          "uuid" : "c97a10fb-10ac-421e-a352-3244ef1753a7",
          "dataType" : "NA",
          "answers" : [ ],
          "order" : 3.0,
          "abnormal" : true,
          "active" : true
        }, {
          "name" : "Proper urination",
          "uuid" : "23d4fd31-1868-4605-a310-8e7a295cd37f",
          "dataType" : "NA",
          "answers" : [ ],
          "order" : 1.0,
          "unique" : true,
          "active" : true
        } ],
        "active" : true
      },
      "displayOrder" : 8.0,
      "type" : "MultiSelect",
      "mandatory" : true
    }, {
      "name" : "Does child feel hot or have the chills",
      "uuid" : "0dbaa2f0-080b-4657-b421-621943d4dd99",
      "keyValues" : [ ],
      "concept" : {
        "name" : "Does child feel hot or have the chills",
        "uuid" : "1ef3c052-2437-4adc-ae05-e155bc62c207",
        "dataType" : "Coded",
        "answers" : [ {
          "name" : "No",
          "uuid" : "e7b50c78-3d90-484d-a224-9887887780dc",
          "dataType" : "NA",
          "answers" : [ ],
          "order" : 1.0,
          "active" : true
        }, {
          "name" : "Yes",
          "uuid" : "04bb1773-c353-44a1-a68c-9b448e07ff70",
          "dataType" : "NA",
          "answers" : [ ],
          "order" : 2.0,
          "active" : true
        } ],
        "active" : true
      },
      "displayOrder" : 9.0,
      "type" : "SingleSelect",
      "mandatory" : false,
      "voided" : true
    }, {
      "name" : "When did the child pass meconium for the first time after birth?",
      "uuid" : "a913b158-1dee-4241-94da-56ce7166cd9a",
      "keyValues" : [ ],
      "concept" : {
        "name" : "Duration in hours between birth and meconium",
        "uuid" : "e7766535-327c-481c-8eb9-bc43cdb2fab5",
        "dataType" : "Numeric",
        "answers" : [ ],
        "highNormal" : 48.0,
        "active" : true
      },
      "displayOrder" : 10.0,
      "type" : "SingleSelect",
      "mandatory" : false
    }, {
      "name" : "Is baby exclusively breastfeeding",
      "uuid" : "0311c913-eb2b-4478-b435-dc142e7fe584",
      "keyValues" : [ ],
      "concept" : {
        "name" : "Is baby exclusively breastfeeding",
        "uuid" : "5a3b65c1-1647-47d0-ad66-d8b22722c472",
        "dataType" : "Coded",
        "answers" : [ {
          "name" : "Yes",
          "uuid" : "04bb1773-c353-44a1-a68c-9b448e07ff70",
          "dataType" : "NA",
          "answers" : [ ],
          "order" : 1.0,
          "active" : true
        }, {
          "name" : "No",
          "uuid" : "e7b50c78-3d90-484d-a224-9887887780dc",
          "dataType" : "NA",
          "answers" : [ ],
          "order" : 2.0,
          "abnormal" : true,
          "active" : true
        } ],
        "active" : true
      },
      "displayOrder" : 11.0,
      "type" : "SingleSelect",
      "mandatory" : false,
      "voided" : true
    }, {
      "name" : "Stool related complaints",
      "uuid" : "aed60bd0-6b0e-4702-ac46-af4a6c0e1fa9",
      "keyValues" : [ ],
      "concept" : {
        "name" : "Child PNC stool related complaints",
        "uuid" : "bcd4495f-41fa-494b-a5d9-a766c87f37f9",
        "dataType" : "Coded",
        "answers" : [ {
          "name" : "Blood in stools",
          "uuid" : "ced8bcd4-642e-4e45-9af8-f9f9cf9c7b1f",
          "dataType" : "NA",
          "answers" : [ ],
          "order" : 1.0,
          "abnormal" : true,
          "active" : true
        }, {
          "name" : "Not passing stools",
          "uuid" : "6481a8c2-fab8-49ad-bb37-d6abb72513ca",
          "dataType" : "NA",
          "answers" : [ ],
          "order" : 3.0,
          "unique" : true,
          "abnormal" : true,
          "active" : true
        }, {
          "name" : "Greenish Stool",
          "uuid" : "5721b5e2-5492-4473-aee6-50b9383c4d41",
          "dataType" : "NA",
          "answers" : [ ],
          "order" : 5.0,
          "abnormal" : true,
          "active" : true
        }, {
          "name" : "None",
          "uuid" : "ebda5e05-a995-43ca-ad1a-30af3b937539",
          "dataType" : "NA",
          "answers" : [ ],
          "order" : 6.0,
          "unique" : true,
          "active" : true
        }, {
          "name" : "Loose stools",
          "uuid" : "a98c6c67-8c47-4a60-9f7b-82cd261167a4",
          "dataType" : "NA",
          "answers" : [ ],
          "order" : 2.0,
          "abnormal" : true,
          "active" : true
        }, {
          "name" : "Child cries before or while passing stool",
          "uuid" : "4b26172a-584e-461d-afb6-938eb88391eb",
          "dataType" : "NA",
          "answers" : [ ],
          "order" : 4.0,
          "abnormal" : true,
          "active" : true
        } ],
        "active" : true
      },
      "displayOrder" : 12.0,
      "type" : "MultiSelect",
      "mandatory" : true
    } ],
    "timed" : false
  }, {
    "uuid" : "daea5603-e7c8-449f-85ad-da9be62c2288",
    "name" : "Child PNC Complaints",
    "displayOrder" : 2.0,
    "display" : "PNC Complaints",
    "formElements" : [ {
      "name" : "Is your baby having any of the following problems?",
      "uuid" : "d8ffe36e-5080-44ba-8ae3-1d3159b7b307",
      "keyValues" : [ ],
      "concept" : {
        "name" : "Is your baby having any of the following problems?",
        "uuid" : "23032ec0-3ea7-47f0-a13a-2975dda164f9",
        "dataType" : "Coded",
        "answers" : [ {
          "name" : "None",
          "uuid" : "ebda5e05-a995-43ca-ad1a-30af3b937539",
          "dataType" : "NA",
          "answers" : [ ],
          "order" : 4.0,
          "unique" : true,
          "active" : true
        }, {
          "name" : "Lethargy",
          "uuid" : "2f2339c0-9405-4da5-b6c3-4a2e99033a23",
          "dataType" : "NA",
          "answers" : [ ],
          "order" : 1.0,
          "abnormal" : true,
          "active" : true
        }, {
          "name" : "Fever",
          "uuid" : "0b7f3334-f81e-4d84-a13d-b35011e34456",
          "dataType" : "NA",
          "answers" : [ ],
          "order" : 2.0,
          "abnormal" : true,
          "active" : true
        }, {
          "name" : "Redness or discharge on the skin around the belly button",
          "uuid" : "3d41437e-3a00-44df-9190-9d87e37deb41",
          "dataType" : "NA",
          "answers" : [ ],
          "order" : 3.0,
          "abnormal" : true,
          "active" : true
        } ],
        "active" : true
      },
      "displayOrder" : 1.0,
      "type" : "MultiSelect",
      "mandatory" : false
    }, {
      "name" : "Cry related complaints",
      "uuid" : "0b652f14-8d13-49d7-94fd-8c39a72f4033",
      "keyValues" : [ ],
      "concept" : {
        "name" : "Child PNC cry related complaints",
        "uuid" : "d6a0c77e-840d-40a2-9282-d22db7ede007",
        "dataType" : "Coded",
        "answers" : [ {
          "name" : "Cries Continuously",
          "uuid" : "0cd1ca5a-8a93-4edd-b7de-ace0f45d504a",
          "dataType" : "NA",
          "answers" : [ ],
          "order" : 1.0,
          "abnormal" : true,
          "active" : true
        }, {
          "name" : "None",
          "uuid" : "ebda5e05-a995-43ca-ad1a-30af3b937539",
          "dataType" : "NA",
          "answers" : [ ],
          "order" : 3.0,
          "unique" : true,
          "active" : true
        }, {
          "name" : "Poor cry",
          "uuid" : "2dab5910-bc76-4e8c-815f-627525958a25",
          "dataType" : "NA",
          "answers" : [ ],
          "order" : 2.0,
          "abnormal" : true,
          "active" : true
        } ],
        "active" : true
      },
      "displayOrder" : 2.0,
      "type" : "SingleSelect",
      "mandatory" : true
    }, {
      "name" : "Feeding related complaints",
      "uuid" : "67bb881d-808f-41ba-a336-27a57111ee1d",
      "keyValues" : [ ],
      "concept" : {
        "name" : "Child PNC feeding related complaints",
        "uuid" : "bc7b0015-ee9a-4089-b0a3-76862a30aa1c",
        "dataType" : "Coded",
        "answers" : [ {
          "name" : "Sucking poorly",
          "uuid" : "43f7549c-cbed-42ff-80d6-85b46a396582",
          "dataType" : "NA",
          "answers" : [ ],
          "order" : 2.0,
          "abnormal" : true,
          "active" : true
        }, {
          "name" : "Sucking well",
          "uuid" : "176bf779-21ce-4dff-ad0b-a28d45806ba8",
          "dataType" : "NA",
          "answers" : [ ],
          "order" : 1.0,
          "active" : true
        }, {
          "name" : "Vomiting",
          "uuid" : "8126ae79-28d5-4587-bca1-1c8f518b48f4",
          "dataType" : "NA",
          "answers" : [ ],
          "order" : 4.0,
          "abnormal" : true,
          "active" : true
        }, {
          "name" : "Not sucking milk at all",
          "uuid" : "8422c270-11fc-4bf5-85b0-bb3aeb2d39b9",
          "dataType" : "NA",
          "answers" : [ ],
          "order" : 3.0,
          "abnormal" : true,
          "active" : true
        } ],
        "active" : true
      },
      "displayOrder" : 3.0,
      "type" : "SingleSelect",
      "mandatory" : true
    }, {
      "name" : "Urination related complaints",
      "uuid" : "6181ecd8-3bfa-433b-96b1-768186bb03f5",
      "keyValues" : [ ],
      "concept" : {
        "name" : "Child PNC urination related complaints",
        "uuid" : "43a78b5a-f4da-440d-9614-80af65090e1f",
        "dataType" : "Coded",
        "answers" : [ {
          "name" : "No urination",
          "uuid" : "874d4998-85f8-45a9-ba81-1e187a6b3278",
          "dataType" : "NA",
          "answers" : [ ],
          "order" : 2.0,
          "unique" : true,
          "abnormal" : true,
          "active" : true
        }, {
          "name" : "Yellow or reddish colour urine",
          "uuid" : "8014220b-17b8-47e4-85dc-47cf61975bbf",
          "dataType" : "NA",
          "answers" : [ ],
          "order" : 4.0,
          "abnormal" : true,
          "active" : true
        }, {
          "name" : "Child cries before or while passing urine",
          "uuid" : "c97a10fb-10ac-421e-a352-3244ef1753a7",
          "dataType" : "NA",
          "answers" : [ ],
          "order" : 3.0,
          "abnormal" : true,
          "active" : true
        }, {
          "name" : "Proper urination",
          "uuid" : "23d4fd31-1868-4605-a310-8e7a295cd37f",
          "dataType" : "NA",
          "answers" : [ ],
          "order" : 1.0,
          "unique" : true,
          "active" : true
        } ],
        "active" : true
      },
      "displayOrder" : 4.0,
      "type" : "MultiSelect",
      "mandatory" : true,
      "voided" : true
    }, {
      "name" : "Stool related complaints",
      "uuid" : "6564bc9a-aef4-48cf-b517-69848358f3e0",
      "keyValues" : [ ],
      "concept" : {
        "name" : "Child PNC stool related complaints",
        "uuid" : "bcd4495f-41fa-494b-a5d9-a766c87f37f9",
        "dataType" : "Coded",
        "answers" : [ {
          "name" : "Blood in stools",
          "uuid" : "ced8bcd4-642e-4e45-9af8-f9f9cf9c7b1f",
          "dataType" : "NA",
          "answers" : [ ],
          "order" : 1.0,
          "abnormal" : true,
          "active" : true
        }, {
          "name" : "Not passing stools",
          "uuid" : "6481a8c2-fab8-49ad-bb37-d6abb72513ca",
          "dataType" : "NA",
          "answers" : [ ],
          "order" : 3.0,
          "unique" : true,
          "abnormal" : true,
          "active" : true
        }, {
          "name" : "Greenish Stool",
          "uuid" : "5721b5e2-5492-4473-aee6-50b9383c4d41",
          "dataType" : "NA",
          "answers" : [ ],
          "order" : 5.0,
          "abnormal" : true,
          "active" : true
        }, {
          "name" : "None",
          "uuid" : "ebda5e05-a995-43ca-ad1a-30af3b937539",
          "dataType" : "NA",
          "answers" : [ ],
          "order" : 6.0,
          "unique" : true,
          "active" : true
        }, {
          "name" : "Loose stools",
          "uuid" : "a98c6c67-8c47-4a60-9f7b-82cd261167a4",
          "dataType" : "NA",
          "answers" : [ ],
          "order" : 2.0,
          "abnormal" : true,
          "active" : true
        }, {
          "name" : "Child cries before or while passing stool",
          "uuid" : "4b26172a-584e-461d-afb6-938eb88391eb",
          "dataType" : "NA",
          "answers" : [ ],
          "order" : 4.0,
          "abnormal" : true,
          "active" : true
        } ],
        "active" : true
      },
      "displayOrder" : 5.0,
      "type" : "MultiSelect",
      "mandatory" : true,
      "voided" : true
    }, {
      "name" : "Loose motion since how many days",
      "uuid" : "def57525-ba02-4aea-a79a-ab2513f0a7eb",
      "keyValues" : [ ],
      "concept" : {
        "name" : "Number of days of diarrhoea",
        "uuid" : "0b71db57-0add-4215-b198-0e9773d7da31",
        "dataType" : "Numeric",
        "answers" : [ ],
        "active" : true
      },
      "displayOrder" : 6.0,
      "type" : "SingleSelect",
      "rule" : "'use strict';\n({params, imports}) => {\n  const programEncounter = params.entity;\n  const moment = imports.moment;\n  const formElement = params.formElement;\n  const _ = imports.lodash;\n  let visibility = true;\n  let value = null;\n  let answersToSkip = [];\n  let validationErrors = [];\n  \n  const condition11 = new imports.rulesConfig.RuleCondition({programEncounter, formElement}).when.valueInEncounter(\"bcd4495f-41fa-494b-a5d9-a766c87f37f9\").containsAnswerConceptName(\"a98c6c67-8c47-4a60-9f7b-82cd261167a4\").matches();\n  \n  visibility = condition11 ;\n  \n  return new imports.rulesConfig.FormElementStatus(formElement.uuid, visibility, value, answersToSkip, validationErrors);\n};",
      "declarativeRule" : [ {
        "actions" : [ {
          "actionType" : "showFormElement"
        }, { } ],
        "conditions" : [ {
          "compoundRule" : {
            "rules" : [ {
              "lhs" : {
                "type" : "concept",
                "scope" : "encounter",
                "conceptName" : "Child PNC stool related complaints",
                "conceptUuid" : "bcd4495f-41fa-494b-a5d9-a766c87f37f9",
                "conceptDataType" : "Coded"
              },
              "rhs" : {
                "type" : "answerConcept",
                "answerConceptNames" : [ "Loose stools" ],
                "answerConceptUuids" : [ "a98c6c67-8c47-4a60-9f7b-82cd261167a4" ]
              },
              "operator" : "containsAnswerConceptName"
            } ]
          }
        } ]
      } ],
      "mandatory" : true
    }, {
      "name" : "Greenish stool since how many days",
      "uuid" : "f47bde61-d1c3-4910-9263-3f7ff982f989",
      "keyValues" : [ ],
      "concept" : {
        "name" : "Number of days since child passing greenish stool",
        "uuid" : "26aeaa02-3fdb-4cf5-a6a1-a16e650c1c71",
        "dataType" : "Numeric",
        "answers" : [ ],
        "active" : true
      },
      "displayOrder" : 7.0,
      "type" : "SingleSelect",
      "mandatory" : true
    }, {
      "name" : "Blood in stool since how many days",
      "uuid" : "d0bc99af-af04-4a54-9bc5-a2783a783c1a",
      "keyValues" : [ ],
      "concept" : {
        "name" : "Number of days since blood in stool",
        "uuid" : "e64a7a27-b93d-404e-8cb1-28a2ea2a1b74",
        "dataType" : "Numeric",
        "answers" : [ ],
        "active" : true
      },
      "displayOrder" : 8.0,
      "type" : "SingleSelect",
      "mandatory" : true
    }, {
      "name" : "Not passing stools since how many days",
      "uuid" : "2846e0d2-34c6-4a20-a43e-4c11c0e1f351",
      "keyValues" : [ ],
      "concept" : {
        "name" : "Number of days since not passing stool",
        "uuid" : "7f169dca-2c2f-473c-a736-b87febd21989",
        "dataType" : "Numeric",
        "answers" : [ ],
        "active" : true
      },
      "displayOrder" : 9.0,
      "type" : "SingleSelect",
      "mandatory" : true
    }, {
      "name" : "Child cries while passing stool since how many days",
      "uuid" : "ac5162bd-191b-4ff1-8cd2-e4a1603981a7",
      "keyValues" : [ ],
      "concept" : {
        "name" : "Number of days since child cries while passing stool",
        "uuid" : "7879f94b-31a6-4ac1-b307-284322ef5bef",
        "dataType" : "Numeric",
        "answers" : [ ],
        "active" : true
      },
      "displayOrder" : 10.0,
      "type" : "SingleSelect",
      "mandatory" : true
    }, {
      "name" : "Activity related complaints",
      "uuid" : "e9361bd1-9e3b-41e4-b83b-576aa83bd08b",
      "keyValues" : [ ],
      "concept" : {
        "name" : "Child PNC activity related complaints",
        "uuid" : "ad5d7bf8-932a-4eb2-8e8a-7c38dc4bbe2b",
        "dataType" : "Coded",
        "answers" : [ {
          "name" : "Unconscious",
          "uuid" : "04d0248b-72c4-4d78-b4f1-3e3d9cc247b1",
          "dataType" : "NA",
          "answers" : [ ],
          "order" : 5.0,
          "abnormal" : true,
          "active" : true
        }, {
          "name" : "Sluggish movements",
          "uuid" : "7c767ec4-dfe8-46de-aeec-87dfaab3f056",
          "dataType" : "NA",
          "answers" : [ ],
          "order" : 1.0,
          "abnormal" : true,
          "active" : true
        }, {
          "name" : "Does not feed well",
          "uuid" : "56157f43-d681-4fcd-a414-171dee9af787",
          "dataType" : "NA",
          "answers" : [ ],
          "order" : 1.0,
          "abnormal" : true,
          "active" : true
        }, {
          "name" : "None",
          "uuid" : "ebda5e05-a995-43ca-ad1a-30af3b937539",
          "dataType" : "NA",
          "answers" : [ ],
          "order" : 6.0,
          "unique" : true,
          "active" : true
        }, {
          "name" : "Slow activity / lethargic",
          "uuid" : "23884265-d78e-4159-8e04-dc9de88b1a4f",
          "dataType" : "NA",
          "answers" : [ ],
          "order" : 4.0,
          "abnormal" : true,
          "active" : true
        }, {
          "name" : "Convulsions",
          "uuid" : "ab9596e4-04b6-48f2-9f4d-1c7a2c82dbf8",
          "dataType" : "Coded",
          "answers" : [ {
            "name" : "Absent",
            "uuid" : "10885638-561a-42b6-8b24-8daa01864c89",
            "dataType" : "NA",
            "answers" : [ ],
            "order" : 2.0,
            "active" : true
          }, {
            "name" : "Present",
            "uuid" : "57b51d52-981f-4af2-b133-aeffa6d00757",
            "dataType" : "NA",
            "answers" : [ ],
            "order" : 1.0,
            "abnormal" : true,
            "active" : true
          } ],
          "order" : 3.0,
          "abnormal" : true,
          "active" : true
        }, {
          "name" : "Not sucking milk at all",
          "uuid" : "8422c270-11fc-4bf5-85b0-bb3aeb2d39b9",
          "dataType" : "NA",
          "answers" : [ ],
          "order" : 2.0,
          "abnormal" : true,
          "active" : true
        } ],
        "active" : true
      },
      "displayOrder" : 11.0,
      "type" : "MultiSelect",
      "rule" : "//SAMPLE RULE EXAMPLE\n'use strict';\n({params, imports}) => {\n  const programEncounter = params.entity;\n  const formElement = params.formElement;\n  const statusBuilder = new imports.rulesConfig.FormElementStatusBuilder({programEncounter, formElement});\n  //read the value of form element using programEncounter.getObservationValue(CONCEPT_NAME);\n  const formElementValue1 = \"1\";\n  const formElementValue2 = \"1\";\n  //form element will be shown only when below condition is true\n  const showCondition = formElementValue1 === formElementValue2;\n  statusBuilder.show().whenItem(showCondition).is.truthy;\n  \n  statusBuilder.skipAnswers('Sluggish movements', 'Unconscious', 'Not sucking milk at all')\n  \n  //for form element validation error\n  if(!showCondition){\n  statusBuilder.validationError(\"Values are not equal\");\n  }\n  return statusBuilder.build();\n};",
      "mandatory" : true
    }, {
      "name" : "Does feel hot or have the chills?",
      "uuid" : "fe794b79-cd35-4a43-a203-e56fdfe08b63",
      "keyValues" : [ ],
      "concept" : {
        "name" : "Fever/Chills",
        "uuid" : "2441879f-4f53-4755-9474-3168c68095a5",
        "dataType" : "Coded",
        "answers" : [ {
          "name" : "No",
          "uuid" : "e7b50c78-3d90-484d-a224-9887887780dc",
          "dataType" : "NA",
          "answers" : [ ],
          "order" : 2.0,
          "active" : true
        }, {
          "name" : "Yes",
          "uuid" : "04bb1773-c353-44a1-a68c-9b448e07ff70",
          "dataType" : "NA",
          "answers" : [ ],
          "order" : 1.0,
          "abnormal" : true,
          "active" : true
        } ],
        "active" : true
      },
      "displayOrder" : 12.0,
      "type" : "SingleSelect",
      "mandatory" : true,
      "voided" : true
    }, {
      "name" : "Does baby feel hot?",
      "uuid" : "03ab4bc4-f772-4f7b-af43-e1b58a249918",
      "keyValues" : [ ],
      "concept" : {
        "name" : "Feels hot",
        "uuid" : "690af7fc-50d1-4a38-a864-58219ee14da6",
        "dataType" : "Coded",
        "answers" : [ {
          "name" : "No",
          "uuid" : "e7b50c78-3d90-484d-a224-9887887780dc",
          "dataType" : "NA",
          "answers" : [ ],
          "order" : 2.0,
          "active" : true
        }, {
          "name" : "Yes",
          "uuid" : "04bb1773-c353-44a1-a68c-9b448e07ff70",
          "dataType" : "NA",
          "answers" : [ ],
          "order" : 1.0,
          "abnormal" : true,
          "active" : true
        } ],
        "active" : true
      },
      "displayOrder" : 13.0,
      "type" : "SingleSelect",
      "mandatory" : true
    }, {
      "name" : "Does baby have the chills?",
      "uuid" : "ff80b179-d8b5-40f1-93b7-ee2cea382b3c",
      "keyValues" : [ ],
      "concept" : {
        "name" : "Feels chill",
        "uuid" : "a15faeac-ae32-4acb-aca4-546e0a661fda",
        "dataType" : "Coded",
        "answers" : [ {
          "name" : "No",
          "uuid" : "e7b50c78-3d90-484d-a224-9887887780dc",
          "dataType" : "NA",
          "answers" : [ ],
          "order" : 2.0,
          "active" : true
        }, {
          "name" : "Yes",
          "uuid" : "04bb1773-c353-44a1-a68c-9b448e07ff70",
          "dataType" : "NA",
          "answers" : [ ],
          "order" : 1.0,
          "abnormal" : true,
          "active" : true
        } ],
        "active" : true
      },
      "displayOrder" : 14.0,
      "type" : "SingleSelect",
      "mandatory" : true
    }, {
      "name" : "Child feeds only on mothers milk?",
      "uuid" : "a8aba1cf-be72-4bb0-bf04-d051ddbe5857",
      "keyValues" : [ ],
      "concept" : {
        "name" : "Is baby exclusively breastfeeding",
        "uuid" : "5a3b65c1-1647-47d0-ad66-d8b22722c472",
        "dataType" : "Coded",
        "answers" : [ {
          "name" : "Yes",
          "uuid" : "04bb1773-c353-44a1-a68c-9b448e07ff70",
          "dataType" : "NA",
          "answers" : [ ],
          "order" : 1.0,
          "active" : true
        }, {
          "name" : "No",
          "uuid" : "e7b50c78-3d90-484d-a224-9887887780dc",
          "dataType" : "NA",
          "answers" : [ ],
          "order" : 2.0,
          "abnormal" : true,
          "active" : true
        } ],
        "active" : true
      },
      "displayOrder" : 15.0,
      "type" : "SingleSelect",
      "mandatory" : true,
      "voided" : true
    }, {
      "name" : "What else is the baby being fed?",
      "uuid" : "1bb5e368-fca1-4b8b-8ff7-7b84285509ed",
      "keyValues" : [ ],
      "concept" : {
        "name" : "Other things fed to the baby",
        "uuid" : "e97d83a0-0519-4dc3-9673-705b66c95e08",
        "dataType" : "Text",
        "answers" : [ ],
        "active" : true
      },
      "displayOrder" : 16.0,
      "type" : "SingleSelect",
      "mandatory" : false
    } ],
    "timed" : false
  }, {
    "uuid" : "5f893aeb-fccf-4040-8403-0cf2bf15b422",
    "name" : "Breast Feeding",
    "displayOrder" : 3.0,
    "display" : "Breast Feeding",
    "formElements" : [ {
      "name" : "How soon did the child start breastfeeding after delivery?",
      "uuid" : "d42785bf-0687-4a30-a993-7b4584be2e84",
      "keyValues" : [ ],
      "concept" : {
        "name" : "Child was first breast fed",
        "uuid" : "6016d125-448b-48ac-9e2f-d3589433a92a",
        "dataType" : "Coded",
        "answers" : [ {
          "name" : "Not breastfeeding",
          "uuid" : "f42fc7dc-399c-4bbe-a4dd-8a7559dc37f2",
          "dataType" : "NA",
          "answers" : [ ],
          "order" : 4.0,
          "abnormal" : true,
          "active" : true
        }, {
          "name" : "Within 1 hour",
          "uuid" : "c85afc9a-7b61-4be2-98a0-adbfde065b73",
          "dataType" : "NA",
          "answers" : [ ],
          "order" : 1.0,
          "active" : true
        }, {
          "name" : "After a day",
          "uuid" : "3b80c10a-dfc1-4323-bb0d-4ee590b0089e",
          "dataType" : "NA",
          "answers" : [ ],
          "order" : 3.0,
          "active" : true
        }, {
          "name" : "Within 24 hours",
          "uuid" : "e87f1249-2a4e-4b4a-8ebd-233d04ee4274",
          "dataType" : "NA",
          "answers" : [ ],
          "order" : 2.0,
          "active" : true
        } ],
        "active" : true
      },
      "displayOrder" : 1.0,
      "type" : "SingleSelect",
      "mandatory" : false
    }, {
      "name" : "After how many days did the child start breastfeeding?",
      "uuid" : "0295c24d-014c-4db1-afdf-e50355dd886e",
      "keyValues" : [ ],
      "concept" : {
        "name" : "Breast feeding started",
        "uuid" : "05a76d7c-aa02-4023-9d98-639c36a269a7",
        "dataType" : "Numeric",
        "answers" : [ ],
        "active" : true
      },
      "displayOrder" : 2.0,
      "type" : "SingleSelect",
      "rule" : "'use strict';\n({params, imports}) => {\n  const programEncounter = params.entity;\n  const moment = imports.moment;\n  const formElement = params.formElement;\n  const _ = imports.lodash;\n  let visibility = true;\n  let value = null;\n  let answersToSkip = [];\n  let validationErrors = [];\n  \n  const condition11 = new imports.rulesConfig.RuleCondition({programEncounter, formElement}).when.valueInEncounter(\"6016d125-448b-48ac-9e2f-d3589433a92a\").containsAnswerConceptName(\"3b80c10a-dfc1-4323-bb0d-4ee590b0089e\").matches();\n  \n  visibility = condition11 ;\n  \n  return new imports.rulesConfig.FormElementStatus(formElement.uuid, visibility, value, answersToSkip, validationErrors);\n};",
      "declarativeRule" : [ {
        "actions" : [ {
          "actionType" : "showFormElement"
        }, { } ],
        "conditions" : [ {
          "compoundRule" : {
            "rules" : [ {
              "lhs" : {
                "type" : "concept",
                "scope" : "encounter",
                "conceptName" : "Child was first breast fed",
                "conceptUuid" : "6016d125-448b-48ac-9e2f-d3589433a92a",
                "conceptDataType" : "Coded"
              },
              "rhs" : {
                "type" : "answerConcept",
                "answerConceptNames" : [ "After a day" ],
                "answerConceptUuids" : [ "3b80c10a-dfc1-4323-bb0d-4ee590b0089e" ]
              },
              "operator" : "containsAnswerConceptName"
            } ]
          }
        } ]
      } ],
      "mandatory" : false
    }, {
      "name" : "Did the baby receive colostrums (first milk)?",
      "uuid" : "35c8858b-2a62-428c-a31c-3e93739a63de",
      "keyValues" : [ ],
      "concept" : {
        "name" : "Did the baby receive colostrums (first milk)?",
        "uuid" : "81c4fa06-e287-4d99-873f-8dd23141ed6a",
        "dataType" : "Coded",
        "answers" : [ {
          "name" : "No",
          "uuid" : "e7b50c78-3d90-484d-a224-9887887780dc",
          "dataType" : "NA",
          "answers" : [ ],
          "order" : 2.0,
          "active" : true
        }, {
          "name" : "Yes",
          "uuid" : "04bb1773-c353-44a1-a68c-9b448e07ff70",
          "dataType" : "NA",
          "answers" : [ ],
          "order" : 1.0,
          "active" : true
        } ],
        "active" : true
      },
      "displayOrder" : 3.0,
      "type" : "SingleSelect",
      "mandatory" : false
    }, {
      "name" : "Why did the baby not receive colostrums?",
      "uuid" : "be93efe6-3388-4806-b331-df76691bd6b2",
      "keyValues" : [ ],
      "concept" : {
        "name" : "Baby did not receive colostrum because",
        "uuid" : "628dd4d4-c25b-4615-970b-667408500aee",
        "dataType" : "Coded",
        "answers" : [ {
          "name" : "Family pressure or belief",
          "uuid" : "ebfe47b9-e144-4db8-a31b-b491401e8cc3",
          "dataType" : "NA",
          "answers" : [ ],
          "order" : 1.0,
          "active" : true
        }, {
          "name" : "Medical issue",
          "uuid" : "c1b08b43-1ac9-4ae1-b908-ace9c8345ae3",
          "dataType" : "NA",
          "answers" : [ ],
          "order" : 2.0,
          "active" : true
        }, {
          "name" : "Other",
          "uuid" : "05ea583c-51d2-412d-ad00-06c432ffe538",
          "dataType" : "NA",
          "answers" : [ ],
          "order" : 3.0,
          "active" : true
        } ],
        "active" : true
      },
      "displayOrder" : 4.0,
      "type" : "MultiSelect",
      "rule" : "'use strict';\n({params, imports}) => {\n  const programEncounter = params.entity;\n  const moment = imports.moment;\n  const formElement = params.formElement;\n  const _ = imports.lodash;\n  let visibility = true;\n  let value = null;\n  let answersToSkip = [];\n  let validationErrors = [];\n  \n  const condition11 = new imports.rulesConfig.RuleCondition({programEncounter, formElement}).when.valueInEncounter(\"81c4fa06-e287-4d99-873f-8dd23141ed6a\").containsAnswerConceptName(\"e7b50c78-3d90-484d-a224-9887887780dc\").matches();\n  \n  visibility = condition11 ;\n  \n  return new imports.rulesConfig.FormElementStatus(formElement.uuid, visibility, value, answersToSkip, validationErrors);\n};",
      "declarativeRule" : [ {
        "actions" : [ {
          "actionType" : "showFormElement"
        }, { } ],
        "conditions" : [ {
          "compoundRule" : {
            "rules" : [ {
              "lhs" : {
                "type" : "concept",
                "scope" : "encounter",
                "conceptName" : "Did the baby receive colostrums (first milk)?",
                "conceptUuid" : "81c4fa06-e287-4d99-873f-8dd23141ed6a",
                "conceptDataType" : "Coded"
              },
              "rhs" : {
                "type" : "answerConcept",
                "answerConceptNames" : [ "No" ],
                "answerConceptUuids" : [ "e7b50c78-3d90-484d-a224-9887887780dc" ]
              },
              "operator" : "containsAnswerConceptName"
            } ]
          }
        } ]
      } ],
      "mandatory" : false
    }, {
      "name" : "What other reason for baby not receiving colostrum?",
      "uuid" : "802aa49b-2d2b-4f36-8110-2c1db8235e0a",
      "keyValues" : [ ],
      "concept" : {
        "name" : "Other reasons for baby not receiving colostrum",
        "uuid" : "635884c4-dcd6-41a9-85d0-39b19735f80a",
        "dataType" : "Text",
        "answers" : [ ],
        "active" : true
      },
      "displayOrder" : 5.0,
      "type" : "SingleSelect",
      "rule" : "'use strict';\n({params, imports}) => {\n  const programEncounter = params.entity;\n  const moment = imports.moment;\n  const formElement = params.formElement;\n  const _ = imports.lodash;\n  let visibility = true;\n  let value = null;\n  let answersToSkip = [];\n  let validationErrors = [];\n  \n  const condition11 = new imports.rulesConfig.RuleCondition({programEncounter, formElement}).when.valueInEncounter(\"628dd4d4-c25b-4615-970b-667408500aee\").containsAnswerConceptName(\"05ea583c-51d2-412d-ad00-06c432ffe538\").matches();\n  \n  visibility = condition11 ;\n  \n  return new imports.rulesConfig.FormElementStatus(formElement.uuid, visibility, value, answersToSkip, validationErrors);\n};",
      "declarativeRule" : [ {
        "actions" : [ {
          "actionType" : "showFormElement"
        }, { } ],
        "conditions" : [ {
          "compoundRule" : {
            "rules" : [ {
              "lhs" : {
                "type" : "concept",
                "scope" : "encounter",
                "conceptName" : "Baby did not receive colostrum because",
                "conceptUuid" : "628dd4d4-c25b-4615-970b-667408500aee",
                "conceptDataType" : "Coded"
              },
              "rhs" : {
                "type" : "answerConcept",
                "answerConceptNames" : [ "Other" ],
                "answerConceptUuids" : [ "05ea583c-51d2-412d-ad00-06c432ffe538" ]
              },
              "operator" : "containsAnswerConceptName"
            } ]
          }
        } ]
      } ],
      "mandatory" : false
    }, {
      "name" : "Did the baby receive anything before s/he started breastfeeding?",
      "uuid" : "e3e3b8a5-6f28-4b4c-b8e4-631a4c51f533",
      "keyValues" : [ ],
      "concept" : {
        "name" : "Was the baby fed anything else before breastfeeding?",
        "uuid" : "c41d7a74-716b-4b59-a2eb-61fc688c68bb",
        "dataType" : "Coded",
        "answers" : [ {
          "name" : "Yes",
          "uuid" : "04bb1773-c353-44a1-a68c-9b448e07ff70",
          "dataType" : "NA",
          "answers" : [ ],
          "order" : 1.0,
          "active" : true
        }, {
          "name" : "No",
          "uuid" : "e7b50c78-3d90-484d-a224-9887887780dc",
          "dataType" : "NA",
          "answers" : [ ],
          "order" : 2.0,
          "active" : true
        } ],
        "active" : true
      },
      "displayOrder" : 6.0,
      "type" : "SingleSelect",
      "mandatory" : false
    }, {
      "name" : "What did the baby receive before breastfeeding?",
      "uuid" : "c6bcd62c-3158-4cc2-b67e-54723e668ea3",
      "keyValues" : [ ],
      "concept" : {
        "name" : "Other things baby was fed before breastfeeding",
        "uuid" : "ea65d8cf-5244-4d38-90f9-67ffc804da8e",
        "dataType" : "Coded",
        "answers" : [ {
          "name" : "Cow's milk",
          "uuid" : "502dcb33-a589-4e9d-99c7-29f5659f5074",
          "dataType" : "NA",
          "answers" : [ ],
          "order" : 1.0,
          "active" : true
        }, {
          "name" : "Other",
          "uuid" : "05ea583c-51d2-412d-ad00-06c432ffe538",
          "dataType" : "NA",
          "answers" : [ ],
          "order" : 5.0,
          "active" : true
        }, {
          "name" : "Water",
          "uuid" : "128d0a18-37c5-4243-a6ea-1794765fa1cd",
          "dataType" : "NA",
          "answers" : [ ],
          "order" : 2.0,
          "active" : true
        }, {
          "name" : "Water based liquids (sugar water, juice etc)",
          "uuid" : "851c9fb8-af13-4205-91e4-6a63dc1b91fa",
          "dataType" : "NA",
          "answers" : [ ],
          "order" : 4.0,
          "active" : true
        }, {
          "name" : "Formula",
          "uuid" : "7df97c63-a2e9-472c-90f2-584f2e64015b",
          "dataType" : "NA",
          "answers" : [ ],
          "order" : 3.0,
          "active" : true
        } ],
        "active" : true
      },
      "displayOrder" : 7.0,
      "type" : "MultiSelect",
      "rule" : "'use strict';\n({params, imports}) => {\n  const programEncounter = params.entity;\n  const moment = imports.moment;\n  const formElement = params.formElement;\n  const _ = imports.lodash;\n  let visibility = true;\n  let value = null;\n  let answersToSkip = [];\n  let validationErrors = [];\n  \n  const condition11 = new imports.rulesConfig.RuleCondition({programEncounter, formElement}).when.valueInEncounter(\"c41d7a74-716b-4b59-a2eb-61fc688c68bb\").containsAnswerConceptName(\"04bb1773-c353-44a1-a68c-9b448e07ff70\").matches();\n  \n  visibility = condition11 ;\n  \n  return new imports.rulesConfig.FormElementStatus(formElement.uuid, visibility, value, answersToSkip, validationErrors);\n};",
      "declarativeRule" : [ {
        "actions" : [ {
          "actionType" : "showFormElement"
        }, { } ],
        "conditions" : [ {
          "compoundRule" : {
            "rules" : [ {
              "lhs" : {
                "type" : "concept",
                "scope" : "encounter",
                "conceptName" : "Was the baby fed anything else before breastfeeding?",
                "conceptUuid" : "c41d7a74-716b-4b59-a2eb-61fc688c68bb",
                "conceptDataType" : "Coded"
              },
              "rhs" : {
                "type" : "answerConcept",
                "answerConceptNames" : [ "Yes" ],
                "answerConceptUuids" : [ "04bb1773-c353-44a1-a68c-9b448e07ff70" ]
              },
              "operator" : "containsAnswerConceptName"
            } ]
          }
        } ]
      } ],
      "mandatory" : false
    }, {
      "name" : "What other things was baby fed before breastfeeding?",
      "uuid" : "c8868c83-964a-43a0-8400-536dd33b60d7",
      "keyValues" : [ ],
      "concept" : {
        "name" : "Any other thing baby was fed before breastfeeding",
        "uuid" : "d1466ada-80e5-4a35-8f7b-a3c7567b685c",
        "dataType" : "Text",
        "answers" : [ ],
        "active" : true
      },
      "displayOrder" : 8.0,
      "type" : "SingleSelect",
      "rule" : "'use strict';\n({params, imports}) => {\n  const programEncounter = params.entity;\n  const moment = imports.moment;\n  const formElement = params.formElement;\n  const _ = imports.lodash;\n  let visibility = true;\n  let value = null;\n  let answersToSkip = [];\n  let validationErrors = [];\n  \n  const condition11 = new imports.rulesConfig.RuleCondition({programEncounter, formElement}).when.valueInEncounter(\"ea65d8cf-5244-4d38-90f9-67ffc804da8e\").containsAnswerConceptName(\"05ea583c-51d2-412d-ad00-06c432ffe538\").matches();\n  \n  visibility = condition11 ;\n  \n  return new imports.rulesConfig.FormElementStatus(formElement.uuid, visibility, value, answersToSkip, validationErrors);\n};",
      "declarativeRule" : [ {
        "actions" : [ {
          "actionType" : "showFormElement"
        }, { } ],
        "conditions" : [ {
          "compoundRule" : {
            "rules" : [ {
              "lhs" : {
                "type" : "concept",
                "scope" : "encounter",
                "conceptName" : "Other things baby was fed before breastfeeding",
                "conceptUuid" : "ea65d8cf-5244-4d38-90f9-67ffc804da8e",
                "conceptDataType" : "Coded"
              },
              "rhs" : {
                "type" : "answerConcept",
                "answerConceptNames" : [ "Other" ],
                "answerConceptUuids" : [ "05ea583c-51d2-412d-ad00-06c432ffe538" ]
              },
              "operator" : "containsAnswerConceptName"
            } ]
          }
        } ]
      } ],
      "mandatory" : false
    }, {
      "name" : "Have you fed your child any of the following since beginning breastfeeding?",
      "uuid" : "106c935d-b6a6-42aa-8c4a-62f49f8513be",
      "keyValues" : [ ],
      "concept" : {
        "name" : "Things baby was fed since beginning breastfeeding",
        "uuid" : "49967ea8-e777-41cc-991a-31cb510dc27a",
        "dataType" : "Coded",
        "answers" : [ {
          "name" : "Cow's milk",
          "uuid" : "502dcb33-a589-4e9d-99c7-29f5659f5074",
          "dataType" : "NA",
          "answers" : [ ],
          "order" : 1.0,
          "active" : true
        }, {
          "name" : "Other",
          "uuid" : "05ea583c-51d2-412d-ad00-06c432ffe538",
          "dataType" : "NA",
          "answers" : [ ],
          "order" : 5.0,
          "active" : true
        }, {
          "name" : "Water",
          "uuid" : "128d0a18-37c5-4243-a6ea-1794765fa1cd",
          "dataType" : "NA",
          "answers" : [ ],
          "order" : 2.0,
          "active" : true
        }, {
          "name" : "Formula",
          "uuid" : "7df97c63-a2e9-472c-90f2-584f2e64015b",
          "dataType" : "NA",
          "answers" : [ ],
          "order" : 3.0,
          "active" : true
        }, {
          "name" : "None",
          "uuid" : "ebda5e05-a995-43ca-ad1a-30af3b937539",
          "dataType" : "NA",
          "answers" : [ ],
          "order" : 1.0,
          "active" : true
        }, {
          "name" : "Water based liquids (sugar water, juice etc)",
          "uuid" : "851c9fb8-af13-4205-91e4-6a63dc1b91fa",
          "dataType" : "NA",
          "answers" : [ ],
          "order" : 4.0,
          "active" : true
        } ],
        "active" : true
      },
      "displayOrder" : 9.0,
      "type" : "MultiSelect",
      "mandatory" : false
    }, {
      "name" : "What other things did you feed your child since beginning breastfeeding?",
      "uuid" : "9ffd85c0-a43b-458f-bf6a-bf9580eba36c",
      "keyValues" : [ ],
      "concept" : {
        "name" : "Other things baby was fed since beginning breastfeeding",
        "uuid" : "dd4e86e4-3c9b-41e2-9852-59d77558b1b8",
        "dataType" : "Text",
        "answers" : [ ],
        "active" : true
      },
      "displayOrder" : 10.0,
      "type" : "SingleSelect",
      "rule" : "'use strict';\n({params, imports}) => {\n  const programEncounter = params.entity;\n  const moment = imports.moment;\n  const formElement = params.formElement;\n  const _ = imports.lodash;\n  let visibility = true;\n  let value = null;\n  let answersToSkip = [];\n  let validationErrors = [];\n  \n  const condition11 = new imports.rulesConfig.RuleCondition({programEncounter, formElement}).when.valueInEncounter(\"49967ea8-e777-41cc-991a-31cb510dc27a\").containsAnswerConceptName(\"05ea583c-51d2-412d-ad00-06c432ffe538\").matches();\n  \n  visibility = condition11 ;\n  \n  return new imports.rulesConfig.FormElementStatus(formElement.uuid, visibility, value, answersToSkip, validationErrors);\n};",
      "declarativeRule" : [ {
        "actions" : [ {
          "actionType" : "showFormElement"
        }, { } ],
        "conditions" : [ {
          "compoundRule" : {
            "rules" : [ {
              "lhs" : {
                "type" : "concept",
                "scope" : "encounter",
                "conceptName" : "Things baby was fed since beginning breastfeeding",
                "conceptUuid" : "49967ea8-e777-41cc-991a-31cb510dc27a",
                "conceptDataType" : "Coded"
              },
              "rhs" : {
                "type" : "answerConcept",
                "answerConceptNames" : [ "Other" ],
                "answerConceptUuids" : [ "05ea583c-51d2-412d-ad00-06c432ffe538" ]
              },
              "operator" : "containsAnswerConceptName"
            } ]
          }
        } ]
      } ],
      "mandatory" : false
    }, {
      "name" : "Counsel to promote exclusive breastfeeding",
      "uuid" : "884b026c-d37f-4904-a3ca-e98c23eacf5b",
      "keyValues" : [ ],
      "concept" : {
        "name" : "Placeholder for counselling form element",
        "uuid" : "b4e5a662-97bf-4846-b9b7-9baeab4d89c4",
        "dataType" : "Coded",
        "answers" : [ {
          "name" : "Yes",
          "uuid" : "04bb1773-c353-44a1-a68c-9b448e07ff70",
          "dataType" : "NA",
          "answers" : [ ],
          "order" : 0.0,
          "active" : true
        } ],
        "active" : true
      },
      "displayOrder" : 11.0,
      "type" : "SingleSelect",
      "rule" : "//SAMPLE RULE EXAMPLE\n'use strict';\n({params, imports}) => {\n  const programEncounter = params.entity;\n  const formElement = params.formElement;\n  const statusBuilder = new imports.rulesConfig.FormElementStatusBuilder({programEncounter, formElement});\n  //read the value of form element using programEncounter.getObservationValue(CONCEPT_NAME);\n  const formElementValue1 = \"1\";\n  const formElementValue2 = \"1\";\n  //form element will be shown only when below condition is true\n  const showCondition = formElementValue1 === formElementValue2;\n  statusBuilder.show().when\n            .valueInEncounter('Things baby was fed since beginning breastfeeding').is.defined;\n  //for form element validation error\n  if(!showCondition){\n  statusBuilder.validationError(\"Values are not equal\");\n  }\n  return statusBuilder.build();\n};",
      "mandatory" : false
    }, {
      "name" : "Why did you feed your baby something other than breast milk?",
      "uuid" : "cb690202-9496-450a-9a80-5a3c68e0a5f9",
      "keyValues" : [ ],
      "concept" : {
        "name" : "Why did you feed your baby something other than breast milk?",
        "uuid" : "53b7549d-f5f2-49b8-9df9-5ab6dcdcb4d3",
        "dataType" : "Coded",
        "answers" : [ {
          "name" : "Other",
          "uuid" : "05ea583c-51d2-412d-ad00-06c432ffe538",
          "dataType" : "NA",
          "answers" : [ ],
          "order" : 4.0,
          "active" : true
        }, {
          "name" : "Child requires more nourishment",
          "uuid" : "db76e594-4454-4a53-9507-7dee83b279c3",
          "dataType" : "NA",
          "answers" : [ ],
          "order" : 2.0,
          "active" : true
        }, {
          "name" : "Not producing enough breast milk",
          "uuid" : "4875d665-1e9a-4f65-a58d-7293be93d263",
          "dataType" : "NA",
          "answers" : [ ],
          "order" : 1.0,
          "active" : true
        }, {
          "name" : "Formula is better",
          "uuid" : "2a67c5ef-3839-46ce-a433-a044d97e5e29",
          "dataType" : "NA",
          "answers" : [ ],
          "order" : 3.0,
          "active" : true
        } ],
        "active" : true
      },
      "displayOrder" : 12.0,
      "type" : "MultiSelect",
      "rule" : "//SAMPLE RULE EXAMPLE\n'use strict';\n({params, imports}) => {\n  const programEncounter = params.entity;\n  const formElement = params.formElement;\n  const statusBuilder = new imports.rulesConfig.FormElementStatusBuilder({programEncounter, formElement});\n  //read the value of form element using programEncounter.getObservationValue(CONCEPT_NAME);\n  const formElementValue1 = \"1\";\n  const formElementValue2 = \"1\";\n  //form element will be shown only when below condition is true\n  const showCondition = formElementValue1 === formElementValue2;\n  statusBuilder.show()\n            .when.valueInEncounter('Things baby was fed since beginning breastfeeding').is.defined\n            .and.valueInEncounter('Things baby was fed since beginning breastfeeding').not.containsAnswerConceptName('Other');\n  //for form element validation error\n  if(!showCondition){\n  statusBuilder.validationError(\"Values are not equal\");\n  }\n  return statusBuilder.build();\n};",
      "mandatory" : false
    }, {
      "name" : "Other reason why you fed something other than breast milk",
      "uuid" : "2cec61be-ed77-4513-a261-5b6f4c77fbaa",
      "keyValues" : [ ],
      "concept" : {
        "name" : "Any other reason why you fed something other than breast milk",
        "uuid" : "60e2eddd-4e45-4002-bcfd-eea11fb3ac7c",
        "dataType" : "Text",
        "answers" : [ ],
        "active" : true
      },
      "displayOrder" : 13.0,
      "type" : "SingleSelect",
      "rule" : "'use strict';\n({params, imports}) => {\n  const programEncounter = params.entity;\n  const moment = imports.moment;\n  const formElement = params.formElement;\n  const _ = imports.lodash;\n  let visibility = true;\n  let value = null;\n  let answersToSkip = [];\n  let validationErrors = [];\n  \n  const condition11 = new imports.rulesConfig.RuleCondition({programEncounter, formElement}).when.valueInEncounter(\"53b7549d-f5f2-49b8-9df9-5ab6dcdcb4d3\").containsAnswerConceptName(\"05ea583c-51d2-412d-ad00-06c432ffe538\").matches();\n  \n  visibility = condition11 ;\n  \n  return new imports.rulesConfig.FormElementStatus(formElement.uuid, visibility, value, answersToSkip, validationErrors);\n};",
      "declarativeRule" : [ {
        "actions" : [ {
          "actionType" : "showFormElement"
        }, { } ],
        "conditions" : [ {
          "compoundRule" : {
            "rules" : [ {
              "lhs" : {
                "type" : "concept",
                "scope" : "encounter",
                "conceptName" : "Why did you feed your baby something other than breast milk?",
                "conceptUuid" : "53b7549d-f5f2-49b8-9df9-5ab6dcdcb4d3",
                "conceptDataType" : "Coded"
              },
              "rhs" : {
                "type" : "answerConcept",
                "answerConceptNames" : [ "Other" ],
                "answerConceptUuids" : [ "05ea583c-51d2-412d-ad00-06c432ffe538" ]
              },
              "operator" : "containsAnswerConceptName"
            } ]
          }
        } ]
      } ],
      "mandatory" : false
    }, {
      "name" : "Are you having any of the following breastfeeding problems?",
      "uuid" : "916c10f8-a265-46ad-ac41-c7f9ecd2ccca",
      "keyValues" : [ ],
      "concept" : {
        "name" : "Breast-feeding problems",
        "uuid" : "0c9b6203-be8c-40a4-a035-b9cb61f126c9",
        "dataType" : "Coded",
        "answers" : [ {
          "name" : "Breast-related problems",
          "uuid" : "5f2ba759-58ca-4fa9-8fee-3063e076d8fa",
          "dataType" : "NA",
          "answers" : [ ],
          "order" : 1.0,
          "active" : true
        }, {
          "name" : "Possible breast infection (severe pain, abscess, foul smelling discharge, fever)",
          "uuid" : "765a3256-78c3-4a5f-9a6c-d4334eb5e8a5",
          "dataType" : "NA",
          "answers" : [ ],
          "order" : 5.0,
          "active" : true
        }, {
          "name" : "None",
          "uuid" : "ebda5e05-a995-43ca-ad1a-30af3b937539",
          "dataType" : "NA",
          "answers" : [ ],
          "order" : 7.0,
          "unique" : true,
          "active" : true
        }, {
          "name" : "Cracked Nipple",
          "uuid" : "804a3c4c-e42e-47b0-923b-43c808c631bc",
          "dataType" : "NA",
          "answers" : [ ],
          "order" : 1.0,
          "active" : true
        }, {
          "name" : "Engorged breast",
          "uuid" : "99c858bc-b257-476a-b7ce-fd4e239b6b2a",
          "dataType" : "NA",
          "answers" : [ ],
          "order" : 3.0,
          "active" : true
        }, {
          "name" : "Mother unwilling to breastfeed",
          "uuid" : "d3f67692-2fa9-486c-bc8e-97e470f1736a",
          "dataType" : "NA",
          "answers" : [ ],
          "order" : 4.0,
          "active" : true
        }, {
          "name" : "Retracted Nipples",
          "uuid" : "c95ab0ea-46bb-41fb-995a-24a2db3681a2",
          "dataType" : "NA",
          "answers" : [ ],
          "order" : 2.0,
          "active" : true
        }, {
          "name" : "Other",
          "uuid" : "05ea583c-51d2-412d-ad00-06c432ffe538",
          "dataType" : "NA",
          "answers" : [ ],
          "order" : 6.0,
          "active" : true
        } ],
        "active" : true
      },
      "displayOrder" : 14.0,
      "type" : "MultiSelect",
      "mandatory" : false
    }, {
      "name" : "Specify other breastfeeding problems",
      "uuid" : "f13f3185-a289-4844-a6d0-cef1051063c1",
      "keyValues" : [ ],
      "concept" : {
        "name" : "Other breast-feeding problems",
        "uuid" : "9901bdcc-d562-4486-a5d4-b6e9681e9da8",
        "dataType" : "Text",
        "answers" : [ ],
        "active" : true
      },
      "displayOrder" : 15.0,
      "type" : "SingleSelect",
      "rule" : "'use strict';\n({params, imports}) => {\n  const programEncounter = params.entity;\n  const moment = imports.moment;\n  const formElement = params.formElement;\n  const _ = imports.lodash;\n  let visibility = true;\n  let value = null;\n  let answersToSkip = [];\n  let validationErrors = [];\n  \n  const condition11 = new imports.rulesConfig.RuleCondition({programEncounter, formElement}).when.valueInEncounter(\"0c9b6203-be8c-40a4-a035-b9cb61f126c9\").containsAnswerConceptName(\"05ea583c-51d2-412d-ad00-06c432ffe538\").matches();\n  \n  visibility = condition11 ;\n  \n  return new imports.rulesConfig.FormElementStatus(formElement.uuid, visibility, value, answersToSkip, validationErrors);\n};",
      "declarativeRule" : [ {
        "actions" : [ {
          "actionType" : "showFormElement"
        }, { } ],
        "conditions" : [ {
          "compoundRule" : {
            "rules" : [ {
              "lhs" : {
                "type" : "concept",
                "scope" : "encounter",
                "conceptName" : "Breast-feeding problems",
                "conceptUuid" : "0c9b6203-be8c-40a4-a035-b9cb61f126c9",
                "conceptDataType" : "Coded"
              },
              "rhs" : {
                "type" : "answerConcept",
                "answerConceptNames" : [ "Other" ],
                "answerConceptUuids" : [ "05ea583c-51d2-412d-ad00-06c432ffe538" ]
              },
              "operator" : "containsAnswerConceptName"
            } ]
          }
        } ]
      } ],
      "mandatory" : false
    }, {
      "name" : "How many times was your baby breastfed in the last 24 hours?",
      "uuid" : "bf72b632-ff65-43bf-8787-06b33555675c",
      "keyValues" : [ ],
      "concept" : {
        "name" : "Number of times breastfed in the last 24 hours",
        "uuid" : "16e7abb8-1dee-4f1f-88e0-d9e24f43f720",
        "dataType" : "Numeric",
        "answers" : [ ],
        "active" : true
      },
      "displayOrder" : 16.0,
      "type" : "SingleSelect",
      "mandatory" : false
    }, {
      "name" : "Counsel to feed child frequently",
      "uuid" : "e9909da1-8b80-4595-a6ac-f2853f0acfb2",
      "keyValues" : [ ],
      "concept" : {
        "name" : "Placeholder for counselling form element",
        "uuid" : "b4e5a662-97bf-4846-b9b7-9baeab4d89c4",
        "dataType" : "Coded",
        "answers" : [ {
          "name" : "Yes",
          "uuid" : "04bb1773-c353-44a1-a68c-9b448e07ff70",
          "dataType" : "NA",
          "answers" : [ ],
          "order" : 0.0,
          "active" : true
        } ],
        "active" : true
      },
      "displayOrder" : 17.0,
      "type" : "SingleSelect",
      "rule" : "//SAMPLE RULE EXAMPLE\n'use strict';\n({params, imports}) => {\n  const programEncounter = params.entity;\n  const formElement = params.formElement;\n  const statusBuilder = new imports.rulesConfig.FormElementStatusBuilder({programEncounter, formElement});\n  //read the value of form element using programEncounter.getObservationValue(CONCEPT_NAME);\n  const formElementValue1 = \"1\";\n  const formElementValue2 = \"1\";\n  //form element will be shown only when below condition is true\n  const showCondition = formElementValue1 === formElementValue2;\n  statusBuilder.show().when.valueInEncounter(\"Number of times breastfed in the last 24 hours\").lessThan(8);\n  //for form element validation error\n  if(!showCondition){\n  statusBuilder.validationError(\"Values are not equal\");\n  }\n  return statusBuilder.build();\n};",
      "mandatory" : false
    } ],
    "timed" : false
  }, {
    "uuid" : "abde79ae-b9d5-484d-832e-be69d87824f4",
    "name" : "Child Vitals",
    "displayOrder" : 4.0,
    "display" : "Vitals",
    "formElements" : [ {
      "name" : "Temperature",
      "uuid" : "2d8c280d-8de5-4792-bf25-08ad5f1cd35a",
      "keyValues" : [ ],
      "concept" : {
        "name" : "Child Temperature",
        "uuid" : "c5e0d0e0-4ff7-40be-a929-292d7c4b17d0",
        "dataType" : "Numeric",
        "answers" : [ ],
        "lowNormal" : 97.5,
        "highNormal" : 99.5,
        "active" : true
      },
      "displayOrder" : 1.0,
      "type" : "SingleSelect",
      "mandatory" : true,
      "voided" : true
    }, {
      "name" : "Respiratory Rate",
      "uuid" : "e5529a87-915c-4e75-9376-9bc1706cb9d8",
      "keyValues" : [ ],
      "concept" : {
        "name" : "Child Respiratory Rate",
        "uuid" : "a669a751-574e-4f7b-8c34-d3d755adecf8",
        "dataType" : "Numeric",
        "answers" : [ ],
        "lowNormal" : 30.0,
        "highNormal" : 60.0,
        "active" : true
      },
      "displayOrder" : 2.0,
      "type" : "SingleSelect",
      "mandatory" : true,
      "voided" : true
    }, {
      "name" : "Pulse",
      "uuid" : "e643f8a3-b03a-4a03-8c26-19c6bcf8538f",
      "keyValues" : [ ],
      "concept" : {
        "name" : "Child Pulse",
        "uuid" : "4629403c-7d38-4984-89cb-8be929b66e69",
        "dataType" : "Numeric",
        "answers" : [ ],
        "lowNormal" : 60.0,
        "highNormal" : 100.0,
        "active" : true
      },
      "displayOrder" : 3.0,
      "type" : "SingleSelect",
      "mandatory" : true,
      "voided" : true
    } ],
    "timed" : false
  }, {
    "uuid" : "66a2f7fa-6add-45d8-8066-87ef52ac6993",
    "name" : "Child Vitals",
    "displayOrder" : 5.0,
    "display" : "Vitals",
    "formElements" : [ {
      "name" : "Temperature",
      "uuid" : "5a8771da-1ad9-409e-8edc-3a99282f89cd",
      "keyValues" : [ ],
      "concept" : {
        "name" : "Child Temperature",
        "uuid" : "c5e0d0e0-4ff7-40be-a929-292d7c4b17d0",
        "dataType" : "Numeric",
        "answers" : [ ],
        "lowNormal" : 97.5,
        "highNormal" : 99.5,
        "active" : true
      },
      "displayOrder" : 1.0,
      "type" : "SingleSelect",
      "mandatory" : false
    }, {
      "name" : "Respiratory Rate",
      "uuid" : "f6b86f93-829a-4948-a87a-4a85a3324334",
      "keyValues" : [ ],
      "concept" : {
        "name" : "Child Respiratory Rate",
        "uuid" : "a669a751-574e-4f7b-8c34-d3d755adecf8",
        "dataType" : "Numeric",
        "answers" : [ ],
        "lowNormal" : 30.0,
        "highNormal" : 60.0,
        "active" : true
      },
      "displayOrder" : 2.0,
      "type" : "SingleSelect",
      "mandatory" : false
    }, {
      "name" : "Pulse",
      "uuid" : "7d7051c5-7586-46f4-95e0-4fd70b5223b0",
      "keyValues" : [ ],
      "concept" : {
        "name" : "Child Pulse",
        "uuid" : "4629403c-7d38-4984-89cb-8be929b66e69",
        "dataType" : "Numeric",
        "answers" : [ ],
        "lowNormal" : 60.0,
        "highNormal" : 100.0,
        "active" : true
      },
      "displayOrder" : 3.0,
      "type" : "SingleSelect",
      "mandatory" : false
    } ],
    "timed" : false
  }, {
    "uuid" : "4c5093dd-feb3-4f94-b930-b7168bb65c71",
    "name" : "Child Examination",
    "displayOrder" : 6.0,
    "display" : "Examination",
    "formElements" : [ {
      "name" : "Any breathing problems",
      "uuid" : "37e5335a-42bc-4a25-840a-e82e820f4f15",
      "keyValues" : [ ],
      "concept" : {
        "name" : "Child PNC breathing problems",
        "uuid" : "17d5ed6e-b571-4e02-bebe-0c9db2c8f5ca",
        "dataType" : "Coded",
        "answers" : [ {
          "name" : "No problem",
          "uuid" : "855fb739-19d8-418d-a8ae-c1da977b7fa9",
          "dataType" : "NA",
          "answers" : [ ],
          "order" : 5.0,
          "unique" : true,
          "active" : true
        }, {
          "name" : "Breathing too slow",
          "uuid" : "e0422b25-f656-4e97-92ab-2db9aef28e8c",
          "dataType" : "NA",
          "answers" : [ ],
          "order" : 3.0,
          "abnormal" : true,
          "active" : true
        }, {
          "name" : "No problems",
          "uuid" : "55c81def-8229-4531-a998-0438bdd5a8f1",
          "dataType" : "NA",
          "answers" : [ ],
          "order" : 5.0,
          "active" : true
        }, {
          "name" : "Chest indrawing",
          "uuid" : "4ac39842-039b-45de-a50d-7b31e51c9850",
          "dataType" : "NA",
          "answers" : [ ],
          "order" : 1.0,
          "abnormal" : true,
          "active" : true
        }, {
          "name" : "Grunting noises while breathing",
          "uuid" : "5414e490-3bdd-4551-81d1-0ce69cb7580d",
          "dataType" : "NA",
          "answers" : [ ],
          "order" : 4.0,
          "abnormal" : true,
          "active" : true
        }, {
          "name" : "Breathing too fast",
          "uuid" : "2a68f048-bb8c-404f-9a51-7b2d46806d1f",
          "dataType" : "NA",
          "answers" : [ ],
          "order" : 2.0,
          "abnormal" : true,
          "active" : true
        } ],
        "active" : true
      },
      "displayOrder" : 1.0,
      "type" : "MultiSelect",
      "mandatory" : true
    }, {
      "name" : "Any skin problems",
      "uuid" : "a489a772-08f7-49c9-8bbc-814cfdcf1525",
      "keyValues" : [ ],
      "concept" : {
        "name" : "Child PNC skin problems",
        "uuid" : "36460b33-a6c2-478f-894c-491128aa4ca5",
        "dataType" : "Coded",
        "answers" : [ {
          "name" : "Umbilical redness and or discharge",
          "uuid" : "eb030ccc-865c-43d1-84f1-11c20e7e7fc2",
          "dataType" : "NA",
          "answers" : [ ],
          "order" : 3.0,
          "abnormal" : true,
          "active" : true
        }, {
          "name" : "No problems",
          "uuid" : "55c81def-8229-4531-a998-0438bdd5a8f1",
          "dataType" : "NA",
          "answers" : [ ],
          "order" : 1.0,
          "active" : true
        }, {
          "name" : "Sunken fontanelle",
          "uuid" : "0210eee7-90e8-4c93-bd41-3c8f3dcb95c7",
          "dataType" : "NA",
          "answers" : [ ],
          "order" : 7.0,
          "abnormal" : true,
          "active" : true
        }, {
          "name" : "Umbilical Abscess",
          "uuid" : "4cc68725-905b-4f29-800a-5032bc169c4d",
          "dataType" : "NA",
          "answers" : [ ],
          "order" : 4.0,
          "abnormal" : true,
          "active" : true
        }, {
          "name" : "Skin blisters",
          "uuid" : "fdfbfbc8-0a77-4ade-9a26-4203e23c3f82",
          "dataType" : "NA",
          "answers" : [ ],
          "order" : 8.0,
          "abnormal" : true,
          "active" : true
        }, {
          "name" : "Blue/pale",
          "uuid" : "a23bc4b5-b1a5-40ff-b67c-255a0788baf3",
          "dataType" : "NA",
          "answers" : [ ],
          "order" : 2.0,
          "abnormal" : true,
          "active" : true
        }, {
          "name" : "Rash",
          "uuid" : "966bf035-b14f-4fd0-8b2d-22798ad330c7",
          "dataType" : "NA",
          "answers" : [ ],
          "order" : 5.0,
          "abnormal" : true,
          "active" : true
        }, {
          "name" : "No problem",
          "uuid" : "855fb739-19d8-418d-a8ae-c1da977b7fa9",
          "dataType" : "NA",
          "answers" : [ ],
          "order" : 9.0,
          "unique" : true,
          "active" : true
        }, {
          "name" : "Umbilical cord is infected",
          "uuid" : "50ad01bb-a93a-4eae-8804-a3b8a5a23077",
          "dataType" : "NA",
          "answers" : [ ],
          "order" : 1.0,
          "abnormal" : true,
          "active" : true
        }, {
          "name" : "Jaundice",
          "uuid" : "352bb8a4-1569-492f-9a53-14e3b134c104",
          "dataType" : "NA",
          "answers" : [ ],
          "order" : 3.0,
          "active" : true
        }, {
          "name" : "Wrinkled Skin",
          "uuid" : "efe68956-0ff4-4391-af2b-c9e49bb9e97e",
          "dataType" : "NA",
          "answers" : [ ],
          "order" : 6.0,
          "abnormal" : true,
          "active" : true
        } ],
        "active" : true
      },
      "displayOrder" : 2.0,
      "type" : "MultiSelect",
      "rule" : "//SAMPLE RULE EXAMPLE\n'use strict';\n({params, imports}) => {\n  const programEncounter = params.entity;\n  const formElement = params.formElement;\n  const statusBuilder = new imports.rulesConfig.FormElementStatusBuilder({programEncounter, formElement});\n  //read the value of form element using programEncounter.getObservationValue(CONCEPT_NAME);\n  const formElementValue1 = \"1\";\n  const formElementValue2 = \"1\";\n  //form element will be shown only when below condition is true\n  const showCondition = formElementValue1 === formElementValue2;\n  statusBuilder.show().whenItem(showCondition).is.truthy;\n  \n  statusBuilder.skipAnswers('Wrinkled Skin', 'Sunken fontanelle', 'Skin blisters');\n  \n  //for form element validation error\n  if(!showCondition){\n  statusBuilder.validationError(\"Values are not equal\");\n  }\n  return statusBuilder.build();\n};",
      "mandatory" : true
    }, {
      "name" : "Any eye problems",
      "uuid" : "84cc43d5-72ed-4f01-918e-86ecd7464079",
      "keyValues" : [ ],
      "concept" : {
        "name" : "Child PNC eye problems",
        "uuid" : "2010e1e0-468d-424c-85ef-290612f3eae8",
        "dataType" : "Coded",
        "answers" : [ {
          "name" : "None",
          "uuid" : "ebda5e05-a995-43ca-ad1a-30af3b937539",
          "dataType" : "NA",
          "answers" : [ ],
          "order" : 5.0,
          "unique" : true,
          "active" : true
        }, {
          "name" : "Jaundice",
          "uuid" : "352bb8a4-1569-492f-9a53-14e3b134c104",
          "dataType" : "NA",
          "answers" : [ ],
          "order" : 1.0,
          "abnormal" : true,
          "active" : true
        }, {
          "name" : "Icterus present",
          "uuid" : "bab23da4-603e-4f9e-a823-90cc785d8f2f",
          "dataType" : "NA",
          "answers" : [ ],
          "order" : 4.0,
          "abnormal" : true,
          "active" : true
        }, {
          "name" : "Swollen eyelids",
          "uuid" : "3b98f4f8-fa9b-4af1-bf16-e1cc3b25c03f",
          "dataType" : "NA",
          "answers" : [ ],
          "order" : 2.0,
          "abnormal" : true,
          "active" : true
        }, {
          "name" : "Discharge from eyes",
          "uuid" : "388cd26f-f73e-498f-8e33-1a23320b30a5",
          "dataType" : "NA",
          "answers" : [ ],
          "order" : 3.0,
          "abnormal" : true,
          "active" : true
        }, {
          "name" : "Redness of eyes",
          "uuid" : "f68197ea-a8b0-4187-a816-234ebf2720ee",
          "dataType" : "NA",
          "answers" : [ ],
          "order" : 1.0,
          "abnormal" : true,
          "active" : true
        } ],
        "active" : true
      },
      "displayOrder" : 3.0,
      "type" : "MultiSelect",
      "rule" : "//SAMPLE RULE EXAMPLE\n'use strict';\n({params, imports}) => {\n  const programEncounter = params.entity;\n  const formElement = params.formElement;\n  const statusBuilder = new imports.rulesConfig.FormElementStatusBuilder({programEncounter, formElement});\n  //read the value of form element using programEncounter.getObservationValue(CONCEPT_NAME);\n  const formElementValue1 = \"1\";\n  const formElementValue2 = \"1\";\n  //form element will be shown only when below condition is true\n  const showCondition = formElementValue1 === formElementValue2;\n  statusBuilder.show().whenItem(showCondition).is.truthy;\n  \n  statusBuilder.skipAnswers('Icterus present');\n  \n  //for form element validation error\n  if(!showCondition){\n  statusBuilder.validationError(\"Values are not equal\");\n  }\n  return statusBuilder.build();\n};",
      "mandatory" : true
    } ],
    "timed" : false
  }, {
    "uuid" : "550cc969-4021-4d13-8ad3-d8759388205b",
    "name" : "Child Anthropometry",
    "displayOrder" : 7.0,
    "display" : "Anthropometry",
    "formElements" : [ {
      "name" : "Height",
      "uuid" : "94a659ce-dd98-44a1-a3ea-2a8abc622990",
      "keyValues" : [ ],
      "concept" : {
        "name" : "Height",
        "uuid" : "d883d5fe-e17d-4136-b989-089fa0295e34",
        "dataType" : "Numeric",
        "answers" : [ ],
        "lowAbsolute" : 20.0,
        "highAbsolute" : 300.0,
        "lowNormal" : 30.0,
        "highNormal" : 200.0,
        "active" : true
      },
      "displayOrder" : 1.0,
      "type" : "SingleSelect",
      "mandatory" : true,
      "voided" : true
    }, {
      "name" : "Weight",
      "uuid" : "786fa276-8baa-4315-8f72-1da2e0c888a6",
      "keyValues" : [ ],
      "concept" : {
        "name" : "Weight",
        "uuid" : "75b1656e-2777-4753-9612-ce03a766a5e1",
        "dataType" : "Numeric",
        "answers" : [ ],
        "lowAbsolute" : 0.0,
        "highAbsolute" : 300.0,
        "lowNormal" : 1.0,
        "highNormal" : 100.0,
        "active" : true
      },
      "displayOrder" : 2.0,
      "type" : "SingleSelect",
      "mandatory" : true,
      "voided" : true
    } ],
    "timed" : false
  }, {
    "uuid" : "1d70b455-95c1-43dd-bb3d-4e85722a5f23",
    "name" : "Discussion items",
    "displayOrder" : 8.0,
    "display" : "Discussion items",
    "formElements" : [ {
      "name" : "Child PNC Discussion items",
      "uuid" : "199cf46f-4ec8-4f59-81c3-165c84f7bdd4",
      "keyValues" : [ ],
      "concept" : {
        "name" : "Placeholder for counselling form element",
        "uuid" : "b4e5a662-97bf-4846-b9b7-9baeab4d89c4",
        "dataType" : "Coded",
        "answers" : [ {
          "name" : "Yes",
          "uuid" : "04bb1773-c353-44a1-a68c-9b448e07ff70",
          "dataType" : "NA",
          "answers" : [ ],
          "order" : 0.0,
          "active" : true
        } ],
        "active" : true
      },
      "displayOrder" : 1.0,
      "type" : "SingleSelect",
      "mandatory" : false
    } ],
    "timed" : false
  }, {
    "uuid" : "d4db4667-2e87-4929-9de5-921d12196e25",
    "name" : "Baby warming",
    "displayOrder" : 9.0,
    "display" : "Baby warming",
    "formElements" : [ {
      "name" : "Child PNC - Baby warming - Dos",
      "uuid" : "81a8c965-37c8-4d64-8da1-bdac3f098032",
      "keyValues" : [ ],
      "concept" : {
        "name" : "Placeholder for counselling form element",
        "uuid" : "b4e5a662-97bf-4846-b9b7-9baeab4d89c4",
        "dataType" : "Coded",
        "answers" : [ {
          "name" : "Yes",
          "uuid" : "04bb1773-c353-44a1-a68c-9b448e07ff70",
          "dataType" : "NA",
          "answers" : [ ],
          "order" : 0.0,
          "active" : true
        } ],
        "active" : true
      },
      "displayOrder" : 1.0,
      "type" : "SingleSelect",
      "mandatory" : false
    } ],
    "timed" : false
  }, {
    "uuid" : "d13baa78-746b-47c5-8b46-37826e62321c",
    "name" : "Notes",
    "displayOrder" : 10.0,
    "display" : "Notes",
    "formElements" : [ {
      "name" : "Notes",
      "uuid" : "84de1ad3-eede-42a1-8523-d66856862f38",
      "keyValues" : [ ],
      "concept" : {
        "name" : "General Advice",
        "uuid" : "72f1ecc4-9f6d-4bab-ba01-a11c822bfb5a",
        "dataType" : "Text",
        "answers" : [ ],
        "active" : true
      },
      "displayOrder" : 1.0,
      "type" : "SingleSelect",
      "mandatory" : false
    } ],
    "timed" : false
  }, {
    "uuid" : "cddc82ff-89f7-494d-af37-d764d4d3d300",
    "name" : "Breast Feeding",
    "displayOrder" : 11.0,
    "display" : "Breast Feeding",
    "formElements" : [ {
      "name" : "Child PNC - Breastfeeding - Dos",
      "uuid" : "fd5cd4f8-0406-45ca-ae1d-ee285d94e281",
      "keyValues" : [ ],
      "concept" : {
        "name" : "Placeholder for counselling form element",
        "uuid" : "b4e5a662-97bf-4846-b9b7-9baeab4d89c4",
        "dataType" : "Coded",
        "answers" : [ {
          "name" : "Yes",
          "uuid" : "04bb1773-c353-44a1-a68c-9b448e07ff70",
          "dataType" : "NA",
          "answers" : [ ],
          "order" : 0.0,
          "active" : true
        } ],
        "active" : true
      },
      "displayOrder" : 1.0,
      "type" : "SingleSelect",
      "mandatory" : false
    } ],
    "timed" : false
  }, {
    "uuid" : "4996640d-ecb7-4208-a577-f03b56332c78",
    "name" : "Followup",
    "displayOrder" : 12.0,
    "display" : "Followup",
    "formElements" : [ {
      "name" : "Refer child to doctor?",
      "uuid" : "4344db50-e796-416b-b2de-fd94229bc2cd",
      "keyValues" : [ ],
      "concept" : {
        "name" : "Refer child to doctor",
        "uuid" : "f123fea3-5051-4b1f-9431-332e76e622f0",
        "dataType" : "Coded",
        "answers" : [ {
          "name" : "No",
          "uuid" : "e7b50c78-3d90-484d-a224-9887887780dc",
          "dataType" : "NA",
          "answers" : [ ],
          "order" : 2.0,
          "active" : true
        }, {
          "name" : "Yes",
          "uuid" : "04bb1773-c353-44a1-a68c-9b448e07ff70",
          "dataType" : "NA",
          "answers" : [ ],
          "order" : 1.0,
          "active" : true
        } ],
        "active" : true
      },
      "displayOrder" : 1.0,
      "type" : "SingleSelect",
      "mandatory" : false
    }, {
      "name" : "Refer child to hospital?",
      "uuid" : "617e06ac-bcdd-4885-99fa-a44f0729afb7",
      "keyValues" : [ ],
      "concept" : {
        "name" : "Refer child to hospital",
        "uuid" : "2f1bfcdb-343b-4c9e-85c1-63f74607ee6e",
        "dataType" : "Coded",
        "answers" : [ {
          "name" : "No",
          "uuid" : "e7b50c78-3d90-484d-a224-9887887780dc",
          "dataType" : "NA",
          "answers" : [ ],
          "order" : 2.0,
          "active" : true
        }, {
          "name" : "Yes",
          "uuid" : "04bb1773-c353-44a1-a68c-9b448e07ff70",
          "dataType" : "NA",
          "answers" : [ ],
          "order" : 1.0,
          "active" : true
        } ],
        "active" : true
      },
      "displayOrder" : 2.0,
      "type" : "SingleSelect",
      "mandatory" : false
    }, {
      "name" : "Should child's case be treated as a special case?",
      "uuid" : "0ef8cffd-1615-4e91-9ffb-dbefbc181707",
      "keyValues" : [ ],
      "concept" : {
        "name" : "Consider a special case",
        "uuid" : "24c0eb2b-d6bf-4099-a8d5-0ac2217e98b7",
        "dataType" : "Coded",
        "answers" : [ {
          "name" : "Yes",
          "uuid" : "04bb1773-c353-44a1-a68c-9b448e07ff70",
          "dataType" : "NA",
          "answers" : [ ],
          "order" : 1.0,
          "active" : true
        }, {
          "name" : "No",
          "uuid" : "e7b50c78-3d90-484d-a224-9887887780dc",
          "dataType" : "NA",
          "answers" : [ ],
          "order" : 2.0,
          "active" : true
        } ],
        "active" : true
      },
      "displayOrder" : 3.0,
      "type" : "SingleSelect",
      "mandatory" : false
    } ],
    "timed" : false
  }, {
    "uuid" : "eb7b004a-f570-495a-a0c3-6ecce0c4de3b",
    "name" : "Hygiene",
    "displayOrder" : 13.0,
    "display" : "Hygiene",
    "formElements" : [ {
      "name" : "Child PNC - Hygiene - Dos",
      "uuid" : "ee520d1f-8d64-4f73-9bec-4ae318f350cf",
      "keyValues" : [ ],
      "concept" : {
        "name" : "Placeholder for counselling form element",
        "uuid" : "b4e5a662-97bf-4846-b9b7-9baeab4d89c4",
        "dataType" : "Coded",
        "answers" : [ {
          "name" : "Yes",
          "uuid" : "04bb1773-c353-44a1-a68c-9b448e07ff70",
          "dataType" : "NA",
          "answers" : [ ],
          "order" : 0.0,
          "active" : true
        } ],
        "active" : true
      },
      "displayOrder" : 1.0,
      "type" : "SingleSelect",
      "mandatory" : false
    } ],
    "timed" : false
  }, {
    "uuid" : "e482f207-a243-47b1-98a1-3bb246ba5a48",
    "name" : "Child's weight",
    "displayOrder" : 14.0,
    "display" : "Child's weight",
    "formElements" : [ {
      "name" : "Child PNC - Weight - Dos",
      "uuid" : "670644a6-4acf-45ee-8bd5-811146ad5d28",
      "keyValues" : [ ],
      "concept" : {
        "name" : "Placeholder for counselling form element",
        "uuid" : "b4e5a662-97bf-4846-b9b7-9baeab4d89c4",
        "dataType" : "Coded",
        "answers" : [ {
          "name" : "Yes",
          "uuid" : "04bb1773-c353-44a1-a68c-9b448e07ff70",
          "dataType" : "NA",
          "answers" : [ ],
          "order" : 0.0,
          "active" : true
        } ],
        "active" : true
      },
      "displayOrder" : 1.0,
      "type" : "SingleSelect",
      "mandatory" : false
    } ],
    "timed" : false
  }, {
    "uuid" : "1b25d014-f4c3-48cd-ba6b-abb00c186329",
    "name" : "Registration and immunisation",
    "displayOrder" : 15.0,
    "display" : "Registration and immunisation",
    "formElements" : [ {
      "name" : "Child PNC - Registration Immunisation - Dos",
      "uuid" : "77f470aa-4a1a-4297-8f93-c43b2d93e649",
      "keyValues" : [ ],
      "concept" : {
        "name" : "Placeholder for counselling form element",
        "uuid" : "b4e5a662-97bf-4846-b9b7-9baeab4d89c4",
        "dataType" : "Coded",
        "answers" : [ {
          "name" : "Yes",
          "uuid" : "04bb1773-c353-44a1-a68c-9b448e07ff70",
          "dataType" : "NA",
          "answers" : [ ],
          "order" : 0.0,
          "active" : true
        } ],
        "active" : true
      },
      "displayOrder" : 1.0,
      "type" : "SingleSelect",
      "mandatory" : false
    } ],
    "timed" : false
  } ],
  "decisionRule" : "\"use strict\";\n({params, imports}) => {\n    const programEncounter = params.entity;\n    const moment = imports.moment;\n    const decisions = params.decisions;\n    \n    function referToHospital(programEncounter) {\n        const builder = new imports.rulesConfig.complicationsBuilder({\n            programEncounter: programEncounter,\n            complicationsConcept: 'Refer to the hospital for'\n        });\n\n        ['Lethargy', 'Fever', 'Redness or discharge on the skin around the belly button']\n            .forEach((c) =>\n                builder.addComplication(c)\n                    .ageInMonths.lessThanOrEqualTo(1).and\n                    .valueInEncounter('Is your baby having any of the following problems?')\n                    .containsAnyAnswerConceptName(c));\n\n        return builder.getComplications();\n    }\n\n    function referToCKDoctor(programEncounter) {\n        const builder = new imports.rulesConfig.complicationsBuilder({\n            programEncounter: programEncounter,\n            complicationsConcept: 'Refer to Calcutta Kids doctor'\n        });\n\n        ['Lethargy', 'Fever', 'Redness or discharge on the skin around the belly button']\n            .forEach((c) =>\n                builder.addComplication(c)\n                    .ageInMonths.lessThanOrEqualTo(3).and\n                    .ageInMonths.greaterThan(1).and\n                    .valueInEncounter('Is your baby having any of the following problems?')\n                    .containsAnyAnswerConceptName(c));\n\n        builder.addComplication('Insufficient urination')\n            .valueInEncounter('Number of times urinated in the last 24 hours').lessThan(6);\n\n        ['No urination', 'Child cries before or while passing urine']\n            .forEach((c) =>\n                builder.addComplication(c)\n                    .when.valueInEncounter(\"Child PNC urination related complaints\").containsAnswerConceptName(c));\n\n        return builder.getComplications();\n    }\n    \n    function removeRecommendation(decisions, groupName, recommendationName, reason) {\n        const defaultVal = {name: recommendationName, value: []};\n        const group = decisions[groupName] = decisions[groupName] || [];\n        const recommendation = group.find((d) => d.name === recommendationName) || (group.push(defaultVal), defaultVal);\n        recommendation.value = recommendation.value || [];\n        const withRemoved = recommendation.value.filter((r) => r.toUpperCase() !== reason.toUpperCase());\n        const removedOrNot = (withRemoved.length !== recommendation.value.length);\n        recommendation.value = withRemoved;\n        return removedOrNot;\n    }\n\n    decisions.encounterDecisions.push(referToHospital(programEncounter), referToCKDoctor(programEncounter));\n    removeRecommendation(decisions, 'encounterDecisions', 'Refer to the hospital immediately for', 'Child PNC urination related complaints');\n    return decisions;\n};",
  "visitScheduleRule" : "\"use strict\";\n({ params, imports }) => {\n  const programEncounter = params.entity;\n  const moment = imports.moment;\n  const scheduleBuilder = new imports.rulesConfig.VisitScheduleBuilder({programEncounter});\n  \n  if(programEncounter.name === 'Child PNC 1'){\n    const earliestDate = moment(programEncounter.encounterDateTime).add(7, 'days').toDate();\n    const maxDate = moment(earliestDate).add(7, 'days').toDate();\n    scheduleBuilder.add({name: \"Child PNC 2\", encounterType: \"Child PNC\", earliestDate, maxDate});  \n  }\n  \n  return scheduleBuilder.getAll();\n};",
  "validationRule" : "",
  "checklistsRule" : "",
  "decisionConcepts" : [ ]
}