{
  "name" : "CK Mother Enrolment",
  "uuid" : "c5b2eb03-7ed3-4fbc-95b7-07412219368f",
  "formType" : "ProgramEnrolment",
  "formElementGroups" : [ {
    "uuid" : "62415502-134c-416d-878a-cbced9932269",
    "name" : "Dummy",
    "displayOrder" : 1.0,
    "display" : "Dummy",
    "formElements" : [ {
      "name" : "Dummy",
      "uuid" : "846c0a86-a93f-47e9-b2ca-8089d67d406a",
      "keyValues" : [ ],
      "concept" : {
        "name" : "NA",
        "uuid" : "4d476011-7fc4-432b-98c0-9f6f1847cf39",
        "dataType" : "NA",
        "answers" : [ ],
        "active" : true
      },
      "displayOrder" : 1.0,
      "type" : "SingleSelect",
      "mandatory" : false,
      "voided" : true
    } ],
    "timed" : false
  } ],
  "decisionRule" : "",
  "visitScheduleRule" : "//SAMPLE RULE EXAMPLE\n\"use strict\";\n({ params, imports }) => {\n    const programEnrolment = params.entity;\n    const scheduleBuilder = new imports.rulesConfig.VisitScheduleBuilder({\n        programEnrolment\n    });\n    //add new visit schedule object to scheduleBuilder\n\n    const visitNameSuffix = (individual, earliestDate) => {\n       const youngestChild = imports.common.getYoungestChild(individual);\n       let ageOfYoungestChildInMonths = youngestChild ? youngestChild.getAgeInMonths(earliestDate) : 0;\n       return ageOfYoungestChildInMonths <= 3 ? 'Child younger than 3 months' : ageOfYoungestChildInMonths <= 6 ? 'Child between 3-6 months' : 'Child older than 6 months';\n    };\n\n    const enrolmentDayOfMonth = imports.moment(programEnrolment.enrolmentDateTime).date();\n    const homeVisitEarliestDate = enrolmentDayOfMonth < 22 ? programEnrolment.enrolmentDateTime : imports.moment(programEnrolment.enrolmentDateTime).add(1, 'month').startOf('month').toDate();\n    const homeVisitNumberOfDaysForMaxOffset = (21 - imports.moment(homeVisitEarliestDate).date());\n    const homeVisitMaxDate = imports.moment(homeVisitEarliestDate).add(homeVisitNumberOfDaysForMaxOffset, 'days').toDate();\n\n    scheduleBuilder.add({\n          name: 'Home Visit - ' + visitNameSuffix(programEnrolment.individual, homeVisitEarliestDate), \n          encounterType: 'Mother Home Visit', \n          earliestDate: homeVisitEarliestDate, \n          maxDate: homeVisitMaxDate\n  });\n  \n\n\n    return scheduleBuilder.getAll();\n};",
  "validationRule" : "//SAMPLE RULE EXAMPLE\n'use strict';\n({params, imports}) => {\n  const programEnrolment = params.entity;\n  const validationResults = [];\n  //use imports.common.createValidationError('sample error') to create validation error and push it to validationResults\n  if (_.isEmpty(programEnrolment.individual.getRelatives('mother', true))) {\n            validationResults.push(imports.common.createValidationError('Individual without children cannot be enrolled in mother program'));\n  }\n  return validationResults;\n};",
  "checklistsRule" : "",
  "decisionConcepts" : [ ]
}