{
  "name" : "Default Program Encounter Cancellation Form",
  "uuid" : "aac5c57a-aa01-49bb-ad20-70536dd2907f",
  "formType" : "ProgramEncounterCancellation",
  "formElementGroups" : [ {
    "uuid" : "32fb721e-a825-4f94-97af-27894bd39720",
    "name" : "Cancel Details",
    "displayOrder" : 1.0,
    "display" : "Cancel Details",
    "formElements" : [ {
      "name" : "Cancel reason",
      "uuid" : "1cbcd6a6-1ef1-410b-926e-754011d22a58",
      "keyValues" : [ ],
      "concept" : {
        "name" : "Visit cancel reason",
        "uuid" : "739f9a56-c02c-4f81-927b-69842d78c1e8",
        "dataType" : "Coded",
        "answers" : [ {
          "name" : "Away from village",
          "uuid" : "72fd70f8-65ae-4ac4-8339-6faf455e04f5",
          "dataType" : "NA",
          "answers" : [ ],
          "order" : 1.0,
          "active" : true
        }, {
          "name" : "Program exit",
          "uuid" : "51dfd71b-1b06-4477-9ca3-f88acbafc0db",
          "dataType" : "NA",
          "answers" : [ ],
          "order" : 4.0,
          "active" : true
        }, {
          "name" : "Other",
          "uuid" : "05ea583c-51d2-412d-ad00-06c432ffe538",
          "dataType" : "NA",
          "answers" : [ ],
          "order" : 3.0,
          "active" : true
        }, {
          "name" : "Absent",
          "uuid" : "10885638-561a-42b6-8b24-8daa01864c89",
          "dataType" : "NA",
          "answers" : [ ],
          "order" : 2.0,
          "active" : true
        }, {
          "name" : "Away at village",
          "uuid" : "5b30a5b5-8ab5-4643-a424-2992f2b8df11",
          "dataType" : "Coded",
          "answers" : [ {
            "name" : "No",
            "uuid" : "e7b50c78-3d90-484d-a224-9887887780dc",
            "dataType" : "NA",
            "answers" : [ ],
            "order" : 2.0,
            "active" : true
          }, {
            "name" : "Yes",
            "uuid" : "04bb1773-c353-44a1-a68c-9b448e07ff70",
            "dataType" : "NA",
            "answers" : [ ],
            "order" : 1.0,
            "active" : true
          } ],
          "order" : 1.0,
          "active" : true
        } ],
        "active" : true
      },
      "displayOrder" : 1.0,
      "type" : "SingleSelect",
      "rule" : "//SAMPLE RULE EXAMPLE\n'use strict';\n({params, imports}) => {\n  const programEncounter = params.entity;\n  const formElement = params.formElement;\n  const statusBuilder = new imports.rulesConfig.FormElementStatusBuilder({programEncounter, formElement});\n  //read the value of form element using programEncounter.getObservationValue(CONCEPT_NAME);\n  const formElementValue1 = \"1\";\n  const formElementValue2 = \"1\";\n  //form element will be shown only when below condition is true\n  const showCondition = formElementValue1 === formElementValue2;\n  statusBuilder.show().whenItem(showCondition).is.truthy;\n  //for form element validation error\n  if(!showCondition){\n  statusBuilder.validationError(\"Values are not equal\");\n  }\n  statusBuilder.skipAnswers('Away from village');\n  return statusBuilder.build();\n};",
      "mandatory" : true
    }, {
      "name" : "Other reason",
      "uuid" : "1a04eae4-cb00-4cf9-ae7a-fd080ad637f9",
      "keyValues" : [ ],
      "concept" : {
        "name" : "Other reason for cancelling",
        "uuid" : "f23251e2-68c6-447b-84c2-285d61e95f0f",
        "dataType" : "Text",
        "answers" : [ ],
        "active" : true
      },
      "displayOrder" : 2.0,
      "type" : "SingleSelect",
      "rule" : "'use strict';\n({params, imports}) => {\n  const programEncounter = params.entity;\n  const moment = imports.moment;\n  const formElement = params.formElement;\n  const _ = imports.lodash;\n  let visibility = true;\n  let value = null;\n  let answersToSkip = [];\n  let validationErrors = [];\n  \n  const condition11 = new imports.rulesConfig.RuleCondition({programEncounter, formElement}).when.valueInCancelEncounter(\"739f9a56-c02c-4f81-927b-69842d78c1e8\").containsAnswerConceptName(\"05ea583c-51d2-412d-ad00-06c432ffe538\").matches();\n  \n  visibility = condition11 ;\n  \n  return new imports.rulesConfig.FormElementStatus(formElement.uuid, visibility, value, answersToSkip, validationErrors);\n};",
      "declarativeRule" : [ {
        "actions" : [ {
          "actionType" : "showFormElement"
        }, { } ],
        "conditions" : [ {
          "compoundRule" : {
            "rules" : [ {
              "lhs" : {
                "type" : "concept",
                "scope" : "cancelEncounter",
                "conceptName" : "Visit cancel reason",
                "conceptUuid" : "739f9a56-c02c-4f81-927b-69842d78c1e8",
                "conceptDataType" : "Coded"
              },
              "rhs" : {
                "type" : "answerConcept",
                "answerConceptNames" : [ "Other" ],
                "answerConceptUuids" : [ "05ea583c-51d2-412d-ad00-06c432ffe538" ]
              },
              "operator" : "containsAnswerConceptName"
            } ]
          }
        } ]
      } ],
      "mandatory" : true
    } ],
    "timed" : false
  } ],
  "decisionRule" : "",
  "visitScheduleRule" : "\"use strict\";\n({ params, imports }) => {\n  const programEncounter = params.entity;\n  const moment = imports.moment;\n  const visitScheduleBuilder = new imports.rulesConfig.VisitScheduleBuilder({\n    programEncounter\n  });\n\n  function ChildPostHomeVisitVisits() {\n    let earliestDate = moment(programEncounter.getRealEventDate()).add(1, 'month').startOf('month').toDate();\n    let maxDate = moment(earliestDate).add(21, 'days').toDate();\n\n    visitScheduleBuilder.add({\n      name: 'Child Home Visit - ' + visitNameSuffix(programEncounter.programEnrolment.individual, earliestDate),\n      encounterType: \"Child Home Visit\",\n      earliestDate: earliestDate,\n      maxDate: maxDate\n    });\n  }\n\n  function MotherPostHomeVisitVisits() {\n    let earliestDate = moment(programEncounter.getRealEventDate()).add(1, 'month').startOf('month').toDate();\n    let maxDate = moment(earliestDate).add(21, 'days').toDate();\n\n    visitScheduleBuilder.add({\n      name: 'Home Visit' + visitNameSuffix(programEncounter.programEnrolment.individual, programEncounter.getRealEventDate()),\n      encounterType: \"Mother Home Visit\",\n      earliestDate: earliestDate,\n      maxDate: maxDate\n    });\n  }\n\n  const visitNameSuffix = (individual, earliestDate) => {\n    let ageInMonths = individual.getAgeInMonths(earliestDate);\n    return ageInMonths <= 3 ? 'age less than 3 months' : ageInMonths <= 6 ? 'age between 3-6 months' : 'age greater than 6 months';\n  };\n\n  function PregnancyPostANCHomeVisitVisits() {\n    let earliestDate = moment(programEncounter.getRealEventDate()).add(1, 'month').startOf('month').toDate();\n    let maxDate = moment(earliestDate).add(21, 'days').toDate();\n\n    visitScheduleBuilder.add({\n      name: 'ANC Home Visit',\n      encounterType: \"ANC Home Visit\",\n      earliestDate: earliestDate,\n      maxDate: maxDate\n    });\n  }\n\n  function PregnancyPostAncGmpVisits() {\n    const earliestDate = moment(programEncounter.getRealEventDate()).add(1, 'month').startOf('month').add(21, 'days').toDate();\n    const numberOfDaysForMaxOffset = moment(programEncounter.getRealEventDate()).endOf('month').diff(moment(programEncounter.getRealEventDate()).add(1, 'month').startOf('month'), 'days');\n\n    visitScheduleBuilder.add({\n      name: 'ANC GMP',\n      encounterType: \"ANC GMP\",\n      earliestDate: earliestDate,\n      maxDate: numberOfDaysForMaxOffset\n    });\n  }\n\n  function ChildGMPMonthly() {\n    const earliestDate = moment(programEncounter.getRealEventDate()).add(1, 'month').startOf('month').add(21, 'days').toDate();\n    const numberOfDaysForMaxOffset = moment(programEncounter.getRealEventDate()).endOf('month').diff(moment(programEncounter.getRealEventDate()).add(1, 'month').startOf('month'), 'days');\n\n    visitScheduleBuilder.add({\n      name: 'Child GMP',\n      encounterType: \"Anthropometry Assessment\",\n      earliestDate: earliestDate,\n      maxDate: numberOfDaysForMaxOffset\n    });\n  }\n\n  function PregnancyPostPostAbortionVisits() {\n    let numberOfPostAbortionEncounters = programEncounter.programEnrolment.numberOfEncountersOfType('Post abortion home visit');\n\n    if (numberOfPostAbortionEncounters < 3) {\n      let earliestDate = numberOfPostAbortionEncounters > 1 ?\n        moment(programEncounter.getRealEventDate()).add(14, 'days').toDate() :\n        moment(programEncounter.getRealEventDate()).add(7, 'days').toDate();\n\n      let name = numberOfPostAbortionEncounters > 1 ?\n        'Third post abortion home visit' :\n        'Second post abortion home visit';\n\n      let maxDate = moment(earliestDate).add(7, 'days').toDate();\n\n      visitScheduleBuilder.add({\n        name: name,\n        encounterType: \"Post abortion home visit\",\n        earliestDate: earliestDate,\n        maxDate: maxDate\n      });\n    }\n  }\n\n  const postVisitMap = {\n    \"Child Home Visit\": ChildPostHomeVisitVisits,\n    \"Mother Home Visit\": MotherPostHomeVisitVisits,\n    \"ANC Home Visit\": PregnancyPostANCHomeVisitVisits,\n    \"ANC GMP\": PregnancyPostAncGmpVisits,\n    \"Anthropometry Assessment\": ChildGMPMonthly,\n    \"Post abortion home visit\": PregnancyPostPostAbortionVisits\n  };\n\n  let visitCancelReason = new imports.rulesConfig.RuleCondition({ programEncounter }).when.valueInCancelEncounter(\"739f9a56-c02c-4f81-927b-69842d78c1e8\").containsAnswerConceptName(\"51dfd71b-1b06-4477-9ca3-f88acbafc0db\").matches();\n  \n  if (visitCancelReason) {\n    return visitScheduleBuilder.getAll();\n  }\n\n  let postVisit = postVisitMap[programEncounter.encounterType.name];\n  \n  if (postVisit) {\n    postVisit();\n  }\n  \n  return visitScheduleBuilder.getAll();\n};",
  "validationRule" : "",
  "checklistsRule" : "",
  "decisionConcepts" : [ ]
}