{
  "name" : "Doctor Visit Followup at Home",
  "uuid" : "db80ea16-8538-41ca-bd6a-53abc9be088b",
  "formType" : "ProgramEncounter",
  "formElementGroups" : [ {
    "uuid" : "5a6b6e4b-2dd1-44ab-835e-9ee0d0c2474f",
    "name" : "Followup Information",
    "displayOrder" : 1.0,
    "display" : "Followup Information",
    "formElements" : [ {
      "name" : "Is the patient taking the prescribed medicine?",
      "uuid" : "8a456510-3748-4229-8b48-aec64c3d0410",
      "keyValues" : [ ],
      "concept" : {
        "name" : "Patient taking medicines as prescribed",
        "uuid" : "e6afc39f-33d3-43f9-8654-47eafac05d1f",
        "dataType" : "Coded",
        "answers" : [ {
          "name" : "SOME of the prescribed medicines",
          "uuid" : "47f0bff2-bf52-4e13-bbaa-5db2b5aff021",
          "dataType" : "NA",
          "answers" : [ ],
          "order" : 2.0,
          "active" : true
        }, {
          "name" : "ALL of the prescribed medicines",
          "uuid" : "0ddcfa9a-a193-4bd4-a52b-c42f851dff90",
          "dataType" : "NA",
          "answers" : [ ],
          "order" : 1.0,
          "active" : true
        }, {
          "name" : "NONE of the prescribed medicines",
          "uuid" : "fac8bfbc-87af-4a3c-8015-b1e8f6efda93",
          "dataType" : "NA",
          "answers" : [ ],
          "order" : 3.0,
          "active" : true
        } ],
        "active" : true
      },
      "displayOrder" : 1.0,
      "type" : "SingleSelect",
      "mandatory" : false
    }, {
      "name" : "Why is the patient taking only some of the prescribed medicines?",
      "uuid" : "49d3cd30-36ef-4b0b-a986-31211ada22b4",
      "keyValues" : [ ],
      "concept" : {
        "name" : "Reasons for patient taking only some of the prescribed medicines",
        "uuid" : "deb87336-2717-4871-b46f-b65fa69c9552",
        "dataType" : "Coded",
        "answers" : [ {
          "name" : "Did not want to buy all the prescribed medicines",
          "uuid" : "29cdf797-df0f-4032-ad47-1da44156e906",
          "dataType" : "NA",
          "answers" : [ ],
          "order" : 3.0,
          "active" : true
        }, {
          "name" : "Other",
          "uuid" : "05ea583c-51d2-412d-ad00-06c432ffe538",
          "dataType" : "NA",
          "answers" : [ ],
          "order" : 5.0,
          "active" : true
        }, {
          "name" : "Could not afford to buy medicines",
          "uuid" : "cc50891b-2664-43d1-bf2c-bb73e712e2d0",
          "dataType" : "NA",
          "answers" : [ ],
          "order" : 4.0,
          "active" : true
        }, {
          "name" : "Did not have time to buy all the prescribed medicines",
          "uuid" : "a594a75d-0cec-437e-b2b0-59680c5e5007",
          "dataType" : "NA",
          "answers" : [ ],
          "order" : 2.0,
          "active" : true
        }, {
          "name" : "Other reasons for taking only some prescribed medicines",
          "uuid" : "fba49ad0-cb8f-4bc9-b709-370c49e801a3",
          "dataType" : "Text",
          "answers" : [ ],
          "order" : 1.0,
          "active" : true
        }, {
          "name" : "Took some of the medicines and felt improved",
          "uuid" : "59e10213-4220-45f0-9adc-5c315b8188b2",
          "dataType" : "NA",
          "answers" : [ ],
          "order" : 1.0,
          "active" : true
        } ],
        "active" : true
      },
      "displayOrder" : 2.0,
      "type" : "SingleSelect",
      "mandatory" : false
    }, {
      "name" : "Other reasons for taking only some prescribed medicines",
      "uuid" : "f4847c7f-9593-4d4c-b123-59bbee581d0e",
      "keyValues" : [ ],
      "concept" : {
        "name" : "Other reasons for taking only some prescribed medicines",
        "uuid" : "fba49ad0-cb8f-4bc9-b709-370c49e801a3",
        "dataType" : "Text",
        "answers" : [ ],
        "active" : true
      },
      "displayOrder" : 3.0,
      "type" : "SingleSelect",
      "mandatory" : false
    }, {
      "name" : "For all medicines the patient is taking, is the patient taking the medicine correctly? (Check yes if patient is taking the correct dose and completing the full course of the medicine)",
      "uuid" : "4aec16b4-226f-4fc4-b2af-74d722110b67",
      "keyValues" : [ ],
      "concept" : {
        "name" : "Patient taking correct dose of medicine and completing course fully",
        "uuid" : "e9ab26e2-9285-4206-9bec-0f030e7af662",
        "dataType" : "Coded",
        "answers" : [ {
          "name" : "No",
          "uuid" : "e7b50c78-3d90-484d-a224-9887887780dc",
          "dataType" : "NA",
          "answers" : [ ],
          "order" : 2.0,
          "active" : true
        }, {
          "name" : "Yes",
          "uuid" : "04bb1773-c353-44a1-a68c-9b448e07ff70",
          "dataType" : "NA",
          "answers" : [ ],
          "order" : 1.0,
          "active" : true
        } ],
        "active" : true
      },
      "displayOrder" : 4.0,
      "type" : "SingleSelect",
      "mandatory" : false
    }, {
      "name" : "In what way is the patient taking their medicine incorrectly? (Please encourage patient to take their medicine correctly)",
      "uuid" : "60642a4d-0cc0-47d3-be15-1aa066b02b70",
      "keyValues" : [ ],
      "concept" : {
        "name" : "Incorrect way patient is taking medicine",
        "uuid" : "dd22131d-100c-4d96-bc5a-475392adde28",
        "dataType" : "Coded",
        "answers" : [ {
          "name" : "Taking the medicine but not according to the treatment guidelines",
          "uuid" : "da248b09-3e05-4561-abeb-e8aba846f60f",
          "dataType" : "NA",
          "answers" : [ ],
          "order" : 2.0,
          "active" : true
        }, {
          "name" : "Stopped taking the medicine before completing the full treatment course",
          "uuid" : "f2ea839d-9340-4899-9860-ae9107ae3eaf",
          "dataType" : "NA",
          "answers" : [ ],
          "order" : 1.0,
          "active" : true
        } ],
        "active" : true
      },
      "displayOrder" : 5.0,
      "type" : "SingleSelect",
      "mandatory" : false
    }, {
      "name" : "Was an outside doctor consulted?",
      "uuid" : "76a69007-dea0-493f-b930-c81b4a096f2a",
      "keyValues" : [ ],
      "concept" : {
        "name" : "Outside doctor consulted",
        "uuid" : "9c758a95-24f0-4bf9-86b9-70a412991efb",
        "dataType" : "Coded",
        "answers" : [ {
          "name" : "No",
          "uuid" : "e7b50c78-3d90-484d-a224-9887887780dc",
          "dataType" : "NA",
          "answers" : [ ],
          "order" : 2.0,
          "active" : true
        }, {
          "name" : "Yes",
          "uuid" : "04bb1773-c353-44a1-a68c-9b448e07ff70",
          "dataType" : "NA",
          "answers" : [ ],
          "order" : 1.0,
          "active" : true
        } ],
        "active" : true
      },
      "displayOrder" : 6.0,
      "type" : "SingleSelect",
      "mandatory" : false
    }, {
      "name" : "Is patient taking any medicine beyond the prescribed medicine?",
      "uuid" : "bdee37e6-025d-4fa0-8bd2-1bb21d789096",
      "keyValues" : [ ],
      "concept" : {
        "name" : "Patient taking other than prescribed medicines",
        "uuid" : "49c80501-adc9-4a81-8a7a-c5783fac4f01",
        "dataType" : "Coded",
        "answers" : [ {
          "name" : "Yes",
          "uuid" : "04bb1773-c353-44a1-a68c-9b448e07ff70",
          "dataType" : "NA",
          "answers" : [ ],
          "order" : 1.0,
          "active" : true
        }, {
          "name" : "No",
          "uuid" : "e7b50c78-3d90-484d-a224-9887887780dc",
          "dataType" : "NA",
          "answers" : [ ],
          "order" : 2.0,
          "active" : true
        } ],
        "active" : true
      },
      "displayOrder" : 7.0,
      "type" : "SingleSelect",
      "mandatory" : false
    }, {
      "name" : "Names of non prescribed medicines being taken",
      "uuid" : "927a8003-e33c-48cd-93e2-f0842b75a0a9",
      "keyValues" : [ ],
      "concept" : {
        "name" : "Names of non-prescribed medicines being taken",
        "uuid" : "55b03a4a-0546-400e-a9ba-e6afe6a61267",
        "dataType" : "Text",
        "answers" : [ ],
        "active" : true
      },
      "displayOrder" : 8.0,
      "type" : "SingleSelect",
      "mandatory" : false
    }, {
      "name" : "Was the patient referred to the hospital during their visit to our clinic?",
      "uuid" : "0cc0d268-6e7e-4a2f-b394-430f15baf481",
      "keyValues" : [ ],
      "concept" : {
        "name" : "Was patient referred to the hospital during their visit to clinic?",
        "uuid" : "0d4f3fb2-cf02-4041-8674-7422d0688b6e",
        "dataType" : "Coded",
        "answers" : [ {
          "name" : "Yes",
          "uuid" : "04bb1773-c353-44a1-a68c-9b448e07ff70",
          "dataType" : "NA",
          "answers" : [ ],
          "order" : 1.0,
          "active" : true
        }, {
          "name" : "No",
          "uuid" : "e7b50c78-3d90-484d-a224-9887887780dc",
          "dataType" : "NA",
          "answers" : [ ],
          "order" : 2.0,
          "active" : true
        } ],
        "active" : true
      },
      "displayOrder" : 9.0,
      "type" : "SingleSelect",
      "mandatory" : false
    }, {
      "name" : "Why was the patient referred to the hospital?",
      "uuid" : "78adc4c9-ed30-4963-8919-8436c71de4b7",
      "keyValues" : [ ],
      "concept" : {
        "name" : "Reasons for patient referral to hospital",
        "uuid" : "9598b758-b8dd-4609-b891-1216596c8cfc",
        "dataType" : "Text",
        "answers" : [ ],
        "active" : true
      },
      "displayOrder" : 10.0,
      "type" : "SingleSelect",
      "mandatory" : false
    }, {
      "name" : "Did patient take referral advice and go to hospital?",
      "uuid" : "10891ad2-c7f7-41d6-a6b8-7e6dd90294e4",
      "keyValues" : [ ],
      "concept" : {
        "name" : "Patient went to hospital on referral advice",
        "uuid" : "4ff3e6b8-eedb-491b-a94c-57825bc52e2b",
        "dataType" : "Coded",
        "answers" : [ {
          "name" : "Yes",
          "uuid" : "04bb1773-c353-44a1-a68c-9b448e07ff70",
          "dataType" : "NA",
          "answers" : [ ],
          "order" : 1.0,
          "active" : true
        }, {
          "name" : "No",
          "uuid" : "e7b50c78-3d90-484d-a224-9887887780dc",
          "dataType" : "NA",
          "answers" : [ ],
          "order" : 2.0,
          "active" : true
        } ],
        "active" : true
      },
      "displayOrder" : 11.0,
      "type" : "SingleSelect",
      "mandatory" : false
    }, {
      "name" : "Patient didn't go to hospital as per referral advice because?",
      "uuid" : "756ce27e-e6e5-40b5-a71e-8d1a654d9b71",
      "keyValues" : [ ],
      "concept" : {
        "name" : "Reason patient didn't go to hospital as per referral advice",
        "uuid" : "67d175bb-0c6e-47e1-b272-4b103cd208fa",
        "dataType" : "Coded",
        "answers" : [ {
          "name" : "Has fully improved",
          "uuid" : "1aa2ef9a-24c5-40b8-83d7-c9a3dc00c4ec",
          "dataType" : "NA",
          "answers" : [ ],
          "order" : 1.0,
          "active" : true
        }, {
          "name" : "Didn’t have time",
          "uuid" : "1d045d57-062f-4ccd-8e8a-6541738b43a2",
          "dataType" : "NA",
          "answers" : [ ],
          "order" : 2.0,
          "active" : true
        }, {
          "name" : "Refuses to go",
          "uuid" : "e3851e20-fa3b-47dc-89d4-3fb8bdcb4da0",
          "dataType" : "NA",
          "answers" : [ ],
          "order" : 3.0,
          "active" : true
        } ],
        "active" : true
      },
      "displayOrder" : 12.0,
      "type" : "SingleSelect",
      "mandatory" : false
    }, {
      "name" : "Improvement in patient",
      "uuid" : "3c83b2c0-0827-400f-ab4a-f8e8de268178",
      "keyValues" : [ ],
      "concept" : {
        "name" : "Improvement in patient",
        "uuid" : "dcbfccc2-6209-4000-85dd-49bc0c241ca4",
        "dataType" : "Coded",
        "answers" : [ {
          "name" : "Should revisit doctor",
          "uuid" : "5dffeb7b-d271-465d-a3e2-fef3463f4199",
          "dataType" : "NA",
          "answers" : [ ],
          "order" : 2.0,
          "active" : true
        }, {
          "name" : "Improving/ has fully improved",
          "uuid" : "f247de9e-a6cf-444b-a2e8-d60a6d0b7fc6",
          "dataType" : "NA",
          "answers" : [ ],
          "order" : 1.0,
          "active" : true
        }, {
          "name" : "Should visit the hospital",
          "uuid" : "dec0d1a6-2200-42bc-89cb-f395f8cc66f8",
          "dataType" : "NA",
          "answers" : [ ],
          "order" : 3.0,
          "active" : true
        }, {
          "name" : "Is improving/ has fully improved from this health issue but should visit the doctor for a new health issue",
          "uuid" : "90b81764-1d81-4b20-8958-3388246cd5ba",
          "dataType" : "NA",
          "answers" : [ ],
          "order" : 4.0,
          "active" : true
        } ],
        "active" : true
      },
      "displayOrder" : 13.0,
      "type" : "SingleSelect",
      "mandatory" : false
    } ],
    "timed" : false
  }, {
    "uuid" : "888a6ad9-fd6d-496d-ac6b-ea00450a7604",
    "name" : "Pregnancy",
    "displayOrder" : 2.0,
    "display" : "Pregnancy",
    "formElements" : [ {
      "name" : "Do you want to keep your child?",
      "uuid" : "ba8ac268-6940-492b-b2e3-3f5bd15a77b3",
      "keyValues" : [ ],
      "concept" : {
        "name" : "Do you want to keep your child?",
        "uuid" : "cb5ec484-9ff3-4cc0-b468-9a7560dcffce",
        "dataType" : "Coded",
        "answers" : [ {
          "name" : "NA",
          "uuid" : "4d476011-7fc4-432b-98c0-9f6f1847cf39",
          "dataType" : "NA",
          "answers" : [ ],
          "order" : 3.0,
          "active" : true
        }, {
          "name" : "Yes",
          "uuid" : "04bb1773-c353-44a1-a68c-9b448e07ff70",
          "dataType" : "NA",
          "answers" : [ ],
          "order" : 1.0,
          "active" : true
        }, {
          "name" : "No",
          "uuid" : "e7b50c78-3d90-484d-a224-9887887780dc",
          "dataType" : "NA",
          "answers" : [ ],
          "order" : 2.0,
          "active" : true
        } ],
        "active" : true
      },
      "displayOrder" : 1.0,
      "type" : "SingleSelect",
      "mandatory" : true
    }, {
      "name" : "Encourage woman to register her pregnancy in office",
      "uuid" : "6f232cea-6ed4-4203-82f2-fa52d772bd32",
      "keyValues" : [ ],
      "concept" : {
        "name" : "Placeholder for counselling form element",
        "uuid" : "b4e5a662-97bf-4846-b9b7-9baeab4d89c4",
        "dataType" : "Coded",
        "answers" : [ {
          "name" : "Yes",
          "uuid" : "04bb1773-c353-44a1-a68c-9b448e07ff70",
          "dataType" : "NA",
          "answers" : [ ],
          "order" : 0.0,
          "active" : true
        } ],
        "active" : true
      },
      "displayOrder" : 2.0,
      "type" : "MultiSelect",
      "mandatory" : false
    }, {
      "name" : "Do you plan to go to a hospital to pursue an abortion?",
      "uuid" : "d07660a5-deff-4ccf-8be8-d8c3397a714d",
      "keyValues" : [ ],
      "concept" : {
        "name" : "Do you plan to go to a hospital to pursue an abortion?",
        "uuid" : "f940c67b-9bc0-40af-aa9c-4d58b538926e",
        "dataType" : "Coded",
        "answers" : [ {
          "name" : "No",
          "uuid" : "e7b50c78-3d90-484d-a224-9887887780dc",
          "dataType" : "NA",
          "answers" : [ ],
          "order" : 2.0,
          "active" : true
        }, {
          "name" : "Yes",
          "uuid" : "04bb1773-c353-44a1-a68c-9b448e07ff70",
          "dataType" : "NA",
          "answers" : [ ],
          "order" : 1.0,
          "active" : true
        }, {
          "name" : "NA",
          "uuid" : "4d476011-7fc4-432b-98c0-9f6f1847cf39",
          "dataType" : "NA",
          "answers" : [ ],
          "order" : 3.0,
          "active" : true
        } ],
        "active" : true
      },
      "displayOrder" : 3.0,
      "type" : "SingleSelect",
      "mandatory" : true
    }, {
      "name" : "Counsel against home abortion kits and encourage to visit the hospital for an abortion",
      "uuid" : "3cb88e9a-2827-4f6c-9801-fb9581feaf5b",
      "keyValues" : [ ],
      "concept" : {
        "name" : "Placeholder for counselling form element",
        "uuid" : "b4e5a662-97bf-4846-b9b7-9baeab4d89c4",
        "dataType" : "Coded",
        "answers" : [ {
          "name" : "Yes",
          "uuid" : "04bb1773-c353-44a1-a68c-9b448e07ff70",
          "dataType" : "NA",
          "answers" : [ ],
          "order" : 0.0,
          "active" : true
        } ],
        "active" : true
      },
      "displayOrder" : 4.0,
      "type" : "MultiSelect",
      "mandatory" : false
    } ],
    "timed" : false
  } ],
  "decisionConcepts" : [ ]
}