{
  "name" : "Doctor visit",
  "uuid" : "b80646b2-b74e-415f-974c-f8f48d67b27e",
  "formType" : "ProgramEncounter",
  "formElementGroups" : [ {
    "uuid" : "dff30836-c5a9-4cf4-9538-65f01582f840",
    "name" : "Examination",
    "displayOrder" : 1.0,
    "display" : "Examination",
    "formElements" : [ {
      "name" : "Weight",
      "uuid" : "dadc1df3-d8ad-4790-8072-3d76313c97e9",
      "keyValues" : [ ],
      "concept" : {
        "name" : "Weight",
        "uuid" : "75b1656e-2777-4753-9612-ce03a766a5e1",
        "dataType" : "Numeric",
        "answers" : [ ],
        "lowAbsolute" : 0.0,
        "highAbsolute" : 300.0,
        "lowNormal" : 1.0,
        "highNormal" : 100.0,
        "active" : true
      },
      "displayOrder" : 1.0,
      "type" : "SingleSelect",
      "mandatory" : false
    }, {
      "name" : "Height",
      "uuid" : "68d55ffb-d091-408f-abd6-ad1eaa2087ab",
      "keyValues" : [ ],
      "concept" : {
        "name" : "Height",
        "uuid" : "d883d5fe-e17d-4136-b989-089fa0295e34",
        "dataType" : "Numeric",
        "answers" : [ ],
        "lowAbsolute" : 20.0,
        "highAbsolute" : 300.0,
        "lowNormal" : 30.0,
        "highNormal" : 200.0,
        "active" : true
      },
      "displayOrder" : 2.0,
      "type" : "SingleSelect",
      "mandatory" : false
    }, {
      "name" : "BMI",
      "uuid" : "1e253176-dc52-4a91-a5e1-783279151a9c",
      "keyValues" : [ {
        "key" : "editable",
        "value" : false
      } ],
      "concept" : {
        "name" : "BMI",
        "uuid" : "7ac0d759-c50d-4971-88e0-84274224c839",
        "dataType" : "Numeric",
        "answers" : [ ],
        "lowNormal" : 18.5,
        "highNormal" : 24.9,
        "active" : true
      },
      "displayOrder" : 3.0,
      "type" : "SingleSelect",
      "mandatory" : false
    }, {
      "name" : "Temperature",
      "uuid" : "9042d2dc-929c-45a1-ba50-7362173720d5",
      "keyValues" : [ ],
      "concept" : {
        "name" : "Temperature",
        "uuid" : "e6edb61c-c3d9-44c8-abf7-4fd09fe39ec9",
        "dataType" : "Numeric",
        "answers" : [ ],
        "lowNormal" : 97.0,
        "highNormal" : 99.0,
        "active" : true
      },
      "displayOrder" : 4.0,
      "type" : "SingleSelect",
      "mandatory" : false
    }, {
      "name" : "Systolic",
      "uuid" : "2e44eee8-a146-420d-80d3-8cc2a4bf911f",
      "keyValues" : [ ],
      "concept" : {
        "name" : "Systolic",
        "uuid" : "2a04bf88-6346-4eda-a86c-8a2afc011b22",
        "dataType" : "Numeric",
        "answers" : [ ],
        "lowAbsolute" : 20.0,
        "highAbsolute" : 190.0,
        "lowNormal" : 90.0,
        "highNormal" : 140.0,
        "active" : true
      },
      "displayOrder" : 5.0,
      "type" : "SingleSelect",
      "mandatory" : false
    }, {
      "name" : "Diastolic",
      "uuid" : "b47d6f7e-8200-4eeb-87d0-a5558643baa3",
      "keyValues" : [ ],
      "concept" : {
        "name" : "Diastolic",
        "uuid" : "1e2d41a2-5b6a-4ad7-ab91-51d3cdf122bd",
        "dataType" : "Numeric",
        "answers" : [ ],
        "lowAbsolute" : 10.0,
        "highAbsolute" : 120.0,
        "lowNormal" : 50.0,
        "highNormal" : 90.0,
        "active" : true
      },
      "displayOrder" : 6.0,
      "type" : "SingleSelect",
      "mandatory" : false
    }, {
      "name" : "Nutrients",
      "uuid" : "bd4f8a7b-9b36-4c44-a4ce-ef35a629784e",
      "keyValues" : [ ],
      "concept" : {
        "name" : "Nutrients",
        "uuid" : "e1754fdb-1015-4d9e-a6e1-3b9dc8fc0317",
        "dataType" : "Coded",
        "answers" : [ {
          "name" : "Iron",
          "uuid" : "e5a11f2d-85c7-475c-99f9-4057005d172d",
          "dataType" : "Coded",
          "answers" : [ {
            "name" : "Yes",
            "uuid" : "04bb1773-c353-44a1-a68c-9b448e07ff70",
            "dataType" : "NA",
            "answers" : [ ],
            "order" : 1.0,
            "active" : true
          }, {
            "name" : "No",
            "uuid" : "e7b50c78-3d90-484d-a224-9887887780dc",
            "dataType" : "NA",
            "answers" : [ ],
            "order" : 2.0,
            "active" : true
          } ],
          "order" : 2.0,
          "active" : true
        }, {
          "name" : "Vitamin intake",
          "uuid" : "78509061-12c1-480f-9ed3-2a5b4b02e6d7",
          "dataType" : "Coded",
          "answers" : [ {
            "name" : "No",
            "uuid" : "e7b50c78-3d90-484d-a224-9887887780dc",
            "dataType" : "NA",
            "answers" : [ ],
            "order" : 2.0,
            "active" : true
          }, {
            "name" : "Yes",
            "uuid" : "04bb1773-c353-44a1-a68c-9b448e07ff70",
            "dataType" : "NA",
            "answers" : [ ],
            "order" : 1.0,
            "active" : true
          } ],
          "order" : 1.0,
          "active" : true
        }, {
          "name" : "Calcium",
          "uuid" : "f16747ff-2a3d-4878-90cd-8f21e3fb59b9",
          "dataType" : "Coded",
          "answers" : [ {
            "name" : "Yes",
            "uuid" : "04bb1773-c353-44a1-a68c-9b448e07ff70",
            "dataType" : "NA",
            "answers" : [ ],
            "order" : 1.0,
            "active" : true
          }, {
            "name" : "No",
            "uuid" : "e7b50c78-3d90-484d-a224-9887887780dc",
            "dataType" : "NA",
            "answers" : [ ],
            "order" : 2.0,
            "active" : true
          } ],
          "order" : 3.0,
          "active" : true
        } ],
        "active" : true
      },
      "displayOrder" : 7.0,
      "type" : "MultiSelect",
      "mandatory" : false
    } ],
    "timed" : false
  }, {
    "uuid" : "f74ca395-08e7-43f5-b657-f4e86ff00a54",
    "name" : "Assessment",
    "displayOrder" : 2.0,
    "display" : "Assessment",
    "formElements" : [ {
      "name" : "Health Problem / Classification",
      "uuid" : "6c38638e-0819-4bd9-a673-f914afbe59f2",
      "keyValues" : [ ],
      "concept" : {
        "name" : "Health problem / Classification",
        "uuid" : "4771de9a-2fe1-4be8-8d8f-a0fded63b9b5",
        "dataType" : "Coded",
        "answers" : [ {
          "name" : "Respiratory",
          "uuid" : "b1c58306-0535-4cc6-b231-8a0c9c002f9a",
          "dataType" : "NA",
          "answers" : [ ],
          "order" : 15.0,
          "active" : true
        }, {
          "name" : "Nutritional deficiency",
          "uuid" : "18ee1769-8b8c-43a1-8bef-53d6d6156e28",
          "dataType" : "NA",
          "answers" : [ ],
          "order" : 13.0,
          "active" : true
        }, {
          "name" : "Dermatological",
          "uuid" : "657f0174-ef68-4154-914e-6866f638faf2",
          "dataType" : "NA",
          "answers" : [ ],
          "order" : 2.0,
          "active" : true
        }, {
          "name" : "Neurological",
          "uuid" : "5df74cd2-f532-4ec4-af04-f1b5ccad9b94",
          "dataType" : "NA",
          "answers" : [ ],
          "order" : 12.0,
          "active" : true
        }, {
          "name" : "Pregnancy",
          "uuid" : "adc37af2-06c1-4adf-9f10-0e121b8a49b8",
          "dataType" : "NA",
          "answers" : [ ],
          "order" : 10.0,
          "active" : true
        }, {
          "name" : "Infectious disease",
          "uuid" : "b500ef26-f5ce-475b-be51-acf603636d76",
          "dataType" : "NA",
          "answers" : [ ],
          "order" : 9.0,
          "active" : true
        }, {
          "name" : "Fever",
          "uuid" : "0b7f3334-f81e-4d84-a13d-b35011e34456",
          "dataType" : "NA",
          "answers" : [ ],
          "order" : 1.0,
          "active" : true
        }, {
          "name" : "General trauma / burn",
          "uuid" : "79b29375-73fe-4e85-bc08-719fc4891120",
          "dataType" : "NA",
          "answers" : [ ],
          "order" : 7.0,
          "active" : true
        }, {
          "name" : "Other",
          "uuid" : "05ea583c-51d2-412d-ad00-06c432ffe538",
          "dataType" : "NA",
          "answers" : [ ],
          "order" : 16.0,
          "active" : true
        }, {
          "name" : "Ophthalmic infection /allergy",
          "uuid" : "f29a383f-fdbe-40d8-9521-74306ad888cd",
          "dataType" : "NA",
          "answers" : [ ],
          "order" : 14.0,
          "active" : true
        }, {
          "name" : "Congenital or developmental",
          "uuid" : "4fae5191-c85b-4a01-b655-a36170c03762",
          "dataType" : "NA",
          "answers" : [ ],
          "order" : 1.0,
          "active" : true
        }, {
          "name" : "Fever of unknown origin or rash)",
          "uuid" : "ea48b732-da83-4210-b152-1152fa55342f",
          "dataType" : "NA",
          "answers" : [ ],
          "order" : 5.0,
          "active" : true
        }, {
          "name" : "Childbirth / Puerperium",
          "uuid" : "6cf65a9d-a358-458b-aef2-df44c164b9ea",
          "dataType" : "NA",
          "answers" : [ ],
          "order" : 11.0,
          "active" : true
        }, {
          "name" : "Endocrinological disorder",
          "uuid" : "2a2608bf-ea5a-4d9e-b161-a876673d8b53",
          "dataType" : "NA",
          "answers" : [ ],
          "order" : 3.0,
          "active" : true
        }, {
          "name" : "ENT",
          "uuid" : "8297bab2-b6d6-4bdd-8e26-df7d5d3c94fa",
          "dataType" : "NA",
          "answers" : [ ],
          "order" : 4.0,
          "active" : true
        }, {
          "name" : "Genitourinary",
          "uuid" : "b2e7ecc1-7b0a-4961-b419-c8e2c841d94b",
          "dataType" : "NA",
          "answers" : [ ],
          "order" : 8.0,
          "active" : true
        }, {
          "name" : "Gastrointestinal",
          "uuid" : "bdd57514-539e-4df9-b433-dbba76207aef",
          "dataType" : "NA",
          "answers" : [ ],
          "order" : 6.0,
          "active" : true
        } ],
        "active" : true
      },
      "displayOrder" : 1.0,
      "type" : "MultiSelect",
      "mandatory" : false
    }, {
      "name" : "Other health problem / classification",
      "uuid" : "3b3bb3a7-00d3-4988-bc99-285d4c15d436",
      "keyValues" : [ ],
      "concept" : {
        "name" : "Other health problem / classification",
        "uuid" : "687e183e-2026-49cc-ba21-783695c313e6",
        "dataType" : "Text",
        "answers" : [ ],
        "active" : true
      },
      "displayOrder" : 2.0,
      "type" : "SingleSelect",
      "mandatory" : true
    }, {
      "name" : "Chief complaint",
      "uuid" : "96074116-eef8-48b2-a98a-af28d977e760",
      "keyValues" : [ ],
      "concept" : {
        "name" : "Chief complaint",
        "uuid" : "6caeddd6-ffb4-4824-80cc-f7dbda85e9db",
        "dataType" : "Text",
        "answers" : [ ],
        "active" : true
      },
      "displayOrder" : 3.0,
      "type" : "SingleSelect",
      "mandatory" : false
    }, {
      "name" : "Pregnancy test",
      "uuid" : "d564cebb-0d0f-436c-a7a3-47c87607546f",
      "keyValues" : [ ],
      "concept" : {
        "name" : "Pregnancy test",
        "uuid" : "6716b050-420f-4234-953a-8385f06121f0",
        "dataType" : "Coded",
        "answers" : [ {
          "name" : "Negative",
          "uuid" : "ad1f0481-a8ed-411a-ac00-d0435a670269",
          "dataType" : "NA",
          "answers" : [ ],
          "order" : 2.0,
          "active" : true
        }, {
          "name" : "Positive",
          "uuid" : "479cd95a-54ef-4818-b84a-09b478fc68b8",
          "dataType" : "NA",
          "answers" : [ ],
          "order" : 1.0,
          "active" : true
        }, {
          "name" : "Yes",
          "uuid" : "04bb1773-c353-44a1-a68c-9b448e07ff70",
          "dataType" : "NA",
          "answers" : [ ],
          "order" : 1.0,
          "active" : true
        }, {
          "name" : "No",
          "uuid" : "e7b50c78-3d90-484d-a224-9887887780dc",
          "dataType" : "NA",
          "answers" : [ ],
          "order" : 2.0,
          "active" : true
        } ],
        "active" : true
      },
      "displayOrder" : 4.0,
      "type" : "SingleSelect",
      "mandatory" : false
    }, {
      "name" : "Assessment",
      "uuid" : "108031d6-fc88-48db-b3a8-a0617388dc35",
      "keyValues" : [ ],
      "concept" : {
        "name" : "Assessment - Notes",
        "uuid" : "7d50833d-4823-4ef2-be52-8b360e75598e",
        "dataType" : "Notes",
        "answers" : [ ],
        "active" : true
      },
      "displayOrder" : 5.0,
      "type" : "SingleSelect",
      "mandatory" : false
    }, {
      "name" : "Diagnosis",
      "uuid" : "dcfbb8dc-bbf8-47e2-9f9f-d1a001c7858f",
      "keyValues" : [ ],
      "concept" : {
        "name" : "Assessment - Diagnosis",
        "uuid" : "c4b3cee7-e338-4cc5-9027-d105495afbc5",
        "dataType" : "Text",
        "answers" : [ ],
        "active" : true
      },
      "displayOrder" : 6.0,
      "type" : "SingleSelect",
      "mandatory" : false
    }, {
      "name" : "Medicine & frequency",
      "uuid" : "e2ddcbf3-c6ad-440e-933f-860d11273968",
      "keyValues" : [ ],
      "concept" : {
        "name" : "Assessment - Medicine & frequency",
        "uuid" : "9e2f03e4-d504-406c-8da7-27eb33e2e298",
        "dataType" : "Notes",
        "answers" : [ ],
        "active" : true
      },
      "displayOrder" : 7.0,
      "type" : "SingleSelect",
      "mandatory" : false
    }, {
      "name" : "Lab tests advice",
      "uuid" : "bdd6a6dc-4d10-455f-8b96-4be9b05bbbcc",
      "keyValues" : [ ],
      "concept" : {
        "name" : "Assessment - Lab tests advice",
        "uuid" : "b4096b8d-7b81-4fb6-989c-4a02189c20b6",
        "dataType" : "Notes",
        "answers" : [ ],
        "active" : true
      },
      "displayOrder" : 8.0,
      "type" : "SingleSelect",
      "mandatory" : false
    }, {
      "name" : "Clinical advice",
      "uuid" : "83154650-974c-4c01-a5c0-5fef842ecfca",
      "keyValues" : [ ],
      "concept" : {
        "name" : "Assessment - Clinical advice",
        "uuid" : "f4b308d3-24a7-4f4a-b06c-bb5432ab989e",
        "dataType" : "Notes",
        "answers" : [ ],
        "active" : true
      },
      "displayOrder" : 9.0,
      "type" : "SingleSelect",
      "mandatory" : false
    }, {
      "name" : "Patient should visit hospital",
      "uuid" : "698fe375-6302-494a-87a2-7bc7ea9a01b3",
      "keyValues" : [ ],
      "concept" : {
        "name" : "Refer to hospital",
        "uuid" : "ab7ad316-6b8a-4860-be3f-16acf3bf707e",
        "dataType" : "Coded",
        "answers" : [ {
          "name" : "Yes",
          "uuid" : "04bb1773-c353-44a1-a68c-9b448e07ff70",
          "dataType" : "NA",
          "answers" : [ ],
          "order" : 1.0,
          "active" : true
        }, {
          "name" : "No",
          "uuid" : "e7b50c78-3d90-484d-a224-9887887780dc",
          "dataType" : "NA",
          "answers" : [ ],
          "order" : 2.0,
          "active" : true
        } ],
        "active" : true
      },
      "displayOrder" : 10.0,
      "type" : "SingleSelect",
      "mandatory" : false
    }, {
      "name" : "Follow up on",
      "uuid" : "530f2361-eff8-4d80-8178-03c378a1ae87",
      "keyValues" : [ ],
      "concept" : {
        "name" : "Followup date",
        "uuid" : "1aeda2b1-25e6-4f65-8225-e25293b08344",
        "dataType" : "Date",
        "answers" : [ ],
        "active" : true
      },
      "displayOrder" : 11.0,
      "type" : "SingleSelect",
      "mandatory" : false
    } ],
    "timed" : false
  }, {
    "uuid" : "ea453872-3961-44d8-885c-c3ec48fba6d9",
    "name" : "GPAL",
    "displayOrder" : 3.0,
    "display" : "GPAL",
    "formElements" : [ {
      "name" : "Gravida",
      "uuid" : "06a96023-fa83-4094-b8b1-b97cde08f09f",
      "keyValues" : [ ],
      "concept" : {
        "name" : "Gravida",
        "uuid" : "dc2c23e9-19ad-471f-81d1-213069ccc975",
        "dataType" : "Numeric",
        "answers" : [ ],
        "active" : true
      },
      "displayOrder" : 1.0,
      "type" : "SingleSelect",
      "validFormat" : {
        "regex" : "^[0-9]$",
        "descriptionKey" : "Required1Digit"
      },
      "mandatory" : false
    }, {
      "name" : "Para",
      "uuid" : "4a76e1c3-8ce2-4987-bb46-4a7c05ad99c0",
      "keyValues" : [ ],
      "concept" : {
        "name" : "Para",
        "uuid" : "62a1bac8-6bd8-4cb7-9482-97716928cfe8",
        "dataType" : "Numeric",
        "answers" : [ ],
        "active" : true
      },
      "displayOrder" : 2.0,
      "type" : "SingleSelect",
      "validFormat" : {
        "regex" : "^[0-9]$",
        "descriptionKey" : "Required1Digit"
      },
      "mandatory" : false
    }, {
      "name" : "Abortions",
      "uuid" : "b37226a9-bf02-4622-b116-d899db0499da",
      "keyValues" : [ ],
      "concept" : {
        "name" : "Abortions",
        "uuid" : "f8321cb3-df3b-4cec-92ae-8eed77c059e3",
        "dataType" : "Numeric",
        "answers" : [ ],
        "active" : true
      },
      "displayOrder" : 3.0,
      "type" : "SingleSelect",
      "validFormat" : {
        "regex" : "^[0-9]$",
        "descriptionKey" : "Required1Digit"
      },
      "mandatory" : false
    }, {
      "name" : "Living",
      "uuid" : "5765a3a5-7422-436a-b90f-86a9db1b000b",
      "keyValues" : [ ],
      "concept" : {
        "name" : "Number of living children",
        "uuid" : "b3e9c088-90ed-45d9-8c99-102d1bda66e1",
        "dataType" : "Numeric",
        "answers" : [ ],
        "lowAbsolute" : 0.0,
        "active" : true
      },
      "displayOrder" : 4.0,
      "type" : "SingleSelect",
      "validFormat" : {
        "regex" : "^[0-9]$",
        "descriptionKey" : "Required1Digit"
      },
      "mandatory" : false
    } ],
    "timed" : false
  }, {
    "uuid" : "6a7d31d4-199c-47b5-855f-51991ed9b9f8",
    "name" : "Notes",
    "displayOrder" : 4.0,
    "display" : "Notes",
    "formElements" : [ {
      "name" : "Notes",
      "uuid" : "da064550-1017-4171-9929-119c02b26b62",
      "keyValues" : [ ],
      "concept" : {
        "name" : "Checkup notes",
        "uuid" : "d658b4a4-8ec3-4eb7-9ef3-dd3a73ca29f9",
        "dataType" : "Notes",
        "answers" : [ ],
        "active" : true
      },
      "displayOrder" : 1.0,
      "type" : "SingleSelect",
      "mandatory" : false
    }, {
      "name" : "Doctor name",
      "uuid" : "962d6344-5b83-4e27-8c5f-2bcd726c2a36",
      "keyValues" : [ ],
      "concept" : {
        "name" : "Doctor's name",
        "uuid" : "c068248d-81cd-4f1e-922f-486be51312ad",
        "dataType" : "Text",
        "answers" : [ ],
        "active" : true
      },
      "displayOrder" : 2.0,
      "type" : "SingleSelect",
      "mandatory" : true
    } ],
    "timed" : false
  } ],
  "decisionRule" : "",
  "visitScheduleRule" : "",
  "validationRule" : "",
  "checklistsRule" : "",
  "decisionConcepts" : [ ]
}