{
  "name" : "Doctor visit followup at home cancel form",
  "uuid" : "0f72e14f-15c6-4293-b47c-af96b2fb7a79",
  "formType" : "ProgramEncounterCancellation",
  "formElementGroups" : [ {
    "uuid" : "003eb2ac-2384-4f3a-bdff-3b1d21448edb",
    "name" : "Cancel details",
    "displayOrder" : 1.0,
    "display" : "Cancel details",
    "formElements" : [ {
      "name" : "Cancel reason",
      "uuid" : "9ae4c3d7-4d0d-4a99-a5c9-e6f34126a691",
      "keyValues" : [ ],
      "concept" : {
        "name" : "Doctor visit follow up at home cancel reason",
        "uuid" : "ea775008-ee3f-48f0-9591-4a73783958cb",
        "dataType" : "Coded",
        "answers" : [ {
          "name" : "Not interested to follow up",
          "uuid" : "57e4d44d-0c60-485a-bc63-0fe335b39bd1",
          "dataType" : "NA",
          "answers" : [ ],
          "order" : 4.0,
          "active" : true
        }, {
          "name" : "Patient is improved",
          "uuid" : "0b145b64-eb3e-468e-bf12-cc584546db80",
          "dataType" : "NA",
          "answers" : [ ],
          "order" : 1.0,
          "active" : true
        }, {
          "name" : "Away from Fakir Bagan",
          "uuid" : "36b718bd-ea66-4a35-9f48-a8a2655363ad",
          "dataType" : "NA",
          "answers" : [ ],
          "order" : 3.0,
          "active" : true
        }, {
          "name" : "Visited other doctor",
          "uuid" : "63a6e7bc-fae1-4968-9256-7f664885cf9f",
          "dataType" : "NA",
          "answers" : [ ],
          "order" : 2.0,
          "active" : true
        }, {
          "name" : "Other",
          "uuid" : "05ea583c-51d2-412d-ad00-06c432ffe538",
          "dataType" : "NA",
          "answers" : [ ],
          "order" : 5.0,
          "active" : true
        } ],
        "active" : true
      },
      "displayOrder" : 1.0,
      "type" : "SingleSelect",
      "mandatory" : true
    }, {
      "name" : "Other, please specify",
      "uuid" : "096785db-eba6-4a30-b6d3-8f75c38a7259",
      "keyValues" : [ ],
      "concept" : {
        "name" : "Other reason for Doctor visit follow up at home cancel",
        "uuid" : "4bacab85-c837-430c-ae0c-e7a2f9f6de84",
        "dataType" : "Text",
        "answers" : [ ],
        "active" : true
      },
      "displayOrder" : 2.0,
      "type" : "SingleSelect",
      "mandatory" : true
    } ],
    "timed" : false
  } ],
  "decisionConcepts" : [ ]
}