{
  "name" : "Exit",
  "uuid" : "1d9501a3-40f3-41dc-81da-2d13fabc5898",
  "formType" : "ProgramExit",
  "formElementGroups" : [ {
    "uuid" : "624a5a73-05b1-4ac8-b445-77e227fbf78d",
    "name" : "Exit Basic Details",
    "displayOrder" : 1.0,
    "display" : "Basic Details",
    "formElements" : [ {
      "name" : "Reason for exit",
      "uuid" : "146808b6-4c97-4bf4-bb16-83940c5b4917",
      "keyValues" : [ ],
      "concept" : {
        "name" : "Reason for exit",
        "uuid" : "9f815b72-4b4a-4210-a69f-a925d2baae1d",
        "dataType" : "Coded",
        "answers" : [ {
          "name" : "Death",
          "uuid" : "afff87d7-4c40-4dd4-9bf7-8e5d9adb3b83",
          "dataType" : "NA",
          "answers" : [ ],
          "order" : 2.0,
          "abnormal" : true,
          "active" : true
        }, {
          "name" : "Shifted to other geographical area",
          "uuid" : "ca01f2cf-6479-44cf-9d43-ad428c82f9a6",
          "dataType" : "NA",
          "answers" : [ ],
          "order" : 1.0,
          "abnormal" : true,
          "active" : true
        }, {
          "name" : "Other",
          "uuid" : "05ea583c-51d2-412d-ad00-06c432ffe538",
          "dataType" : "NA",
          "answers" : [ ],
          "order" : 4.0,
          "active" : true
        }, {
          "name" : "Completion",
          "uuid" : "f63a0122-8156-4956-a29c-c0722ff22a89",
          "dataType" : "NA",
          "answers" : [ ],
          "order" : 3.0,
          "active" : true
        } ],
        "active" : true
      },
      "displayOrder" : 1.0,
      "type" : "SingleSelect",
      "mandatory" : true
    }, {
      "name" : "Date of Death",
      "uuid" : "2c77c31b-9bef-4c03-9d6c-ab63ff2c099e",
      "keyValues" : [ ],
      "concept" : {
        "name" : "Date of Death",
        "uuid" : "8cb6e1ec-37cf-4563-8ce9-30b943664182",
        "dataType" : "Date",
        "answers" : [ ],
        "active" : true
      },
      "displayOrder" : 2.0,
      "type" : "SingleSelect",
      "mandatory" : true
    }, {
      "name" : "Cause of Death",
      "uuid" : "0148a5b7-a213-4009-b8f5-4005344a43ca",
      "keyValues" : [ ],
      "concept" : {
        "name" : "Cause of person's death",
        "uuid" : "305ed0d7-1e58-45e2-8643-6d58e7ec4a49",
        "dataType" : "Text",
        "answers" : [ ],
        "active" : true
      },
      "displayOrder" : 3.0,
      "type" : "SingleSelect",
      "mandatory" : true
    }, {
      "name" : "Place of Death",
      "uuid" : "35c7ca46-13d3-4391-8935-72bf64b725a5",
      "keyValues" : [ ],
      "concept" : {
        "name" : "Place of child's death",
        "uuid" : "0ae4649b-c1ba-41ee-86e3-3911ae6c87db",
        "dataType" : "Text",
        "answers" : [ ],
        "active" : true
      },
      "displayOrder" : 4.0,
      "type" : "SingleSelect",
      "mandatory" : false
    }, {
      "name" : "Other reason (Please specify)",
      "uuid" : "e9370a43-07f2-4b0b-98e5-e4094823918c",
      "keyValues" : [ ],
      "concept" : {
        "name" : "Other reason for Program exit",
        "uuid" : "d91a3041-3c1b-440d-9c54-a3c40b6dbff5",
        "dataType" : "Text",
        "answers" : [ ],
        "active" : true
      },
      "displayOrder" : 5.0,
      "type" : "SingleSelect",
      "mandatory" : true
    } ],
    "timed" : false
  } ],
  "decisionConcepts" : [ ]
}