{
  "name" : "Home Visit",
  "uuid" : "35aa9007-fe7a-4a59-b985-0a1c038df889",
  "formType" : "ProgramEncounter",
  "formElementGroups" : [ {
    "uuid" : "10e71011-999a-4854-9db5-9fe38baa9716",
    "name" : "Breast feeding",
    "displayOrder" : 1.0,
    "display" : "Breast feeding",
    "formElements" : [ {
      "name" : "Are you still breast feeding your child?",
      "uuid" : "026bd129-eb76-4e40-a215-9b76bf87516e",
      "keyValues" : [ ],
      "concept" : {
        "name" : "Are you still breast feeding your child?",
        "uuid" : "9fa6eeb5-c3b9-4052-897e-09c5d4c2119d",
        "dataType" : "Coded",
        "answers" : [ {
          "name" : "Yes",
          "uuid" : "04bb1773-c353-44a1-a68c-9b448e07ff70",
          "dataType" : "NA",
          "answers" : [ ],
          "order" : 1.0,
          "active" : true
        }, {
          "name" : "No",
          "uuid" : "e7b50c78-3d90-484d-a224-9887887780dc",
          "dataType" : "NA",
          "answers" : [ ],
          "order" : 2.0,
          "active" : true
        } ],
        "active" : true
      },
      "displayOrder" : 1.0,
      "type" : "SingleSelect",
      "rule" : "'use strict';\n({params, imports}) => {\n  const programEncounter = params.entity;\n  const moment = imports.moment;\n  const formElement = params.formElement;\n  const _ = imports.lodash;\n  let visibility = true;\n  let value = null;\n  let answersToSkip = [];\n  let validationErrors = [];\n  \n  const condition11 = new imports.rulesConfig.RuleCondition({programEncounter, formElement}).when.ageInMonths.greaterThanOrEqualTo(6).matches();\n  \n  visibility = condition11 ;\n  \n  return new imports.rulesConfig.FormElementStatus(formElement.uuid, visibility, value, answersToSkip, validationErrors);\n};",
      "declarativeRule" : [ {
        "actions" : [ {
          "actionType" : "showFormElement"
        }, { } ],
        "conditions" : [ {
          "compoundRule" : {
            "rules" : [ {
              "lhs" : {
                "type" : "ageInMonths"
              },
              "rhs" : {
                "type" : "value",
                "value" : 6
              },
              "operator" : "greaterThanOrEqualTo"
            } ]
          }
        } ]
      } ],
      "mandatory" : true
    }, {
      "name" : "CK Counsel accordingly for not breastfeeding",
      "uuid" : "b9b85b15-1425-43cf-8214-ebb0a79b8ec2",
      "keyValues" : [ ],
      "concept" : {
        "name" : "Placeholder for counselling form element",
        "uuid" : "b4e5a662-97bf-4846-b9b7-9baeab4d89c4",
        "dataType" : "Coded",
        "answers" : [ {
          "name" : "Yes",
          "uuid" : "04bb1773-c353-44a1-a68c-9b448e07ff70",
          "dataType" : "NA",
          "answers" : [ ],
          "order" : 0.0,
          "active" : true
        } ],
        "active" : true
      },
      "displayOrder" : 2.0,
      "type" : "SingleSelect",
      "rule" : "'use strict';\n({params, imports}) => {\n  const programEncounter = params.entity;\n  const moment = imports.moment;\n  const formElement = params.formElement;\n  const _ = imports.lodash;\n  let visibility = true;\n  let value = null;\n  let answersToSkip = [];\n  let validationErrors = [];\n  \n  const condition11 = new imports.rulesConfig.RuleCondition({programEncounter, formElement}).when.valueInEncounter(\"9fa6eeb5-c3b9-4052-897e-09c5d4c2119d\").containsAnswerConceptName(\"e7b50c78-3d90-484d-a224-9887887780dc\").matches();\n  \n  visibility = condition11 ;\n  \n  return new imports.rulesConfig.FormElementStatus(formElement.uuid, visibility, value, answersToSkip, validationErrors);\n};",
      "declarativeRule" : [ {
        "actions" : [ {
          "actionType" : "showFormElement"
        }, { } ],
        "conditions" : [ {
          "compoundRule" : {
            "rules" : [ {
              "lhs" : {
                "type" : "concept",
                "scope" : "encounter",
                "conceptName" : "Are you still breast feeding your child?",
                "conceptUuid" : "9fa6eeb5-c3b9-4052-897e-09c5d4c2119d",
                "conceptDataType" : "Coded"
              },
              "rhs" : {
                "type" : "answerConcept",
                "answerConceptNames" : [ "No" ],
                "answerConceptUuids" : [ "e7b50c78-3d90-484d-a224-9887887780dc" ]
              },
              "operator" : "containsAnswerConceptName"
            } ]
          }
        } ]
      } ],
      "mandatory" : false
    }, {
      "name" : "What was the child's age when you stopped breast feeding?",
      "uuid" : "063b30a3-2b5d-4b53-8070-e08f4198302e",
      "keyValues" : [ ],
      "concept" : {
        "name" : "What was the child's age when you stopped breast feeding?",
        "uuid" : "a0c7b32c-fdb1-4cb6-9bbc-800e74e50cea",
        "dataType" : "Numeric",
        "answers" : [ ],
        "lowAbsolute" : 0.0,
        "highAbsolute" : 50.0,
        "lowNormal" : 0.0,
        "highNormal" : 50.0,
        "active" : true
      },
      "displayOrder" : 3.0,
      "type" : "SingleSelect",
      "rule" : "'use strict';\n({params, imports}) => {\n  const programEncounter = params.entity;\n  const moment = imports.moment;\n  const formElement = params.formElement;\n  const _ = imports.lodash;\n  let visibility = true;\n  let value = null;\n  let answersToSkip = [];\n  let validationErrors = [];\n  \n  const condition11 = new imports.rulesConfig.RuleCondition({programEncounter, formElement}).when.valueInEncounter(\"9fa6eeb5-c3b9-4052-897e-09c5d4c2119d\").containsAnswerConceptName(\"e7b50c78-3d90-484d-a224-9887887780dc\").matches();\n  \n  visibility = condition11 ;\n  \n  return new imports.rulesConfig.FormElementStatus(formElement.uuid, visibility, value, answersToSkip, validationErrors);\n};",
      "declarativeRule" : [ {
        "actions" : [ {
          "actionType" : "showFormElement"
        }, { } ],
        "conditions" : [ {
          "compoundRule" : {
            "rules" : [ {
              "lhs" : {
                "type" : "concept",
                "scope" : "encounter",
                "conceptName" : "Are you still breast feeding your child?",
                "conceptUuid" : "9fa6eeb5-c3b9-4052-897e-09c5d4c2119d",
                "conceptDataType" : "Coded"
              },
              "rhs" : {
                "type" : "answerConcept",
                "answerConceptNames" : [ "No" ],
                "answerConceptUuids" : [ "e7b50c78-3d90-484d-a224-9887887780dc" ]
              },
              "operator" : "containsAnswerConceptName"
            } ]
          }
        } ]
      } ],
      "mandatory" : true
    }, {
      "name" : "Are you feeding your child any other liquids?",
      "uuid" : "64fef110-d470-46ae-83fc-055ee6996db9",
      "keyValues" : [ ],
      "concept" : {
        "name" : "Are you feeding your child any other liquids?",
        "uuid" : "5a9efcab-a615-4eb0-baf8-b3f799018dca",
        "dataType" : "Coded",
        "answers" : [ {
          "name" : "No",
          "uuid" : "e7b50c78-3d90-484d-a224-9887887780dc",
          "dataType" : "NA",
          "answers" : [ ],
          "order" : 2.0,
          "active" : true
        }, {
          "name" : "Yes",
          "uuid" : "04bb1773-c353-44a1-a68c-9b448e07ff70",
          "dataType" : "NA",
          "answers" : [ ],
          "order" : 1.0,
          "active" : true
        } ],
        "active" : true
      },
      "displayOrder" : 4.0,
      "type" : "SingleSelect",
      "mandatory" : true
    }, {
      "name" : "CK Counsel accordingly for not feeding other liquids",
      "uuid" : "80b0d0f8-63eb-4528-bf19-2732fabfd91d",
      "keyValues" : [ ],
      "concept" : {
        "name" : "Placeholder for counselling form element",
        "uuid" : "b4e5a662-97bf-4846-b9b7-9baeab4d89c4",
        "dataType" : "Coded",
        "answers" : [ {
          "name" : "Yes",
          "uuid" : "04bb1773-c353-44a1-a68c-9b448e07ff70",
          "dataType" : "NA",
          "answers" : [ ],
          "order" : 0.0,
          "active" : true
        } ],
        "active" : true
      },
      "displayOrder" : 5.0,
      "type" : "SingleSelect",
      "rule" : "'use strict';\n({params, imports}) => {\n  const programEncounter = params.entity;\n  const moment = imports.moment;\n  const formElement = params.formElement;\n  const _ = imports.lodash;\n  let visibility = true;\n  let value = null;\n  let answersToSkip = [];\n  let validationErrors = [];\n  \n  const condition11 = new imports.rulesConfig.RuleCondition({programEncounter, formElement}).when.valueInEncounter(\"5a9efcab-a615-4eb0-baf8-b3f799018dca\").containsAnswerConceptName(\"e7b50c78-3d90-484d-a224-9887887780dc\").and.when.ageInMonths.greaterThanOrEqualTo(6).matches();\n  \n  visibility = condition11 ;\n  \n  return new imports.rulesConfig.FormElementStatus(formElement.uuid, visibility, value, answersToSkip, validationErrors);\n};",
      "declarativeRule" : [ {
        "actions" : [ {
          "actionType" : "showFormElement"
        }, { } ],
        "conditions" : [ {
          "compoundRule" : {
            "rules" : [ {
              "lhs" : {
                "type" : "concept",
                "scope" : "encounter",
                "conceptName" : "Are you feeding your child any other liquids?",
                "conceptUuid" : "5a9efcab-a615-4eb0-baf8-b3f799018dca",
                "conceptDataType" : "Coded"
              },
              "rhs" : {
                "type" : "answerConcept",
                "answerConceptNames" : [ "No" ],
                "answerConceptUuids" : [ "e7b50c78-3d90-484d-a224-9887887780dc" ]
              },
              "operator" : "containsAnswerConceptName"
            }, {
              "lhs" : {
                "type" : "ageInMonths"
              },
              "rhs" : {
                "type" : "value",
                "value" : 6
              },
              "operator" : "greaterThanOrEqualTo"
            } ],
            "conjunction" : "and"
          }
        } ]
      } ],
      "mandatory" : false
    }, {
      "name" : "Have you fed your child any of the following?",
      "uuid" : "39e90b31-e658-4567-8c15-2fe7d875e7dd",
      "keyValues" : [ ],
      "concept" : {
        "name" : "Have you fed your child any of the following?",
        "uuid" : "fa9f52fd-300f-4521-9bd6-6bca192fe24c",
        "dataType" : "Coded",
        "answers" : [ {
          "name" : "None",
          "uuid" : "ebda5e05-a995-43ca-ad1a-30af3b937539",
          "dataType" : "NA",
          "answers" : [ ],
          "order" : 1.0,
          "active" : true
        }, {
          "name" : "Formula",
          "uuid" : "7df97c63-a2e9-472c-90f2-584f2e64015b",
          "dataType" : "NA",
          "answers" : [ ],
          "order" : 5.0,
          "active" : true
        }, {
          "name" : "Water",
          "uuid" : "128d0a18-37c5-4243-a6ea-1794765fa1cd",
          "dataType" : "NA",
          "answers" : [ ],
          "order" : 2.0,
          "active" : true
        }, {
          "name" : "Other",
          "uuid" : "05ea583c-51d2-412d-ad00-06c432ffe538",
          "dataType" : "NA",
          "answers" : [ ],
          "order" : 8.0,
          "active" : true
        }, {
          "name" : "Cow's milk",
          "uuid" : "502dcb33-a589-4e9d-99c7-29f5659f5074",
          "dataType" : "NA",
          "answers" : [ ],
          "order" : 1.0,
          "active" : true
        }, {
          "name" : "Semi-Solid liquid (barley, sago etc)",
          "uuid" : "223badf4-2fa5-4eb9-abac-c7ba443ba4fa",
          "dataType" : "NA",
          "answers" : [ ],
          "order" : 7.0,
          "active" : true
        }, {
          "name" : "Buffalo's milk",
          "uuid" : "7b07a014-53f8-44fb-adac-0740c2c2f109",
          "dataType" : "NA",
          "answers" : [ ],
          "order" : 3.0,
          "active" : true
        }, {
          "name" : "Water based liquids (sugar water, juice etc)",
          "uuid" : "851c9fb8-af13-4205-91e4-6a63dc1b91fa",
          "dataType" : "NA",
          "answers" : [ ],
          "order" : 6.0,
          "active" : true
        }, {
          "name" : "Packet milk",
          "uuid" : "980d5b47-8cd2-4c03-9f76-ce7bc77c8797",
          "dataType" : "NA",
          "answers" : [ ],
          "order" : 4.0,
          "active" : true
        } ],
        "active" : true
      },
      "displayOrder" : 6.0,
      "type" : "MultiSelect",
      "rule" : "'use strict';\n({params, imports}) => {\n  const programEncounter = params.entity;\n  const moment = imports.moment;\n  const formElement = params.formElement;\n  const _ = imports.lodash;\n  let visibility = true;\n  let value = null;\n  let answersToSkip = [];\n  let validationErrors = [];\n  \n  const condition11 = new imports.rulesConfig.RuleCondition({programEncounter, formElement}).when.valueInEncounter(\"5a9efcab-a615-4eb0-baf8-b3f799018dca\").containsAnswerConceptName(\"04bb1773-c353-44a1-a68c-9b448e07ff70\").matches();\n  \n  visibility = condition11 ;\n  \n  return new imports.rulesConfig.FormElementStatus(formElement.uuid, visibility, value, answersToSkip, validationErrors);\n};",
      "declarativeRule" : [ {
        "actions" : [ {
          "actionType" : "showFormElement"
        }, { } ],
        "conditions" : [ {
          "compoundRule" : {
            "rules" : [ {
              "lhs" : {
                "type" : "concept",
                "scope" : "encounter",
                "conceptName" : "Are you feeding your child any other liquids?",
                "conceptUuid" : "5a9efcab-a615-4eb0-baf8-b3f799018dca",
                "conceptDataType" : "Coded"
              },
              "rhs" : {
                "type" : "answerConcept",
                "answerConceptNames" : [ "Yes" ],
                "answerConceptUuids" : [ "04bb1773-c353-44a1-a68c-9b448e07ff70" ]
              },
              "operator" : "containsAnswerConceptName"
            } ]
          }
        } ]
      } ],
      "mandatory" : true
    }, {
      "name" : "What else did feed your child?",
      "uuid" : "0c9742bf-0445-4095-ae78-0493d3884b4d",
      "keyValues" : [ ],
      "concept" : {
        "name" : "What else did feed your child?",
        "uuid" : "185c6430-e920-4f91-93a6-611affa05794",
        "dataType" : "Text",
        "answers" : [ ],
        "active" : true
      },
      "displayOrder" : 7.0,
      "type" : "SingleSelect",
      "rule" : "'use strict';\n({params, imports}) => {\n  const programEncounter = params.entity;\n  const moment = imports.moment;\n  const formElement = params.formElement;\n  const _ = imports.lodash;\n  let visibility = true;\n  let value = null;\n  let answersToSkip = [];\n  let validationErrors = [];\n  \n  const condition11 = new imports.rulesConfig.RuleCondition({programEncounter, formElement}).when.valueInEncounter(\"fa9f52fd-300f-4521-9bd6-6bca192fe24c\").containsAnswerConceptName(\"05ea583c-51d2-412d-ad00-06c432ffe538\").matches();\n  \n  visibility = condition11 ;\n  \n  return new imports.rulesConfig.FormElementStatus(formElement.uuid, visibility, value, answersToSkip, validationErrors);\n};",
      "declarativeRule" : [ {
        "actions" : [ {
          "actionType" : "showFormElement"
        }, { } ],
        "conditions" : [ {
          "compoundRule" : {
            "rules" : [ {
              "lhs" : {
                "type" : "concept",
                "scope" : "encounter",
                "conceptName" : "Have you fed your child any of the following?",
                "conceptUuid" : "fa9f52fd-300f-4521-9bd6-6bca192fe24c",
                "conceptDataType" : "Coded"
              },
              "rhs" : {
                "type" : "answerConcept",
                "answerConceptNames" : [ "Other" ],
                "answerConceptUuids" : [ "05ea583c-51d2-412d-ad00-06c432ffe538" ]
              },
              "operator" : "containsAnswerConceptName"
            } ]
          }
        } ]
      } ],
      "mandatory" : true
    }, {
      "name" : "CK Counsell to promote exclusive breastfeeding",
      "uuid" : "218200c0-a9c4-4c4b-b053-70a09c06f369",
      "keyValues" : [ ],
      "concept" : {
        "name" : "Placeholder for counselling form element",
        "uuid" : "b4e5a662-97bf-4846-b9b7-9baeab4d89c4",
        "dataType" : "Coded",
        "answers" : [ {
          "name" : "Yes",
          "uuid" : "04bb1773-c353-44a1-a68c-9b448e07ff70",
          "dataType" : "NA",
          "answers" : [ ],
          "order" : 0.0,
          "active" : true
        } ],
        "active" : true
      },
      "displayOrder" : 8.0,
      "type" : "SingleSelect",
      "rule" : "'use strict';\n({params, imports}) => {\n  const programEncounter = params.entity;\n  const moment = imports.moment;\n  const formElement = params.formElement;\n  const _ = imports.lodash;\n  let visibility = true;\n  let value = null;\n  let answersToSkip = [];\n  let validationErrors = [];\n  \n  const condition11 = new imports.rulesConfig.RuleCondition({programEncounter, formElement}).when.valueInEncounter(\"5a9efcab-a615-4eb0-baf8-b3f799018dca\").containsAnswerConceptName(\"04bb1773-c353-44a1-a68c-9b448e07ff70\").matches();\n  \n  visibility = condition11 ;\n  \n  return new imports.rulesConfig.FormElementStatus(formElement.uuid, visibility, value, answersToSkip, validationErrors);\n};",
      "declarativeRule" : [ {
        "actions" : [ {
          "actionType" : "showFormElement"
        }, { } ],
        "conditions" : [ {
          "compoundRule" : {
            "rules" : [ {
              "lhs" : {
                "type" : "concept",
                "scope" : "encounter",
                "conceptName" : "Are you feeding your child any other liquids?",
                "conceptUuid" : "5a9efcab-a615-4eb0-baf8-b3f799018dca",
                "conceptDataType" : "Coded"
              },
              "rhs" : {
                "type" : "answerConcept",
                "answerConceptNames" : [ "Yes" ],
                "answerConceptUuids" : [ "04bb1773-c353-44a1-a68c-9b448e07ff70" ]
              },
              "operator" : "containsAnswerConceptName"
            } ]
          }
        } ]
      } ],
      "mandatory" : false
    }, {
      "name" : "What was the child's age when you started feeding these liquids?",
      "uuid" : "b5e8a0cc-19d0-43a3-93bc-9875665587ef",
      "keyValues" : [ ],
      "concept" : {
        "name" : "What was the child's age when you started feeding these liquids?",
        "uuid" : "038c0eb4-30d0-487c-b564-6e3bc7c4954b",
        "dataType" : "Numeric",
        "answers" : [ ],
        "lowAbsolute" : 0.0,
        "highAbsolute" : 50.0,
        "lowNormal" : 0.0,
        "highNormal" : 50.0,
        "active" : true
      },
      "displayOrder" : 9.0,
      "type" : "SingleSelect",
      "rule" : "'use strict';\n({params, imports}) => {\n  const programEncounter = params.entity;\n  const moment = imports.moment;\n  const formElement = params.formElement;\n  const _ = imports.lodash;\n  let visibility = true;\n  let value = null;\n  let answersToSkip = [];\n  let validationErrors = [];\n  \n  const condition11 = new imports.rulesConfig.RuleCondition({programEncounter, formElement}).when.valueInEncounter(\"5a9efcab-a615-4eb0-baf8-b3f799018dca\").containsAnswerConceptName(\"04bb1773-c353-44a1-a68c-9b448e07ff70\").matches();\n  \n  visibility = condition11 ;\n  \n  return new imports.rulesConfig.FormElementStatus(formElement.uuid, visibility, value, answersToSkip, validationErrors);\n};",
      "declarativeRule" : [ {
        "actions" : [ {
          "actionType" : "showFormElement"
        }, { } ],
        "conditions" : [ {
          "compoundRule" : {
            "rules" : [ {
              "lhs" : {
                "type" : "concept",
                "scope" : "encounter",
                "conceptName" : "Are you feeding your child any other liquids?",
                "conceptUuid" : "5a9efcab-a615-4eb0-baf8-b3f799018dca",
                "conceptDataType" : "Coded"
              },
              "rhs" : {
                "type" : "answerConcept",
                "answerConceptNames" : [ "Yes" ],
                "answerConceptUuids" : [ "04bb1773-c353-44a1-a68c-9b448e07ff70" ]
              },
              "operator" : "containsAnswerConceptName"
            } ]
          }
        } ]
      } ],
      "mandatory" : true
    }, {
      "name" : "Why did you feed your baby something other than breast milk?",
      "uuid" : "8ef0e5aa-4f24-40e4-abe8-11d8eee83790",
      "keyValues" : [ ],
      "concept" : {
        "name" : "Why did you feed your baby something other than breast milk?",
        "uuid" : "53b7549d-f5f2-49b8-9df9-5ab6dcdcb4d3",
        "dataType" : "Coded",
        "answers" : [ {
          "name" : "Other",
          "uuid" : "05ea583c-51d2-412d-ad00-06c432ffe538",
          "dataType" : "NA",
          "answers" : [ ],
          "order" : 4.0,
          "active" : true
        }, {
          "name" : "Child requires more nourishment",
          "uuid" : "db76e594-4454-4a53-9507-7dee83b279c3",
          "dataType" : "NA",
          "answers" : [ ],
          "order" : 2.0,
          "active" : true
        }, {
          "name" : "Not producing enough breast milk",
          "uuid" : "4875d665-1e9a-4f65-a58d-7293be93d263",
          "dataType" : "NA",
          "answers" : [ ],
          "order" : 1.0,
          "active" : true
        }, {
          "name" : "Formula is better",
          "uuid" : "2a67c5ef-3839-46ce-a433-a044d97e5e29",
          "dataType" : "NA",
          "answers" : [ ],
          "order" : 3.0,
          "active" : true
        } ],
        "active" : true
      },
      "displayOrder" : 10.0,
      "type" : "MultiSelect",
      "rule" : "'use strict';\n({params, imports}) => {\n  const programEncounter = params.entity;\n  const moment = imports.moment;\n  const formElement = params.formElement;\n  const _ = imports.lodash;\n  let visibility = true;\n  let value = null;\n  let answersToSkip = [];\n  let validationErrors = [];\n  \n  const condition11 = new imports.rulesConfig.RuleCondition({programEncounter, formElement}).when.valueInEncounter(\"5a9efcab-a615-4eb0-baf8-b3f799018dca\").containsAnswerConceptName(\"04bb1773-c353-44a1-a68c-9b448e07ff70\").matches();\n  \n  visibility = condition11 ;\n  \n  return new imports.rulesConfig.FormElementStatus(formElement.uuid, visibility, value, answersToSkip, validationErrors);\n};",
      "declarativeRule" : [ {
        "actions" : [ {
          "actionType" : "showFormElement"
        }, { } ],
        "conditions" : [ {
          "compoundRule" : {
            "rules" : [ {
              "lhs" : {
                "type" : "concept",
                "scope" : "encounter",
                "conceptName" : "Are you feeding your child any other liquids?",
                "conceptUuid" : "5a9efcab-a615-4eb0-baf8-b3f799018dca",
                "conceptDataType" : "Coded"
              },
              "rhs" : {
                "type" : "answerConcept",
                "answerConceptNames" : [ "Yes" ],
                "answerConceptUuids" : [ "04bb1773-c353-44a1-a68c-9b448e07ff70" ]
              },
              "operator" : "containsAnswerConceptName"
            } ]
          }
        } ]
      } ],
      "mandatory" : true
    }, {
      "name" : "Any other reason why you fed something other than breast milk",
      "uuid" : "e909c98c-2879-4229-9059-0136486a0a9c",
      "keyValues" : [ ],
      "concept" : {
        "name" : "Any other reason why you fed something other than breast milk",
        "uuid" : "60e2eddd-4e45-4002-bcfd-eea11fb3ac7c",
        "dataType" : "Text",
        "answers" : [ ],
        "active" : true
      },
      "displayOrder" : 11.0,
      "type" : "SingleSelect",
      "rule" : "'use strict';\n({params, imports}) => {\n  const programEncounter = params.entity;\n  const moment = imports.moment;\n  const formElement = params.formElement;\n  const _ = imports.lodash;\n  let visibility = true;\n  let value = null;\n  let answersToSkip = [];\n  let validationErrors = [];\n  \n  const condition11 = new imports.rulesConfig.RuleCondition({programEncounter, formElement}).when.valueInEncounter(\"53b7549d-f5f2-49b8-9df9-5ab6dcdcb4d3\").containsAnswerConceptName(\"05ea583c-51d2-412d-ad00-06c432ffe538\").matches();\n  \n  visibility = condition11 ;\n  \n  return new imports.rulesConfig.FormElementStatus(formElement.uuid, visibility, value, answersToSkip, validationErrors);\n};",
      "declarativeRule" : [ {
        "actions" : [ {
          "actionType" : "showFormElement"
        }, { } ],
        "conditions" : [ {
          "compoundRule" : {
            "rules" : [ {
              "lhs" : {
                "type" : "concept",
                "scope" : "encounter",
                "conceptName" : "Why did you feed your baby something other than breast milk?",
                "conceptUuid" : "53b7549d-f5f2-49b8-9df9-5ab6dcdcb4d3",
                "conceptDataType" : "Coded"
              },
              "rhs" : {
                "type" : "answerConcept",
                "answerConceptNames" : [ "Other" ],
                "answerConceptUuids" : [ "05ea583c-51d2-412d-ad00-06c432ffe538" ]
              },
              "operator" : "containsAnswerConceptName"
            } ]
          }
        } ]
      } ],
      "mandatory" : true
    }, {
      "name" : "Have you been feeding solids/semi-solids to the child?",
      "uuid" : "89d51bc2-001f-4989-8552-e131fa47e73a",
      "keyValues" : [ ],
      "concept" : {
        "name" : "Have you been feeding solids/semi-solids to the child?",
        "uuid" : "d1c40171-24f2-440b-bd28-d936a9f0e2d2",
        "dataType" : "Coded",
        "answers" : [ {
          "name" : "Yes",
          "uuid" : "04bb1773-c353-44a1-a68c-9b448e07ff70",
          "dataType" : "NA",
          "answers" : [ ],
          "order" : 1.0,
          "active" : true
        }, {
          "name" : "No",
          "uuid" : "e7b50c78-3d90-484d-a224-9887887780dc",
          "dataType" : "NA",
          "answers" : [ ],
          "order" : 2.0,
          "active" : true
        } ],
        "active" : true
      },
      "displayOrder" : 12.0,
      "type" : "SingleSelect",
      "rule" : "'use strict';\n({params, imports}) => {\n  const programEncounter = params.entity;\n  const moment = imports.moment;\n  const formElement = params.formElement;\n  const _ = imports.lodash;\n  let visibility = true;\n  let value = null;\n  let answersToSkip = [];\n  let validationErrors = [];\n  \n  const condition11 = new imports.rulesConfig.RuleCondition({programEncounter, formElement}).when.ageInMonths.greaterThanOrEqualTo(6).matches();\n  \n  visibility = condition11 ;\n  \n  return new imports.rulesConfig.FormElementStatus(formElement.uuid, visibility, value, answersToSkip, validationErrors);\n};",
      "declarativeRule" : [ {
        "actions" : [ {
          "actionType" : "showFormElement"
        }, { } ],
        "conditions" : [ {
          "compoundRule" : {
            "rules" : [ {
              "lhs" : {
                "type" : "ageInMonths"
              },
              "rhs" : {
                "type" : "value",
                "value" : 6
              },
              "operator" : "greaterThanOrEqualTo"
            } ]
          }
        } ]
      } ],
      "mandatory" : true
    }, {
      "name" : "CK Counsel accordingly for not feeding solids/semi solids",
      "uuid" : "8ea2b137-dd5b-4291-bb91-9ae527109739",
      "keyValues" : [ ],
      "concept" : {
        "name" : "Placeholder for counselling form element",
        "uuid" : "b4e5a662-97bf-4846-b9b7-9baeab4d89c4",
        "dataType" : "Coded",
        "answers" : [ {
          "name" : "Yes",
          "uuid" : "04bb1773-c353-44a1-a68c-9b448e07ff70",
          "dataType" : "NA",
          "answers" : [ ],
          "order" : 0.0,
          "active" : true
        } ],
        "active" : true
      },
      "displayOrder" : 13.0,
      "type" : "SingleSelect",
      "rule" : "'use strict';\n({params, imports}) => {\n  const programEncounter = params.entity;\n  const moment = imports.moment;\n  const formElement = params.formElement;\n  const _ = imports.lodash;\n  let visibility = true;\n  let value = null;\n  let answersToSkip = [];\n  let validationErrors = [];\n  \n  const condition11 = new imports.rulesConfig.RuleCondition({programEncounter, formElement}).when.valueInEncounter(\"d1c40171-24f2-440b-bd28-d936a9f0e2d2\").containsAnswerConceptName(\"e7b50c78-3d90-484d-a224-9887887780dc\").matches();\n  \n  visibility = condition11 ;\n  \n  return new imports.rulesConfig.FormElementStatus(formElement.uuid, visibility, value, answersToSkip, validationErrors);\n};",
      "declarativeRule" : [ {
        "actions" : [ {
          "actionType" : "showFormElement"
        }, { } ],
        "conditions" : [ {
          "compoundRule" : {
            "rules" : [ {
              "lhs" : {
                "type" : "concept",
                "scope" : "encounter",
                "conceptName" : "Have you been feeding solids/semi-solids to the child?",
                "conceptUuid" : "d1c40171-24f2-440b-bd28-d936a9f0e2d2",
                "conceptDataType" : "Coded"
              },
              "rhs" : {
                "type" : "answerConcept",
                "answerConceptNames" : [ "No" ],
                "answerConceptUuids" : [ "e7b50c78-3d90-484d-a224-9887887780dc" ]
              },
              "operator" : "containsAnswerConceptName"
            } ]
          }
        } ]
      } ],
      "mandatory" : false
    }, {
      "name" : "What was the child's age when you started feeding them solids/semi-solids?",
      "uuid" : "31215d9b-3cd6-4a94-9949-dc61fd3f2649",
      "keyValues" : [ ],
      "concept" : {
        "name" : "What was the child's age when you started feeding them solids/semi-solids?",
        "uuid" : "0e5f2f1a-ef95-44aa-9a6f-0dc0d1199c37",
        "dataType" : "Numeric",
        "answers" : [ ],
        "lowAbsolute" : 0.0,
        "highAbsolute" : 50.0,
        "lowNormal" : 0.0,
        "highNormal" : 50.0,
        "active" : true
      },
      "displayOrder" : 14.0,
      "type" : "SingleSelect",
      "rule" : "'use strict';\n({params, imports}) => {\n  const programEncounter = params.entity;\n  const moment = imports.moment;\n  const formElement = params.formElement;\n  const _ = imports.lodash;\n  let visibility = true;\n  let value = null;\n  let answersToSkip = [];\n  let validationErrors = [];\n  \n  const condition11 = new imports.rulesConfig.RuleCondition({programEncounter, formElement}).when.valueInEncounter(\"d1c40171-24f2-440b-bd28-d936a9f0e2d2\").containsAnswerConceptName(\"04bb1773-c353-44a1-a68c-9b448e07ff70\").matches();\n  \n  visibility = condition11 ;\n  \n  return new imports.rulesConfig.FormElementStatus(formElement.uuid, visibility, value, answersToSkip, validationErrors);\n};",
      "declarativeRule" : [ {
        "actions" : [ {
          "actionType" : "showFormElement"
        }, { } ],
        "conditions" : [ {
          "compoundRule" : {
            "rules" : [ {
              "lhs" : {
                "type" : "concept",
                "scope" : "encounter",
                "conceptName" : "Have you been feeding solids/semi-solids to the child?",
                "conceptUuid" : "d1c40171-24f2-440b-bd28-d936a9f0e2d2",
                "conceptDataType" : "Coded"
              },
              "rhs" : {
                "type" : "answerConcept",
                "answerConceptNames" : [ "Yes" ],
                "answerConceptUuids" : [ "04bb1773-c353-44a1-a68c-9b448e07ff70" ]
              },
              "operator" : "containsAnswerConceptName"
            } ],
            "conjunction" : "and"
          }
        } ]
      } ],
      "mandatory" : true
    }, {
      "name" : "How many times a day is the child eating homemade semi-solid/solid foods?",
      "uuid" : "a92edaaa-a42f-48ec-af11-1d92f948af83",
      "keyValues" : [ ],
      "concept" : {
        "name" : "How many times a day is the child eating homemade semi-solid/solid foods?",
        "uuid" : "fce06b29-21c5-4ee6-ba49-42c14b7ec112",
        "dataType" : "Coded",
        "answers" : [ {
          "name" : "Thrice",
          "uuid" : "91b255cd-4855-4cae-8884-6556fa53f38b",
          "dataType" : "NA",
          "answers" : [ ],
          "order" : 3.0,
          "active" : true
        }, {
          "name" : "Once",
          "uuid" : "4a5be029-cafd-404f-bc67-b59f62760811",
          "dataType" : "NA",
          "answers" : [ ],
          "order" : 1.0,
          "active" : true
        }, {
          "name" : "Four Times",
          "uuid" : "124ea16a-a244-4c4d-aa4a-8e5bcd3ca4bc",
          "dataType" : "NA",
          "answers" : [ ],
          "order" : 4.0,
          "active" : true
        }, {
          "name" : "Twice",
          "uuid" : "5fc9ad18-34e1-4661-9e16-4c6e6997046c",
          "dataType" : "NA",
          "answers" : [ ],
          "order" : 2.0,
          "active" : true
        } ],
        "active" : true
      },
      "displayOrder" : 15.0,
      "type" : "SingleSelect",
      "rule" : "'use strict';\n({params, imports}) => {\n  const programEncounter = params.entity;\n  const moment = imports.moment;\n  const formElement = params.formElement;\n  const _ = imports.lodash;\n  let visibility = true;\n  let value = null;\n  let answersToSkip = [];\n  let validationErrors = [];\n  \n  const condition11 = new imports.rulesConfig.RuleCondition({programEncounter, formElement}).when.valueInEncounter(\"d1c40171-24f2-440b-bd28-d936a9f0e2d2\").containsAnswerConceptName(\"04bb1773-c353-44a1-a68c-9b448e07ff70\").and.when.ageInMonths.greaterThanOrEqualTo(6).matches();\n  \n  visibility = condition11 ;\n  \n  return new imports.rulesConfig.FormElementStatus(formElement.uuid, visibility, value, answersToSkip, validationErrors);\n};",
      "declarativeRule" : [ {
        "actions" : [ {
          "actionType" : "showFormElement"
        }, { } ],
        "conditions" : [ {
          "compoundRule" : {
            "rules" : [ {
              "lhs" : {
                "type" : "concept",
                "scope" : "encounter",
                "conceptName" : "Have you been feeding solids/semi-solids to the child?",
                "conceptUuid" : "d1c40171-24f2-440b-bd28-d936a9f0e2d2",
                "conceptDataType" : "Coded"
              },
              "rhs" : {
                "type" : "answerConcept",
                "answerConceptNames" : [ "Yes" ],
                "answerConceptUuids" : [ "04bb1773-c353-44a1-a68c-9b448e07ff70" ]
              },
              "operator" : "containsAnswerConceptName"
            }, {
              "lhs" : {
                "type" : "ageInMonths"
              },
              "rhs" : {
                "type" : "value",
                "value" : 6
              },
              "operator" : "greaterThanOrEqualTo"
            } ],
            "conjunction" : "and"
          }
        } ]
      } ],
      "mandatory" : true
    }, {
      "name" : "CK Counsel accordingly for feeding solids/semi solids less frequently",
      "uuid" : "6ca6af04-ffcc-4437-ace4-34c28f60470d",
      "keyValues" : [ ],
      "concept" : {
        "name" : "Placeholder for counselling form element",
        "uuid" : "b4e5a662-97bf-4846-b9b7-9baeab4d89c4",
        "dataType" : "Coded",
        "answers" : [ {
          "name" : "Yes",
          "uuid" : "04bb1773-c353-44a1-a68c-9b448e07ff70",
          "dataType" : "NA",
          "answers" : [ ],
          "order" : 0.0,
          "active" : true
        } ],
        "active" : true
      },
      "displayOrder" : 16.0,
      "type" : "SingleSelect",
      "rule" : "'use strict';\n({params, imports}) => {\n  const programEncounter = params.entity;\n  const moment = imports.moment;\n  const formElement = params.formElement;\n  const _ = imports.lodash;\n  let visibility = true;\n  let value = null;\n  let answersToSkip = [];\n  let validationErrors = [];\n  \n  const condition11 = new imports.rulesConfig.RuleCondition({programEncounter, formElement}).when.valueInEncounter(\"fce06b29-21c5-4ee6-ba49-42c14b7ec112\").containsAnswerConceptName(\"4a5be029-cafd-404f-bc67-b59f62760811\").matches();\n  \n  visibility = condition11 ;\n  \n  return new imports.rulesConfig.FormElementStatus(formElement.uuid, visibility, value, answersToSkip, validationErrors);\n};",
      "declarativeRule" : [ {
        "actions" : [ {
          "actionType" : "showFormElement"
        }, { } ],
        "conditions" : [ {
          "compoundRule" : {
            "rules" : [ {
              "lhs" : {
                "type" : "concept",
                "scope" : "encounter",
                "conceptName" : "How many times a day is the child eating homemade semi-solid/solid foods?",
                "conceptUuid" : "fce06b29-21c5-4ee6-ba49-42c14b7ec112",
                "conceptDataType" : "Coded"
              },
              "rhs" : {
                "type" : "answerConcept",
                "answerConceptNames" : [ "Once" ],
                "answerConceptUuids" : [ "4a5be029-cafd-404f-bc67-b59f62760811" ]
              },
              "operator" : "containsAnswerConceptName"
            } ]
          }
        } ]
      } ],
      "mandatory" : false
    }, {
      "name" : "What type of semi-solid/solid foods did you feed your child yesterday?",
      "uuid" : "1d5748e3-2d68-46a7-ad53-7ed8ab61b095",
      "keyValues" : [ ],
      "concept" : {
        "name" : "Food eaten yesterday",
        "uuid" : "2a5f655e-3351-42c4-87fd-e3a447eeedaa",
        "dataType" : "Coded",
        "answers" : [ {
          "name" : "Snack food",
          "uuid" : "f72c86f9-8c58-4887-b588-cc903f02d141",
          "dataType" : "NA",
          "answers" : [ ],
          "order" : 7.0,
          "active" : true
        }, {
          "name" : "Dairy",
          "uuid" : "351f31c1-5f14-4859-8585-3d395556b1f8",
          "dataType" : "NA",
          "answers" : [ ],
          "order" : 5.0,
          "active" : true
        }, {
          "name" : "Starch",
          "uuid" : "a8c837f4-345c-4041-ac0a-b91945bad804",
          "dataType" : "NA",
          "answers" : [ ],
          "order" : 3.0,
          "active" : true
        }, {
          "name" : "Vegetable protein",
          "uuid" : "14405510-d8ea-45c0-a0cb-d5dc55260d33",
          "dataType" : "NA",
          "answers" : [ ],
          "order" : 2.0,
          "active" : true
        }, {
          "name" : "Instant food",
          "uuid" : "d74412da-9cce-41fa-a141-c07cc8c60ec0",
          "dataType" : "NA",
          "answers" : [ ],
          "order" : 8.0,
          "active" : true
        }, {
          "name" : "Animal protein",
          "uuid" : "e825f97d-26d4-4a44-b2fe-024d9e26d875",
          "dataType" : "NA",
          "answers" : [ ],
          "order" : 1.0,
          "active" : true
        }, {
          "name" : "Fruit",
          "uuid" : "323c3c9b-a4a6-40e1-938f-f62755805ecc",
          "dataType" : "NA",
          "answers" : [ ],
          "order" : 6.0,
          "active" : true
        }, {
          "name" : "Vegetable",
          "uuid" : "90f29252-2dc9-42c5-b30f-9cfb53c8448c",
          "dataType" : "NA",
          "answers" : [ ],
          "order" : 4.0,
          "active" : true
        }, {
          "name" : "Nothing",
          "uuid" : "050c0ac0-9f03-4302-9b3c-2a451cdb0471",
          "dataType" : "NA",
          "answers" : [ ],
          "order" : 9.0,
          "unique" : true,
          "abnormal" : true,
          "active" : true
        } ],
        "active" : true
      },
      "displayOrder" : 17.0,
      "type" : "MultiSelect",
      "rule" : "'use strict';\n({params, imports}) => {\n  const programEncounter = params.entity;\n  const moment = imports.moment;\n  const formElement = params.formElement;\n  const _ = imports.lodash;\n  let visibility = true;\n  let value = null;\n  let answersToSkip = [];\n  let validationErrors = [];\n  \n  const condition11 = new imports.rulesConfig.RuleCondition({programEncounter, formElement}).when.ageInMonths.greaterThanOrEqualTo(6).and.when.valueInEncounter(\"d1c40171-24f2-440b-bd28-d936a9f0e2d2\").containsAnswerConceptName(\"04bb1773-c353-44a1-a68c-9b448e07ff70\").matches();\n  \n  visibility = condition11 ;\n  \n  return new imports.rulesConfig.FormElementStatus(formElement.uuid, visibility, value, answersToSkip, validationErrors);\n};",
      "declarativeRule" : [ {
        "actions" : [ {
          "actionType" : "showFormElement"
        }, { } ],
        "conditions" : [ {
          "compoundRule" : {
            "rules" : [ {
              "lhs" : {
                "type" : "ageInMonths"
              },
              "rhs" : {
                "type" : "value",
                "value" : 6
              },
              "operator" : "greaterThanOrEqualTo"
            }, {
              "lhs" : {
                "type" : "concept",
                "scope" : "encounter",
                "conceptName" : "Have you been feeding solids/semi-solids to the child?",
                "conceptUuid" : "d1c40171-24f2-440b-bd28-d936a9f0e2d2",
                "conceptDataType" : "Coded"
              },
              "rhs" : {
                "type" : "answerConcept",
                "answerConceptNames" : [ "Yes" ],
                "answerConceptUuids" : [ "04bb1773-c353-44a1-a68c-9b448e07ff70" ]
              },
              "operator" : "containsAnswerConceptName"
            } ],
            "conjunction" : "and"
          }
        } ]
      } ],
      "mandatory" : true
    }, {
      "name" : "How many times a day is the child eating snacks?",
      "uuid" : "d8eba285-a7c0-4a8b-8e25-ff09f58138f0",
      "keyValues" : [ ],
      "concept" : {
        "name" : "How many times a day is the child eating snacks?",
        "uuid" : "3cc301da-e4df-4e0b-add8-9d03f7383310",
        "dataType" : "Coded",
        "answers" : [ {
          "name" : "None",
          "uuid" : "ebda5e05-a995-43ca-ad1a-30af3b937539",
          "dataType" : "NA",
          "answers" : [ ],
          "order" : 4.0,
          "active" : true
        }, {
          "name" : "Twice",
          "uuid" : "5fc9ad18-34e1-4661-9e16-4c6e6997046c",
          "dataType" : "NA",
          "answers" : [ ],
          "order" : 2.0,
          "active" : true
        }, {
          "name" : "Once",
          "uuid" : "4a5be029-cafd-404f-bc67-b59f62760811",
          "dataType" : "NA",
          "answers" : [ ],
          "order" : 1.0,
          "active" : true
        }, {
          "name" : "Thrice or more",
          "uuid" : "80ccee15-7115-46a7-859c-8d5597240ae7",
          "dataType" : "NA",
          "answers" : [ ],
          "order" : 3.0,
          "active" : true
        } ],
        "active" : true
      },
      "displayOrder" : 18.0,
      "type" : "SingleSelect",
      "rule" : "'use strict';\n({params, imports}) => {\n  const programEncounter = params.entity;\n  const moment = imports.moment;\n  const formElement = params.formElement;\n  const _ = imports.lodash;\n  let visibility = true;\n  let value = null;\n  let answersToSkip = [];\n  let validationErrors = [];\n  \n  const condition11 = new imports.rulesConfig.RuleCondition({programEncounter, formElement}).when.valueInEncounter(\"d1c40171-24f2-440b-bd28-d936a9f0e2d2\").containsAnswerConceptName(\"04bb1773-c353-44a1-a68c-9b448e07ff70\").or.when.ageInMonths.greaterThanOrEqualTo(6).matches();\n  \n  visibility = condition11 ;\n  \n  return new imports.rulesConfig.FormElementStatus(formElement.uuid, visibility, value, answersToSkip, validationErrors);\n};",
      "declarativeRule" : [ {
        "actions" : [ {
          "actionType" : "showFormElement"
        }, { } ],
        "conditions" : [ {
          "compoundRule" : {
            "rules" : [ {
              "lhs" : {
                "type" : "concept",
                "scope" : "encounter",
                "conceptName" : "Have you been feeding solids/semi-solids to the child?",
                "conceptUuid" : "d1c40171-24f2-440b-bd28-d936a9f0e2d2",
                "conceptDataType" : "Coded"
              },
              "rhs" : {
                "type" : "answerConcept",
                "answerConceptNames" : [ "Yes" ],
                "answerConceptUuids" : [ "04bb1773-c353-44a1-a68c-9b448e07ff70" ]
              },
              "operator" : "containsAnswerConceptName"
            }, {
              "lhs" : {
                "type" : "ageInMonths"
              },
              "rhs" : {
                "type" : "value",
                "value" : 6
              },
              "operator" : "greaterThanOrEqualTo"
            } ],
            "conjunction" : "or"
          }
        } ]
      } ],
      "mandatory" : true
    }, {
      "name" : "CK Counsel accordingly for feeding snacks more frequently",
      "uuid" : "445b4d7a-7bf8-4498-bde1-00e852151b64",
      "keyValues" : [ ],
      "concept" : {
        "name" : "Placeholder for counselling form element",
        "uuid" : "b4e5a662-97bf-4846-b9b7-9baeab4d89c4",
        "dataType" : "Coded",
        "answers" : [ {
          "name" : "Yes",
          "uuid" : "04bb1773-c353-44a1-a68c-9b448e07ff70",
          "dataType" : "NA",
          "answers" : [ ],
          "order" : 0.0,
          "active" : true
        } ],
        "active" : true
      },
      "displayOrder" : 19.0,
      "type" : "SingleSelect",
      "rule" : "'use strict';\n({params, imports}) => {\n  const programEncounter = params.entity;\n  const moment = imports.moment;\n  const formElement = params.formElement;\n  const _ = imports.lodash;\n  let visibility = true;\n  let value = null;\n  let answersToSkip = [];\n  let validationErrors = [];\n  \n  const condition11 = new imports.rulesConfig.RuleCondition({programEncounter, formElement}).when.valueInEncounter(\"3cc301da-e4df-4e0b-add8-9d03f7383310\").containsAnswerConceptName(\"80ccee15-7115-46a7-859c-8d5597240ae7\").matches();\n  \n  visibility = condition11 ;\n  \n  return new imports.rulesConfig.FormElementStatus(formElement.uuid, visibility, value, answersToSkip, validationErrors);\n};",
      "declarativeRule" : [ {
        "actions" : [ {
          "actionType" : "showFormElement"
        }, { } ],
        "conditions" : [ {
          "compoundRule" : {
            "rules" : [ {
              "lhs" : {
                "type" : "concept",
                "scope" : "encounter",
                "conceptName" : "How many times a day is the child eating snacks?",
                "conceptUuid" : "3cc301da-e4df-4e0b-add8-9d03f7383310",
                "conceptDataType" : "Coded"
              },
              "rhs" : {
                "type" : "answerConcept",
                "answerConceptNames" : [ "Thrice or more" ],
                "answerConceptUuids" : [ "80ccee15-7115-46a7-859c-8d5597240ae7" ]
              },
              "operator" : "containsAnswerConceptName"
            } ]
          }
        } ]
      } ],
      "mandatory" : false
    }, {
      "name" : "What snacks are being fed?",
      "uuid" : "90f96312-a817-46d8-9494-7837dd1fcaf1",
      "keyValues" : [ ],
      "concept" : {
        "name" : "What snacks are being fed?",
        "uuid" : "a23d8b82-e94c-42db-a67f-394db58cf904",
        "dataType" : "Coded",
        "answers" : [ {
          "name" : "Tea-bread/Tea-patty",
          "uuid" : "b5187e11-a2e8-4f38-94e1-bc2cbbc06ed1",
          "dataType" : "NA",
          "answers" : [ ],
          "order" : 5.0,
          "active" : true
        }, {
          "name" : "Biscuits",
          "uuid" : "cb23c46f-263a-467a-a42d-f81d25ac14f3",
          "dataType" : "NA",
          "answers" : [ ],
          "order" : 3.0,
          "active" : true
        }, {
          "name" : "Kachori",
          "uuid" : "93d22de6-a9a0-4401-9b25-8047995343d2",
          "dataType" : "NA",
          "answers" : [ ],
          "order" : 4.0,
          "active" : true
        }, {
          "name" : "Other",
          "uuid" : "05ea583c-51d2-412d-ad00-06c432ffe538",
          "dataType" : "NA",
          "answers" : [ ],
          "order" : 6.0,
          "active" : true
        }, {
          "name" : "Chips",
          "uuid" : "2634b005-54f5-49eb-a684-23b34fc2043d",
          "dataType" : "NA",
          "answers" : [ ],
          "order" : 1.0,
          "active" : true
        }, {
          "name" : "Nimki",
          "uuid" : "72c2c658-93f2-480f-8a9f-a61adc742884",
          "dataType" : "NA",
          "answers" : [ ],
          "order" : 2.0,
          "active" : true
        } ],
        "active" : true
      },
      "displayOrder" : 20.0,
      "type" : "MultiSelect",
      "rule" : "'use strict';\n({params, imports}) => {\n  const programEncounter = params.entity;\n  const moment = imports.moment;\n  const formElement = params.formElement;\n  const _ = imports.lodash;\n  let visibility = true;\n  let value = null;\n  let answersToSkip = [];\n  let validationErrors = [];\n  \n  const condition11 = new imports.rulesConfig.RuleCondition({programEncounter, formElement}).when.valueInEncounter(\"3cc301da-e4df-4e0b-add8-9d03f7383310\").defined.and.when.valueInEncounter(\"3cc301da-e4df-4e0b-add8-9d03f7383310\").containsAnswerConceptNameOtherThan(\"ebda5e05-a995-43ca-ad1a-30af3b937539\").matches();\n  \n  visibility = condition11 ;\n  \n  return new imports.rulesConfig.FormElementStatus(formElement.uuid, visibility, value, answersToSkip, validationErrors);\n};",
      "declarativeRule" : [ {
        "actions" : [ {
          "actionType" : "showFormElement"
        }, { } ],
        "conditions" : [ {
          "compoundRule" : {
            "rules" : [ {
              "lhs" : {
                "type" : "concept",
                "scope" : "encounter",
                "conceptName" : "How many times a day is the child eating snacks?",
                "conceptUuid" : "3cc301da-e4df-4e0b-add8-9d03f7383310",
                "conceptDataType" : "Coded"
              },
              "rhs" : { },
              "operator" : "defined"
            }, {
              "lhs" : {
                "type" : "concept",
                "scope" : "encounter",
                "conceptName" : "How many times a day is the child eating snacks?",
                "conceptUuid" : "3cc301da-e4df-4e0b-add8-9d03f7383310",
                "conceptDataType" : "Coded"
              },
              "rhs" : {
                "type" : "answerConcept",
                "answerConceptNames" : [ "None" ],
                "answerConceptUuids" : [ "ebda5e05-a995-43ca-ad1a-30af3b937539" ]
              },
              "operator" : "containsAnswerConceptNameOtherThan"
            } ],
            "conjunction" : "and"
          }
        } ]
      } ],
      "mandatory" : true
    }, {
      "name" : "What other snacks are being fed?",
      "uuid" : "2900444b-5ed9-4b35-90ff-052bb4fbee6f",
      "keyValues" : [ ],
      "concept" : {
        "name" : "What other snacks are being fed?",
        "uuid" : "be8c1e1e-ca8d-4f84-86cb-7304722d0ff4",
        "dataType" : "Text",
        "answers" : [ ],
        "active" : true
      },
      "displayOrder" : 21.0,
      "type" : "SingleSelect",
      "rule" : "'use strict';\n({params, imports}) => {\n  const programEncounter = params.entity;\n  const moment = imports.moment;\n  const formElement = params.formElement;\n  const _ = imports.lodash;\n  let visibility = true;\n  let value = null;\n  let answersToSkip = [];\n  let validationErrors = [];\n  \n  const condition11 = new imports.rulesConfig.RuleCondition({programEncounter, formElement}).when.valueInEncounter(\"a23d8b82-e94c-42db-a67f-394db58cf904\").containsAnswerConceptName(\"05ea583c-51d2-412d-ad00-06c432ffe538\").matches();\n  \n  visibility = condition11 ;\n  \n  return new imports.rulesConfig.FormElementStatus(formElement.uuid, visibility, value, answersToSkip, validationErrors);\n};",
      "declarativeRule" : [ {
        "actions" : [ {
          "actionType" : "showFormElement"
        }, { } ],
        "conditions" : [ {
          "compoundRule" : {
            "rules" : [ {
              "lhs" : {
                "type" : "concept",
                "scope" : "encounter",
                "conceptName" : "What snacks are being fed?",
                "conceptUuid" : "a23d8b82-e94c-42db-a67f-394db58cf904",
                "conceptDataType" : "Coded"
              },
              "rhs" : {
                "type" : "answerConcept",
                "answerConceptNames" : [ "Other" ],
                "answerConceptUuids" : [ "05ea583c-51d2-412d-ad00-06c432ffe538" ]
              },
              "operator" : "containsAnswerConceptName"
            } ]
          }
        } ]
      } ],
      "mandatory" : true
    }, {
      "name" : "CK Counsel accordingly for feeding random snacks",
      "uuid" : "587ad5aa-1bc7-485f-b550-22b7b9f4da78",
      "keyValues" : [ ],
      "concept" : {
        "name" : "Placeholder for counselling form element",
        "uuid" : "b4e5a662-97bf-4846-b9b7-9baeab4d89c4",
        "dataType" : "Coded",
        "answers" : [ {
          "name" : "Yes",
          "uuid" : "04bb1773-c353-44a1-a68c-9b448e07ff70",
          "dataType" : "NA",
          "answers" : [ ],
          "order" : 0.0,
          "active" : true
        } ],
        "active" : true
      },
      "displayOrder" : 22.0,
      "type" : "SingleSelect",
      "rule" : "'use strict';\n({params, imports}) => {\n  const programEncounter = params.entity;\n  const moment = imports.moment;\n  const formElement = params.formElement;\n  const _ = imports.lodash;\n  let visibility = true;\n  let value = null;\n  let answersToSkip = [];\n  let validationErrors = [];\n  \n  const condition11 = new imports.rulesConfig.RuleCondition({programEncounter, formElement}).when.valueInEncounter(\"a23d8b82-e94c-42db-a67f-394db58cf904\").containsAnswerConceptName(\"05ea583c-51d2-412d-ad00-06c432ffe538\").matches();\n  \n  visibility = condition11 ;\n  \n  return new imports.rulesConfig.FormElementStatus(formElement.uuid, visibility, value, answersToSkip, validationErrors);\n};",
      "declarativeRule" : [ {
        "actions" : [ {
          "actionType" : "showFormElement"
        }, { } ],
        "conditions" : [ {
          "compoundRule" : {
            "rules" : [ {
              "lhs" : {
                "type" : "concept",
                "scope" : "encounter",
                "conceptName" : "What snacks are being fed?",
                "conceptUuid" : "a23d8b82-e94c-42db-a67f-394db58cf904",
                "conceptDataType" : "Coded"
              },
              "rhs" : {
                "type" : "answerConcept",
                "answerConceptNames" : [ "Other" ],
                "answerConceptUuids" : [ "05ea583c-51d2-412d-ad00-06c432ffe538" ]
              },
              "operator" : "containsAnswerConceptName"
            } ]
          }
        } ]
      } ],
      "mandatory" : false
    } ],
    "timed" : false
  }, {
    "uuid" : "fd6af5df-1e73-4e30-a9b2-b5285b89b85f",
    "name" : "Health of the child",
    "displayOrder" : 2.0,
    "display" : "Health of the child",
    "formElements" : [ {
      "name" : "How many times is your child fed in 24 hours?",
      "uuid" : "66851ada-9f82-431d-bff9-cc795607a349",
      "keyValues" : [ ],
      "concept" : {
        "name" : "How many times is your child fed in 24 hours?",
        "uuid" : "0f071c2a-82a7-45cf-8198-90c12ec7a6f3",
        "dataType" : "Numeric",
        "answers" : [ ],
        "active" : true
      },
      "displayOrder" : 1.0,
      "type" : "SingleSelect",
      "rule" : "'use strict';\n({params, imports}) => {\n  const programEncounter = params.entity;\n  const moment = imports.moment;\n  const formElement = params.formElement;\n  const _ = imports.lodash;\n  let visibility = true;\n  let value = null;\n  let answersToSkip = [];\n  let validationErrors = [];\n  \n  const condition11 = new imports.rulesConfig.RuleCondition({programEncounter, formElement}).when.ageInMonths.lessThan(6).matches();\n  \n  visibility = condition11 ;\n  \n  return new imports.rulesConfig.FormElementStatus(formElement.uuid, visibility, value, answersToSkip, validationErrors);\n};",
      "declarativeRule" : [ {
        "actions" : [ {
          "actionType" : "showFormElement"
        }, { } ],
        "conditions" : [ {
          "compoundRule" : {
            "rules" : [ {
              "lhs" : {
                "type" : "ageInMonths"
              },
              "rhs" : {
                "type" : "value",
                "value" : 6
              },
              "operator" : "lessThan"
            } ]
          }
        } ]
      } ],
      "mandatory" : true
    }, {
      "name" : "CK Counselling for feeding your child frequently",
      "uuid" : "249f109b-f197-412f-9060-785a4266e66e",
      "keyValues" : [ ],
      "concept" : {
        "name" : "Placeholder for counselling form element",
        "uuid" : "b4e5a662-97bf-4846-b9b7-9baeab4d89c4",
        "dataType" : "Coded",
        "answers" : [ {
          "name" : "Yes",
          "uuid" : "04bb1773-c353-44a1-a68c-9b448e07ff70",
          "dataType" : "NA",
          "answers" : [ ],
          "order" : 0.0,
          "active" : true
        } ],
        "active" : true
      },
      "displayOrder" : 2.0,
      "type" : "SingleSelect",
      "rule" : "'use strict';\n({params, imports}) => {\n  const programEncounter = params.entity;\n  const moment = imports.moment;\n  const formElement = params.formElement;\n  const _ = imports.lodash;\n  let visibility = true;\n  let value = null;\n  let answersToSkip = [];\n  let validationErrors = [];\n  \n  const condition11 = new imports.rulesConfig.RuleCondition({programEncounter, formElement}).when.valueInEncounter(\"0f071c2a-82a7-45cf-8198-90c12ec7a6f3\").lessThan(8).and.when.ageInMonths.lessThan(6).matches();\n  \n  visibility = condition11 ;\n  \n  return new imports.rulesConfig.FormElementStatus(formElement.uuid, visibility, value, answersToSkip, validationErrors);\n};",
      "declarativeRule" : [ {
        "actions" : [ {
          "actionType" : "showFormElement"
        }, { } ],
        "conditions" : [ {
          "compoundRule" : {
            "rules" : [ {
              "lhs" : {
                "type" : "concept",
                "scope" : "encounter",
                "conceptName" : "How many times is your child fed in 24 hours?",
                "conceptUuid" : "0f071c2a-82a7-45cf-8198-90c12ec7a6f3",
                "conceptDataType" : "Numeric"
              },
              "rhs" : {
                "type" : "value",
                "value" : 8
              },
              "operator" : "lessThan"
            }, {
              "lhs" : {
                "type" : "ageInMonths"
              },
              "rhs" : {
                "type" : "value",
                "value" : 6
              },
              "operator" : "lessThan"
            } ],
            "conjunction" : "and"
          }
        } ]
      } ],
      "mandatory" : false
    }, {
      "name" : "How many times has your child urinated in the last 24 hours?",
      "uuid" : "e0538523-bbd1-4ccc-84b4-960c10985b07",
      "keyValues" : [ ],
      "concept" : {
        "name" : "Number of times urinated in the last 24 hours",
        "uuid" : "cd06dba4-0319-4a0d-a304-9f87908e18a2",
        "dataType" : "Numeric",
        "answers" : [ ],
        "active" : true
      },
      "displayOrder" : 3.0,
      "type" : "SingleSelect",
      "rule" : "'use strict';\n({params, imports}) => {\n  const programEncounter = params.entity;\n  const moment = imports.moment;\n  const formElement = params.formElement;\n  const _ = imports.lodash;\n  let visibility = true;\n  let value = null;\n  let answersToSkip = [];\n  let validationErrors = [];\n  \n  const condition11 = new imports.rulesConfig.RuleCondition({programEncounter, formElement}).when.ageInMonths.lessThan(6).matches();\n  \n  visibility = condition11 ;\n  \n  return new imports.rulesConfig.FormElementStatus(formElement.uuid, visibility, value, answersToSkip, validationErrors);\n};",
      "declarativeRule" : [ {
        "actions" : [ {
          "actionType" : "showFormElement"
        }, { } ],
        "conditions" : [ {
          "compoundRule" : {
            "rules" : [ {
              "lhs" : {
                "type" : "ageInMonths"
              },
              "rhs" : {
                "type" : "value",
                "value" : 6
              },
              "operator" : "lessThan"
            } ]
          }
        } ]
      } ],
      "mandatory" : true
    }, {
      "name" : "Is your baby having any of the following problems?",
      "uuid" : "3d0dddf6-2d85-4480-8a4b-a0c19a14b28e",
      "keyValues" : [ ],
      "concept" : {
        "name" : "Is your baby having any of the following problems?",
        "uuid" : "23032ec0-3ea7-47f0-a13a-2975dda164f9",
        "dataType" : "Coded",
        "answers" : [ {
          "name" : "None",
          "uuid" : "ebda5e05-a995-43ca-ad1a-30af3b937539",
          "dataType" : "NA",
          "answers" : [ ],
          "order" : 4.0,
          "unique" : true,
          "active" : true
        }, {
          "name" : "Lethargy",
          "uuid" : "2f2339c0-9405-4da5-b6c3-4a2e99033a23",
          "dataType" : "NA",
          "answers" : [ ],
          "order" : 1.0,
          "abnormal" : true,
          "active" : true
        }, {
          "name" : "Fever",
          "uuid" : "0b7f3334-f81e-4d84-a13d-b35011e34456",
          "dataType" : "NA",
          "answers" : [ ],
          "order" : 2.0,
          "abnormal" : true,
          "active" : true
        }, {
          "name" : "Redness or discharge on the skin around the belly button",
          "uuid" : "3d41437e-3a00-44df-9190-9d87e37deb41",
          "dataType" : "NA",
          "answers" : [ ],
          "order" : 3.0,
          "abnormal" : true,
          "active" : true
        } ],
        "active" : true
      },
      "displayOrder" : 4.0,
      "type" : "MultiSelect",
      "rule" : "'use strict';\n({params, imports}) => {\n  const programEncounter = params.entity;\n  const moment = imports.moment;\n  const formElement = params.formElement;\n  const _ = imports.lodash;\n  let visibility = true;\n  let value = null;\n  let answersToSkip = [];\n  let validationErrors = [];\n  \n  const condition11 = new imports.rulesConfig.RuleCondition({programEncounter, formElement}).when.ageInMonths.lessThan(3).matches();\n  \n  visibility = condition11 ;\n  \n  return new imports.rulesConfig.FormElementStatus(formElement.uuid, visibility, value, answersToSkip, validationErrors);\n};",
      "declarativeRule" : [ {
        "actions" : [ {
          "actionType" : "showFormElement"
        }, { } ],
        "conditions" : [ {
          "compoundRule" : {
            "rules" : [ {
              "lhs" : {
                "type" : "ageInMonths"
              },
              "rhs" : {
                "type" : "value",
                "value" : 3
              },
              "operator" : "lessThan"
            } ]
          }
        } ]
      } ],
      "mandatory" : true
    }, {
      "name" : "Has your child been sick in the last 2 weeks?",
      "uuid" : "6122be2f-6999-4842-a6b5-41a0a60f454c",
      "keyValues" : [ ],
      "concept" : {
        "name" : "Has your child been sick in the last 2 weeks?",
        "uuid" : "b37d402b-0439-49d9-8bdd-b13786a1f2b1",
        "dataType" : "Coded",
        "answers" : [ {
          "name" : "No",
          "uuid" : "e7b50c78-3d90-484d-a224-9887887780dc",
          "dataType" : "NA",
          "answers" : [ ],
          "order" : 2.0,
          "active" : true
        }, {
          "name" : "Yes",
          "uuid" : "04bb1773-c353-44a1-a68c-9b448e07ff70",
          "dataType" : "NA",
          "answers" : [ ],
          "order" : 1.0,
          "abnormal" : true,
          "active" : true
        } ],
        "active" : true
      },
      "displayOrder" : 5.0,
      "type" : "SingleSelect",
      "rule" : "'use strict';\n({params, imports}) => {\n  const programEncounter = params.entity;\n  const moment = imports.moment;\n  const formElement = params.formElement;\n  const _ = imports.lodash;\n  let visibility = true;\n  let value = null;\n  let answersToSkip = [];\n  let validationErrors = [];\n  \n  return new imports.rulesConfig.FormElementStatus(formElement.uuid, visibility, value, answersToSkip, validationErrors);\n};",
      "mandatory" : true
    }, {
      "name" : "What illness did the child have?",
      "uuid" : "0204fe55-fe8b-4444-94cb-fa290ca24e20",
      "keyValues" : [ ],
      "concept" : {
        "name" : "What illness did the child have?",
        "uuid" : "c18ef97f-f3ba-4d60-9420-c8f0afa73863",
        "dataType" : "Coded",
        "answers" : [ {
          "name" : "Ear problem",
          "uuid" : "7120f1d1-c840-407e-b56b-968ae4386ff3",
          "dataType" : "NA",
          "answers" : [ ],
          "order" : 7.0,
          "abnormal" : true,
          "active" : true
        }, {
          "name" : "Fever",
          "uuid" : "0b7f3334-f81e-4d84-a13d-b35011e34456",
          "dataType" : "NA",
          "answers" : [ ],
          "order" : 3.0,
          "abnormal" : true,
          "active" : true
        }, {
          "name" : "Cough and Cold",
          "uuid" : "cd2b8ad3-c147-4787-94b0-ef9013a16ddb",
          "dataType" : "NA",
          "answers" : [ ],
          "order" : 1.0,
          "abnormal" : true,
          "active" : true
        }, {
          "name" : "Vomiting",
          "uuid" : "8126ae79-28d5-4587-bca1-1c8f518b48f4",
          "dataType" : "NA",
          "answers" : [ ],
          "order" : 2.0,
          "abnormal" : true,
          "active" : true
        }, {
          "name" : "Loss of appetite",
          "uuid" : "47e93f5b-3bfb-4fb7-826f-278d8d0e04ce",
          "dataType" : "NA",
          "answers" : [ ],
          "order" : 4.0,
          "abnormal" : true,
          "active" : true
        }, {
          "name" : "Skin conditions",
          "uuid" : "34ec6d43-8beb-46b1-b4ee-7bac53e14d94",
          "dataType" : "NA",
          "answers" : [ ],
          "order" : 6.0,
          "abnormal" : true,
          "active" : true
        }, {
          "name" : "Diarrhea",
          "uuid" : "eaacc06f-a678-4588-a864-a1a21da2286e",
          "dataType" : "NA",
          "answers" : [ ],
          "order" : 5.0,
          "abnormal" : true,
          "active" : true
        }, {
          "name" : "Other",
          "uuid" : "05ea583c-51d2-412d-ad00-06c432ffe538",
          "dataType" : "NA",
          "answers" : [ ],
          "order" : 8.0,
          "abnormal" : true,
          "active" : true
        } ],
        "active" : true
      },
      "displayOrder" : 6.0,
      "type" : "MultiSelect",
      "rule" : "'use strict';\n({params, imports}) => {\n  const programEncounter = params.entity;\n  const moment = imports.moment;\n  const formElement = params.formElement;\n  const _ = imports.lodash;\n  let visibility = true;\n  let value = null;\n  let answersToSkip = [];\n  let validationErrors = [];\n  \n  const condition11 = new imports.rulesConfig.RuleCondition({programEncounter, formElement}).when.valueInEncounter(\"b37d402b-0439-49d9-8bdd-b13786a1f2b1\").containsAnswerConceptName(\"04bb1773-c353-44a1-a68c-9b448e07ff70\").matches();\n  \n  visibility = condition11 ;\n  \n  return new imports.rulesConfig.FormElementStatus(formElement.uuid, visibility, value, answersToSkip, validationErrors);\n};",
      "declarativeRule" : [ {
        "actions" : [ {
          "actionType" : "showFormElement"
        }, { } ],
        "conditions" : [ {
          "compoundRule" : {
            "rules" : [ {
              "lhs" : {
                "type" : "concept",
                "scope" : "encounter",
                "conceptName" : "Has your child been sick in the last 2 weeks?",
                "conceptUuid" : "b37d402b-0439-49d9-8bdd-b13786a1f2b1",
                "conceptDataType" : "Coded"
              },
              "rhs" : {
                "type" : "answerConcept",
                "answerConceptNames" : [ "Yes" ],
                "answerConceptUuids" : [ "04bb1773-c353-44a1-a68c-9b448e07ff70" ]
              },
              "operator" : "containsAnswerConceptName"
            } ]
          }
        } ]
      } ],
      "mandatory" : true
    }, {
      "name" : "Any other illness?",
      "uuid" : "adc9159f-b120-4a48-b5b4-f26c38dddbd5",
      "keyValues" : [ ],
      "concept" : {
        "name" : "Any other illness?",
        "uuid" : "f90022c0-e236-4a10-872e-1ed73d50a61b",
        "dataType" : "Text",
        "answers" : [ ],
        "active" : true
      },
      "displayOrder" : 7.0,
      "type" : "SingleSelect",
      "rule" : "'use strict';\n({params, imports}) => {\n  const programEncounter = params.entity;\n  const moment = imports.moment;\n  const formElement = params.formElement;\n  const _ = imports.lodash;\n  let visibility = true;\n  let value = null;\n  let answersToSkip = [];\n  let validationErrors = [];\n  \n  const condition11 = new imports.rulesConfig.RuleCondition({programEncounter, formElement}).when.valueInEncounter(\"c18ef97f-f3ba-4d60-9420-c8f0afa73863\").containsAnswerConceptName(\"05ea583c-51d2-412d-ad00-06c432ffe538\").matches();\n  \n  visibility = condition11 ;\n  \n  return new imports.rulesConfig.FormElementStatus(formElement.uuid, visibility, value, answersToSkip, validationErrors);\n};",
      "declarativeRule" : [ {
        "actions" : [ {
          "actionType" : "showFormElement"
        }, { } ],
        "conditions" : [ {
          "compoundRule" : {
            "rules" : [ {
              "lhs" : {
                "type" : "concept",
                "scope" : "encounter",
                "conceptName" : "What illness did the child have?",
                "conceptUuid" : "c18ef97f-f3ba-4d60-9420-c8f0afa73863",
                "conceptDataType" : "Coded"
              },
              "rhs" : {
                "type" : "answerConcept",
                "answerConceptNames" : [ "Other" ],
                "answerConceptUuids" : [ "05ea583c-51d2-412d-ad00-06c432ffe538" ]
              },
              "operator" : "containsAnswerConceptName"
            } ]
          }
        } ]
      } ],
      "mandatory" : true
    }, {
      "name" : "Is your child sick right now?",
      "uuid" : "0258e416-c703-4390-a0a6-90b9f8eb8659",
      "keyValues" : [ ],
      "concept" : {
        "name" : "Is your child sick right now?",
        "uuid" : "cd923b01-b535-490d-8816-1d4eb682eaec",
        "dataType" : "Coded",
        "answers" : [ {
          "name" : "No",
          "uuid" : "e7b50c78-3d90-484d-a224-9887887780dc",
          "dataType" : "NA",
          "answers" : [ ],
          "order" : 2.0,
          "active" : true
        }, {
          "name" : "Yes",
          "uuid" : "04bb1773-c353-44a1-a68c-9b448e07ff70",
          "dataType" : "NA",
          "answers" : [ ],
          "order" : 1.0,
          "abnormal" : true,
          "active" : true
        } ],
        "active" : true
      },
      "displayOrder" : 8.0,
      "type" : "SingleSelect",
      "rule" : "'use strict';\n({params, imports}) => {\n  const programEncounter = params.entity;\n  const moment = imports.moment;\n  const formElement = params.formElement;\n  const _ = imports.lodash;\n  let visibility = true;\n  let value = null;\n  let answersToSkip = [];\n  let validationErrors = [];\n  \n  return new imports.rulesConfig.FormElementStatus(formElement.uuid, visibility, value, answersToSkip, validationErrors);\n};",
      "mandatory" : true
    }, {
      "name" : "CK Counselling for child being sick right now",
      "uuid" : "f6ed9e65-7a51-47b7-8fde-da9589079df5",
      "keyValues" : [ ],
      "concept" : {
        "name" : "Placeholder for counselling form element",
        "uuid" : "b4e5a662-97bf-4846-b9b7-9baeab4d89c4",
        "dataType" : "Coded",
        "answers" : [ {
          "name" : "Yes",
          "uuid" : "04bb1773-c353-44a1-a68c-9b448e07ff70",
          "dataType" : "NA",
          "answers" : [ ],
          "order" : 0.0,
          "active" : true
        } ],
        "active" : true
      },
      "displayOrder" : 9.0,
      "type" : "SingleSelect",
      "rule" : "'use strict';\n({params, imports}) => {\n  const programEncounter = params.entity;\n  const moment = imports.moment;\n  const formElement = params.formElement;\n  const _ = imports.lodash;\n  let visibility = true;\n  let value = null;\n  let answersToSkip = [];\n  let validationErrors = [];\n  \n  const condition11 = new imports.rulesConfig.RuleCondition({programEncounter, formElement}).when.valueInEncounter(\"cd923b01-b535-490d-8816-1d4eb682eaec\").containsAnswerConceptName(\"04bb1773-c353-44a1-a68c-9b448e07ff70\").matches();\n  \n  visibility = condition11 ;\n  \n  return new imports.rulesConfig.FormElementStatus(formElement.uuid, visibility, value, answersToSkip, validationErrors);\n};",
      "declarativeRule" : [ {
        "actions" : [ {
          "actionType" : "showFormElement"
        }, { } ],
        "conditions" : [ {
          "compoundRule" : {
            "rules" : [ {
              "lhs" : {
                "type" : "concept",
                "scope" : "encounter",
                "conceptName" : "Is your child sick right now?",
                "conceptUuid" : "cd923b01-b535-490d-8816-1d4eb682eaec",
                "conceptDataType" : "Coded"
              },
              "rhs" : {
                "type" : "answerConcept",
                "answerConceptNames" : [ "Yes" ],
                "answerConceptUuids" : [ "04bb1773-c353-44a1-a68c-9b448e07ff70" ]
              },
              "operator" : "containsAnswerConceptName"
            } ]
          }
        } ]
      } ],
      "mandatory" : false
    } ],
    "timed" : false
  }, {
    "uuid" : "e5d432a5-4d6d-403a-8f2b-059ce1356410",
    "name" : "Referral",
    "displayOrder" : 3.0,
    "display" : "Referral",
    "formElements" : [ {
      "name" : "Refer child to",
      "uuid" : "5df4da7b-9c60-4904-96ea-34c7eb8267ef",
      "keyValues" : [ ],
      "concept" : {
        "name" : "Refer child to",
        "uuid" : "3e417584-87dc-41dd-9fd9-87497d560de9",
        "dataType" : "Coded",
        "answers" : [ {
          "name" : "Hospital",
          "uuid" : "8359bf16-d329-4752-927c-24a9364f12bf",
          "dataType" : "NA",
          "answers" : [ ],
          "order" : 2.0,
          "active" : true
        }, {
          "name" : "Doctor",
          "uuid" : "062071e7-85a9-4da0-9d59-c27b00e53a60",
          "dataType" : "NA",
          "answers" : [ ],
          "order" : 1.0,
          "active" : true
        } ],
        "active" : true
      },
      "displayOrder" : 1.0,
      "type" : "SingleSelect",
      "mandatory" : false
    }, {
      "name" : "Should this person be considered a special case?",
      "uuid" : "60b0df51-2dfe-44e1-b164-58c86dcc59f6",
      "keyValues" : [ ],
      "concept" : {
        "name" : "Consider a special case",
        "uuid" : "24c0eb2b-d6bf-4099-a8d5-0ac2217e98b7",
        "dataType" : "Coded",
        "answers" : [ {
          "name" : "Yes",
          "uuid" : "04bb1773-c353-44a1-a68c-9b448e07ff70",
          "dataType" : "NA",
          "answers" : [ ],
          "order" : 1.0,
          "active" : true
        }, {
          "name" : "No",
          "uuid" : "e7b50c78-3d90-484d-a224-9887887780dc",
          "dataType" : "NA",
          "answers" : [ ],
          "order" : 2.0,
          "active" : true
        } ],
        "active" : true
      },
      "displayOrder" : 2.0,
      "type" : "SingleSelect",
      "mandatory" : false
    } ],
    "timed" : false
  }, {
    "uuid" : "cb7d525c-e54a-4aa0-93aa-ee37a78f0fa4",
    "name" : "Community meeting attendance",
    "displayOrder" : 4.0,
    "display" : "Community meeting attendance",
    "formElements" : [ {
      "name" : "Attended last community meetup?",
      "uuid" : "9e64317d-e93f-43d1-b74a-546c70bdd92d",
      "keyValues" : [ ],
      "concept" : {
        "name" : "Whether attended last community meetup",
        "uuid" : "1eb2875c-8956-4c50-96dd-d53815397cd9",
        "dataType" : "Coded",
        "answers" : [ {
          "name" : "Yes",
          "uuid" : "04bb1773-c353-44a1-a68c-9b448e07ff70",
          "dataType" : "NA",
          "answers" : [ ],
          "order" : 1.0,
          "active" : true
        }, {
          "name" : "Present",
          "uuid" : "57b51d52-981f-4af2-b133-aeffa6d00757",
          "dataType" : "NA",
          "answers" : [ ],
          "order" : 4.0,
          "active" : true
        }, {
          "name" : "Newly Registered",
          "uuid" : "fd22b0df-2b14-496d-b9e3-b6c6d3d2065c",
          "dataType" : "NA",
          "answers" : [ ],
          "order" : 6.0,
          "active" : true
        }, {
          "name" : "Hospitalized",
          "uuid" : "5a53ff7c-dc47-4c93-8a59-be759dcc435c",
          "dataType" : "NA",
          "answers" : [ ],
          "order" : 7.0,
          "active" : true
        }, {
          "name" : "No",
          "uuid" : "e7b50c78-3d90-484d-a224-9887887780dc",
          "dataType" : "NA",
          "answers" : [ ],
          "order" : 2.0,
          "active" : true
        }, {
          "name" : "Other",
          "uuid" : "05ea583c-51d2-412d-ad00-06c432ffe538",
          "dataType" : "NA",
          "answers" : [ ],
          "order" : 8.0,
          "active" : true
        }, {
          "name" : "Absent",
          "uuid" : "10885638-561a-42b6-8b24-8daa01864c89",
          "dataType" : "NA",
          "answers" : [ ],
          "order" : 3.0,
          "active" : true
        }, {
          "name" : "Away from village",
          "uuid" : "72fd70f8-65ae-4ac4-8339-6faf455e04f5",
          "dataType" : "NA",
          "answers" : [ ],
          "order" : 5.0,
          "active" : true
        } ],
        "active" : true
      },
      "displayOrder" : 1.0,
      "type" : "SingleSelect",
      "mandatory" : true
    }, {
      "name" : "Other, please specify",
      "uuid" : "c587c09b-e4ff-47fd-92fe-d0a9a2e4b9d3",
      "keyValues" : [ ],
      "concept" : {
        "name" : "Other reason for not attending last community meetup",
        "uuid" : "7467e767-b0be-4228-bf8b-911b2a774787",
        "dataType" : "Text",
        "answers" : [ ],
        "active" : true
      },
      "displayOrder" : 2.0,
      "type" : "SingleSelect",
      "rule" : "'use strict';\n({params, imports}) => {\n  const programEncounter = params.entity;\n  const moment = imports.moment;\n  const formElement = params.formElement;\n  const _ = imports.lodash;\n  let visibility = true;\n  let value = null;\n  let answersToSkip = [];\n  let validationErrors = [];\n  \n  const condition11 = new imports.rulesConfig.RuleCondition({programEncounter, formElement}).when.valueInEncounter(\"1eb2875c-8956-4c50-96dd-d53815397cd9\").containsAnswerConceptName(\"05ea583c-51d2-412d-ad00-06c432ffe538\").matches();\n  \n  visibility = condition11 ;\n  \n  return new imports.rulesConfig.FormElementStatus(formElement.uuid, visibility, value, answersToSkip, validationErrors);\n};",
      "declarativeRule" : [ {
        "actions" : [ {
          "actionType" : "showFormElement"
        }, { } ],
        "conditions" : [ {
          "compoundRule" : {
            "rules" : [ {
              "lhs" : {
                "type" : "concept",
                "scope" : "encounter",
                "conceptName" : "Whether attended last community meetup",
                "conceptUuid" : "1eb2875c-8956-4c50-96dd-d53815397cd9",
                "conceptDataType" : "Coded"
              },
              "rhs" : {
                "type" : "answerConcept",
                "answerConceptNames" : [ "Other" ],
                "answerConceptUuids" : [ "05ea583c-51d2-412d-ad00-06c432ffe538" ]
              },
              "operator" : "containsAnswerConceptName"
            } ]
          }
        } ]
      } ],
      "mandatory" : true
    } ],
    "timed" : false
  }, {
    "uuid" : "66917f16-1c07-4879-8e73-94d107d43bf8",
    "name" : "Counselling",
    "displayOrder" : 5.0,
    "display" : "Counselling",
    "formElements" : [ {
      "name" : "Child post natal discussion topics LBW",
      "uuid" : "50e8e8be-be1f-47fe-a6c9-1d97cb115dc1",
      "keyValues" : [ ],
      "concept" : {
        "name" : "Placeholder for counselling form element",
        "uuid" : "b4e5a662-97bf-4846-b9b7-9baeab4d89c4",
        "dataType" : "Coded",
        "answers" : [ {
          "name" : "Yes",
          "uuid" : "04bb1773-c353-44a1-a68c-9b448e07ff70",
          "dataType" : "NA",
          "answers" : [ ],
          "order" : 0.0,
          "active" : true
        } ],
        "active" : true
      },
      "displayOrder" : 1.0,
      "type" : "SingleSelect",
      "rule" : "'use strict';\n({params, imports}) => {\n  const programEncounter = params.entity;\n  const moment = imports.moment;\n  const formElement = params.formElement;\n  const _ = imports.lodash;\n  let visibility = true;\n  let value = null;\n  let answersToSkip = [];\n  let validationErrors = [];\n  \n  const condition11 = new imports.rulesConfig.RuleCondition({programEncounter, formElement}).when.ageInMonths.lessThan(3).matches();\n  \n  visibility = condition11 ;\n  \n  return new imports.rulesConfig.FormElementStatus(formElement.uuid, visibility, value, answersToSkip, validationErrors);\n};",
      "declarativeRule" : [ {
        "actions" : [ {
          "actionType" : "showFormElement"
        }, { } ],
        "conditions" : [ {
          "compoundRule" : {
            "rules" : [ {
              "lhs" : {
                "type" : "ageInMonths"
              },
              "rhs" : {
                "type" : "value",
                "value" : 3
              },
              "operator" : "lessThan"
            } ]
          }
        } ]
      } ],
      "mandatory" : false
    }, {
      "name" : "Child post natal discussion topics",
      "uuid" : "49e9e465-8d70-4479-8648-7fcb72b38fdd",
      "keyValues" : [ ],
      "concept" : {
        "name" : "Placeholder for counselling form element",
        "uuid" : "b4e5a662-97bf-4846-b9b7-9baeab4d89c4",
        "dataType" : "Coded",
        "answers" : [ {
          "name" : "Yes",
          "uuid" : "04bb1773-c353-44a1-a68c-9b448e07ff70",
          "dataType" : "NA",
          "answers" : [ ],
          "order" : 0.0,
          "active" : true
        } ],
        "active" : true
      },
      "displayOrder" : 2.0,
      "type" : "SingleSelect",
      "rule" : "'use strict';\n({params, imports}) => {\n  const programEncounter = params.entity;\n  const moment = imports.moment;\n  const formElement = params.formElement;\n  const _ = imports.lodash;\n  let visibility = true;\n  let value = null;\n  let answersToSkip = [];\n  let validationErrors = [];\n  \n  const condition11 = new imports.rulesConfig.RuleCondition({programEncounter, formElement}).when.ageInMonths.greaterThanOrEqualTo(3).matches();\n  \n  visibility = condition11 ;\n  \n  return new imports.rulesConfig.FormElementStatus(formElement.uuid, visibility, value, answersToSkip, validationErrors);\n};",
      "declarativeRule" : [ {
        "actions" : [ {
          "actionType" : "showFormElement"
        }, { } ],
        "conditions" : [ {
          "compoundRule" : {
            "rules" : [ {
              "lhs" : {
                "type" : "ageInMonths"
              },
              "rhs" : {
                "type" : "value",
                "value" : 3
              },
              "operator" : "greaterThanOrEqualTo"
            } ]
          }
        } ]
      } ],
      "mandatory" : false
    } ],
    "timed" : false
  }, {
    "uuid" : "45a390f4-8560-4b78-9904-6cbb4e50028a",
    "name" : "Notes",
    "displayOrder" : 6.0,
    "display" : "Notes",
    "formElements" : [ {
      "name" : "Notes",
      "uuid" : "a9bdf82a-c172-44e3-b82a-401f679a6d82",
      "keyValues" : [ ],
      "concept" : {
        "name" : "Visit notes",
        "uuid" : "4f1c32ee-16fa-4f13-a363-fd0fbc45b4a0",
        "dataType" : "Notes",
        "answers" : [ ],
        "active" : true
      },
      "displayOrder" : 1.0,
      "type" : "SingleSelect",
      "mandatory" : false
    } ],
    "timed" : false
  } ],
  "decisionRule" : "\"use strict\";\n({params, imports}) => {\n    const programEncounter = params.entity;\n    const moment = imports.moment;\n    const decisions = params.decisions;\n    \n    const complicationsBuilder = new imports.rulesConfig.complicationsBuilder({\n        programEncounter: programEncounter,\n        complicationsConcept: \"Refer to Calcutta Kids doctor\"\n    });\n    \n    complicationsBuilder.addComplication(\"Insufficient urination\")\n        .when.ageInMonths.lessThanOrEqualTo(1).and\n        .valueInEncounter(\"Number of times urinated in the last 24 hours\").lessThan(6);\n\n    complicationsBuilder.addComplication(\"Insufficient urination\")\n        .when.ageInMonths.greaterThan(1).and\n        .when.ageInMonths.lessThan(6).and\n        .when.valueInEncounter(\"Number of times urinated in the last 24 hours\").lessThan(8);\n\n    [\"Lethargy\", \"Redness or discharge on the skin around the belly button\", \"Fever\"]\n        .forEach(complication =>\n            complicationsBuilder.addComplication(complication)\n                .when\n                .valueInEncounter(\"Is your baby having any of the following problems?\")\n                .containsAnswerConceptName(complication));\n\n    complicationsBuilder.addComplication('Most critical')\n        .when.ageInMonths.lessThan(1)\n        .and.when.valueInEncounter('Is your baby having any of the following problems?')\n        .containsAnyAnswerConceptName(\"Lethargy\", \"Redness or discharge on the skin around the belly button\", \"Fever\");\n\n    complicationsBuilder.addComplication(\"Illness\")\n        .when.valueInEncounter(\"Is your child sick right now?\").is.yes\n        .or.when.valueInEncounter(\"Refer child to\").is.defined;\n    \n    decisions.encounterDecisions.push(complicationsBuilder.getComplications());\n    \n    return decisions;\n};",
  "visitScheduleRule" : "//SAMPLE RULE EXAMPLE\n\"use strict\";\n({ params, imports }) => {\n    const programEncounter = params.entity;\n    const moment = imports.moment;\n    const scheduleBuilder = new imports.rulesConfig.VisitScheduleBuilder({\n        programEncounter\n    });\n\n    const visitNameSuffix = (individual, earliestDate) => {\n        let ageInMonths = individual.getAgeInMonths(earliestDate);\n        return ageInMonths <= 3 ? 'age less than 3 months' : ageInMonths <= 6 ? 'age between 3-6 months' : 'age greater than 6 months';\n    };\n\n    const earliestDate = moment(programEncounter.getRealEventDate()).add(1, 'month').startOf('month').toDate();\n    const maxDate = moment(earliestDate).add(21, 'days').toDate();\n\n    scheduleBuilder.add({\n        name: 'Child Home Visit - ' + visitNameSuffix(programEncounter.programEnrolment.individual, earliestDate), \n        encounterType: \"Child Home Visit\", \n        earliestDate: earliestDate, \n        maxDate: maxDate\n    });\n    \n    //add new visit schedule object to scheduleBuilder\n    return scheduleBuilder.getAll();\n};",
  "validationRule" : "",
  "checklistsRule" : "",
  "decisionConcepts" : [ ]
}