{
  "name" : "Mother Home Visit",
  "uuid" : "2a13df4b-6d61-4f11-850d-1ea6d13860df",
  "formType" : "ProgramEncounter",
  "formElementGroups" : [ {
    "uuid" : "1a83dbb8-2370-42f5-9fcc-2ce36bf81592",
    "name" : "Mother Health/Behaviour Monitoring",
    "displayOrder" : 1.0,
    "display" : "Health/Behaviour Monitoring",
    "formElements" : [ {
      "name" : "Do you have any of the following health problems?",
      "uuid" : "3878ab28-ed40-4743-9dae-33eb2fa424b4",
      "keyValues" : [ ],
      "concept" : {
        "name" : "Mother's health problems",
        "uuid" : "38a2939d-cba7-48d8-9bde-9a77ec2a43b2",
        "dataType" : "Coded",
        "answers" : [ {
          "name" : "Vaginal/urethral problems",
          "uuid" : "e3acaede-e67c-4d72-a1a7-06954b862408",
          "dataType" : "NA",
          "answers" : [ ],
          "order" : 4.0,
          "abnormal" : true,
          "active" : true
        }, {
          "name" : "Episiotomy",
          "uuid" : "d3591b97-f88f-4125-94e0-aa65ad7fb6dd",
          "dataType" : "NA",
          "answers" : [ ],
          "order" : 3.0,
          "active" : true
        }, {
          "name" : "None",
          "uuid" : "ebda5e05-a995-43ca-ad1a-30af3b937539",
          "dataType" : "NA",
          "answers" : [ ],
          "order" : 6.0,
          "unique" : true,
          "active" : true
        }, {
          "name" : "Other",
          "uuid" : "05ea583c-51d2-412d-ad00-06c432ffe538",
          "dataType" : "NA",
          "answers" : [ ],
          "order" : 5.0,
          "abnormal" : true,
          "active" : true
        }, {
          "name" : "High Temperature",
          "uuid" : "eb1ec712-8a28-4511-ba59-4254ad301700",
          "dataType" : "NA",
          "answers" : [ ],
          "order" : 4.0,
          "active" : true
        }, {
          "name" : "Abdominal pain",
          "uuid" : "7b8829db-9a5a-4177-bab3-6f8e3bb3832c",
          "dataType" : "NA",
          "answers" : [ ],
          "order" : 1.0,
          "active" : true
        }, {
          "name" : "High fever (above 102°C)",
          "uuid" : "f6628b6c-0c6e-4deb-bc5c-faaf6d22a4be",
          "dataType" : "NA",
          "answers" : [ ],
          "order" : 1.0,
          "abnormal" : true,
          "active" : true
        }, {
          "name" : "Foul smelling vaginal discharge or blood",
          "uuid" : "57c3c31b-341c-4ab9-ac65-de75a432a089",
          "dataType" : "NA",
          "answers" : [ ],
          "order" : 2.0,
          "abnormal" : true,
          "active" : true
        }, {
          "name" : "Abnormal vaginal discharge",
          "uuid" : "aa30fb91-4b64-438b-b09e-4c7ff2701d71",
          "dataType" : "NA",
          "answers" : [ ],
          "order" : 2.0,
          "active" : true
        }, {
          "name" : "Moderate to severe abdominal pain",
          "uuid" : "94a22fed-e9a5-438e-8a17-ec4ae40c5d4f",
          "dataType" : "NA",
          "answers" : [ ],
          "order" : 3.0,
          "abnormal" : true,
          "active" : true
        } ],
        "active" : true
      },
      "displayOrder" : 1.0,
      "type" : "MultiSelect",
      "mandatory" : true
    }, {
      "name" : "Specify other problem",
      "uuid" : "2b4875d8-9a93-4c34-9eb2-461cec9433ed",
      "keyValues" : [ ],
      "concept" : {
        "name" : "Other health problems",
        "uuid" : "7d708690-ba0a-41f7-87ff-cbe0e45f6008",
        "dataType" : "Text",
        "answers" : [ ],
        "active" : true
      },
      "displayOrder" : 2.0,
      "type" : "SingleSelect",
      "mandatory" : true
    }, {
      "name" : "Did you receive stitches during delivery?",
      "uuid" : "577fbaa0-4ff0-415d-aac4-5233f2b90c99",
      "keyValues" : [ ],
      "concept" : {
        "name" : "Did mother receive stitches during delivery?",
        "uuid" : "97778056-7da6-4e48-9687-aaa4e8d0a294",
        "dataType" : "Coded",
        "answers" : [ {
          "name" : "Yes",
          "uuid" : "04bb1773-c353-44a1-a68c-9b448e07ff70",
          "dataType" : "NA",
          "answers" : [ ],
          "order" : 1.0,
          "active" : true
        }, {
          "name" : "No",
          "uuid" : "e7b50c78-3d90-484d-a224-9887887780dc",
          "dataType" : "NA",
          "answers" : [ ],
          "order" : 2.0,
          "active" : true
        } ],
        "active" : true
      },
      "displayOrder" : 3.0,
      "type" : "SingleSelect",
      "mandatory" : true
    }, {
      "name" : "Are your stitches open or loose?",
      "uuid" : "8edc4772-38fc-4383-a32e-be30f753f5be",
      "keyValues" : [ ],
      "concept" : {
        "name" : "Are mother's stitches open or loose?",
        "uuid" : "4d5c7ea4-1f3b-43da-a942-20b1e8311ffe",
        "dataType" : "Coded",
        "answers" : [ {
          "name" : "Yes",
          "uuid" : "04bb1773-c353-44a1-a68c-9b448e07ff70",
          "dataType" : "NA",
          "answers" : [ ],
          "order" : 1.0,
          "active" : true
        }, {
          "name" : "No",
          "uuid" : "e7b50c78-3d90-484d-a224-9887887780dc",
          "dataType" : "NA",
          "answers" : [ ],
          "order" : 2.0,
          "active" : true
        } ],
        "active" : true
      },
      "displayOrder" : 4.0,
      "type" : "SingleSelect",
      "mandatory" : false
    }, {
      "name" : "Is there discharge from the wound?",
      "uuid" : "aa0ef930-26f3-4a5a-8624-df2e069d794c",
      "keyValues" : [ ],
      "concept" : {
        "name" : "Is there discharge from the wound?",
        "uuid" : "dbc5a44b-b42f-4531-93c1-1ee9e3dfa7ea",
        "dataType" : "Coded",
        "answers" : [ {
          "name" : "Yes",
          "uuid" : "04bb1773-c353-44a1-a68c-9b448e07ff70",
          "dataType" : "NA",
          "answers" : [ ],
          "order" : 1.0,
          "active" : true
        }, {
          "name" : "No",
          "uuid" : "e7b50c78-3d90-484d-a224-9887887780dc",
          "dataType" : "NA",
          "answers" : [ ],
          "order" : 2.0,
          "active" : true
        } ],
        "active" : true
      },
      "displayOrder" : 5.0,
      "type" : "SingleSelect",
      "mandatory" : false
    }, {
      "name" : "Where do you get your IFA tablets?",
      "uuid" : "511faad5-8ab8-4dbe-9cb3-2b5a5fdc31f0",
      "keyValues" : [ ],
      "concept" : {
        "name" : "Where does mother get IFA tablets from?",
        "uuid" : "aa9462ca-9312-41df-8a92-741d81f77ee7",
        "dataType" : "Coded",
        "answers" : [ {
          "name" : "Private",
          "uuid" : "f866daf5-9e36-4ec5-976c-b4a73a5ed45a",
          "dataType" : "NA",
          "answers" : [ ],
          "order" : 2.0,
          "active" : true
        }, {
          "name" : "None",
          "uuid" : "ebda5e05-a995-43ca-ad1a-30af3b937539",
          "dataType" : "NA",
          "answers" : [ ],
          "order" : 1.0,
          "active" : true
        }, {
          "name" : "Government",
          "uuid" : "7f1ceee8-415b-47df-97ff-c9ff74aab4f7",
          "dataType" : "NA",
          "answers" : [ ],
          "order" : 3.0,
          "active" : true
        }, {
          "name" : "Calcutta Kids",
          "uuid" : "b51ee2de-af5b-443f-8693-4deb773db2c6",
          "dataType" : "NA",
          "answers" : [ ],
          "order" : 1.0,
          "active" : true
        }, {
          "name" : "NA",
          "uuid" : "4d476011-7fc4-432b-98c0-9f6f1847cf39",
          "dataType" : "NA",
          "answers" : [ ],
          "order" : 4.0,
          "unique" : true,
          "active" : true
        } ],
        "active" : true
      },
      "displayOrder" : 6.0,
      "type" : "MultiSelect",
      "mandatory" : false
    }, {
      "name" : "How many IFA tablets have you consumed since your last visit?",
      "uuid" : "4bd1ce1e-8788-416b-8e3b-af19e7be1d94",
      "keyValues" : [ ],
      "concept" : {
        "name" : "How many IFA tablets mother consumed since last visit?",
        "uuid" : "0dcf9cee-b2c7-4751-86a2-142fd924068f",
        "dataType" : "Numeric",
        "answers" : [ ],
        "active" : true
      },
      "displayOrder" : 7.0,
      "type" : "SingleSelect",
      "mandatory" : false
    }, {
      "name" : "Where do you get your Calcium tablets?",
      "uuid" : "ddaaded7-b72d-43c6-b4bb-025165e78eba",
      "keyValues" : [ ],
      "concept" : {
        "name" : "Where does mother get Calcium tablets from?",
        "uuid" : "3c31a93d-d731-49b3-8adf-5d7fdb930fb9",
        "dataType" : "Coded",
        "answers" : [ {
          "name" : "NA",
          "uuid" : "4d476011-7fc4-432b-98c0-9f6f1847cf39",
          "dataType" : "NA",
          "answers" : [ ],
          "order" : 4.0,
          "unique" : true,
          "active" : true
        }, {
          "name" : "Private",
          "uuid" : "f866daf5-9e36-4ec5-976c-b4a73a5ed45a",
          "dataType" : "NA",
          "answers" : [ ],
          "order" : 2.0,
          "active" : true
        }, {
          "name" : "Calcutta Kids",
          "uuid" : "b51ee2de-af5b-443f-8693-4deb773db2c6",
          "dataType" : "NA",
          "answers" : [ ],
          "order" : 1.0,
          "active" : true
        }, {
          "name" : "Government",
          "uuid" : "7f1ceee8-415b-47df-97ff-c9ff74aab4f7",
          "dataType" : "NA",
          "answers" : [ ],
          "order" : 3.0,
          "active" : true
        } ],
        "active" : true
      },
      "displayOrder" : 8.0,
      "type" : "MultiSelect",
      "mandatory" : false
    }, {
      "name" : "How many Calcium tablets have you consumed since your last visit?",
      "uuid" : "eb76d12b-e5ee-4bf3-9ab8-4f291c990fd5",
      "keyValues" : [ ],
      "concept" : {
        "name" : "How many Calcium tablets mother consumed since last visit?",
        "uuid" : "7ec86ef7-36a2-4643-91c6-06838891fedb",
        "dataType" : "Numeric",
        "answers" : [ ],
        "active" : true
      },
      "displayOrder" : 9.0,
      "type" : "SingleSelect",
      "mandatory" : false
    }, {
      "name" : "How much are you eating compared to your pre-pregnancy food intake?",
      "uuid" : "a3d7d39c-2f8c-4473-9e55-cb9a37eb3ab8",
      "keyValues" : [ ],
      "concept" : {
        "name" : "Food consumption compared to pre-pregnancy food intake?",
        "uuid" : "43f91cf9-2d6e-4926-9286-dae94351c353",
        "dataType" : "Coded",
        "answers" : [ {
          "name" : "Same as pre-pregnancy",
          "uuid" : "00cd6cc2-00d9-4c1a-8d9d-73b4de026159",
          "dataType" : "NA",
          "answers" : [ ],
          "order" : 2.0,
          "abnormal" : true,
          "active" : true
        }, {
          "name" : "Less than pre-pregnancy",
          "uuid" : "bb957725-fb96-49c1-861c-65a46cbf22c6",
          "dataType" : "NA",
          "answers" : [ ],
          "order" : 3.0,
          "abnormal" : true,
          "active" : true
        }, {
          "name" : "More than pre-pregnancy",
          "uuid" : "7f47a447-6cfc-4c9e-bb8c-482eadc47d4b",
          "dataType" : "NA",
          "answers" : [ ],
          "order" : 1.0,
          "active" : true
        } ],
        "active" : true
      },
      "displayOrder" : 10.0,
      "type" : "SingleSelect",
      "mandatory" : true
    }, {
      "name" : "Why are you eating the same or less?",
      "uuid" : "9cba0efa-c7c9-42de-a47c-4a6383b6ef1f",
      "keyValues" : [ ],
      "concept" : {
        "name" : "Reasons for eating the same or less than pre-pregnancy",
        "uuid" : "0131409a-72db-4d45-ab0c-8851c2ee8281",
        "dataType" : "Coded",
        "answers" : [ {
          "name" : "Family pressure or belief",
          "uuid" : "ebfe47b9-e144-4db8-a31b-b491401e8cc3",
          "dataType" : "NA",
          "answers" : [ ],
          "order" : 2.0,
          "active" : true
        }, {
          "name" : "Food is not available/sufficient",
          "uuid" : "e584cf1a-4cbf-4fef-aa5f-c91fb0dea64b",
          "dataType" : "NA",
          "answers" : [ ],
          "order" : 1.0,
          "active" : true
        }, {
          "name" : "Work pressure",
          "uuid" : "9e58c378-e27e-4ba7-81f3-349c1c17c984",
          "dataType" : "NA",
          "answers" : [ ],
          "order" : 4.0,
          "active" : true
        }, {
          "name" : "Lack of family support",
          "uuid" : "5e7da32d-42cb-410c-a17f-38af82e6c858",
          "dataType" : "NA",
          "answers" : [ ],
          "order" : 5.0,
          "active" : true
        }, {
          "name" : "Family pressure or belief to eat less",
          "uuid" : "7a53dcb6-23c9-4995-bda7-7cc1722e59fc",
          "dataType" : "NA",
          "answers" : [ ],
          "order" : 3.0,
          "active" : true
        }, {
          "name" : "Loss of appetite",
          "uuid" : "47e93f5b-3bfb-4fb7-826f-278d8d0e04ce",
          "dataType" : "NA",
          "answers" : [ ],
          "order" : 2.0,
          "active" : true
        }, {
          "name" : "Other",
          "uuid" : "05ea583c-51d2-412d-ad00-06c432ffe538",
          "dataType" : "NA",
          "answers" : [ ],
          "order" : 6.0,
          "active" : true
        }, {
          "name" : "Food not available or sufficient",
          "uuid" : "957ea4ab-d3a0-4b52-a056-dd103d9a164f",
          "dataType" : "NA",
          "answers" : [ ],
          "order" : 1.0,
          "active" : true
        } ],
        "active" : true
      },
      "displayOrder" : 11.0,
      "type" : "MultiSelect",
      "mandatory" : true
    }, {
      "name" : "Other reasons for eating same or less",
      "uuid" : "ea1c9be7-9086-436d-94f6-ccb44e8a279f",
      "keyValues" : [ ],
      "concept" : {
        "name" : "Other reasons for eating same or less than pre-pregnancy",
        "uuid" : "aea13efa-f200-4bcc-b613-f24b341ff50a",
        "dataType" : "Text",
        "answers" : [ ],
        "active" : true
      },
      "displayOrder" : 12.0,
      "type" : "SingleSelect",
      "mandatory" : true
    }, {
      "name" : "Are you drinking at least one glass of milk per day?",
      "uuid" : "237e1ba2-405c-48a3-9740-1733415cb414",
      "keyValues" : [ ],
      "concept" : {
        "name" : "Is mother drinking at least one glass of milk per day?",
        "uuid" : "d60670cb-becd-4a25-b854-14f9e7e60add",
        "dataType" : "Coded",
        "answers" : [ {
          "name" : "Yes",
          "uuid" : "04bb1773-c353-44a1-a68c-9b448e07ff70",
          "dataType" : "NA",
          "answers" : [ ],
          "order" : 1.0,
          "active" : true
        }, {
          "name" : "No",
          "uuid" : "e7b50c78-3d90-484d-a224-9887887780dc",
          "dataType" : "NA",
          "answers" : [ ],
          "order" : 2.0,
          "active" : true
        } ],
        "active" : true
      },
      "displayOrder" : 13.0,
      "type" : "SingleSelect",
      "mandatory" : true
    }, {
      "name" : "Counsel to drink sufficient milk",
      "uuid" : "d78d16a9-a955-440b-b82c-05337ef26f1c",
      "keyValues" : [ ],
      "concept" : {
        "name" : "Placeholder for counselling form element",
        "uuid" : "b4e5a662-97bf-4846-b9b7-9baeab4d89c4",
        "dataType" : "Coded",
        "answers" : [ {
          "name" : "Yes",
          "uuid" : "04bb1773-c353-44a1-a68c-9b448e07ff70",
          "dataType" : "NA",
          "answers" : [ ],
          "order" : 0.0,
          "active" : true
        } ],
        "active" : true
      },
      "displayOrder" : 14.0,
      "type" : "SingleSelect",
      "mandatory" : false
    }, {
      "name" : "Are you using any family planning methods?",
      "uuid" : "bfcfbd1b-a9db-498d-9474-82cd7ff091e6",
      "keyValues" : [ ],
      "concept" : {
        "name" : "Is mother using any family planning methods?",
        "uuid" : "57827fec-7350-4acb-b648-29569b61d80b",
        "dataType" : "Coded",
        "answers" : [ {
          "name" : "Yes",
          "uuid" : "04bb1773-c353-44a1-a68c-9b448e07ff70",
          "dataType" : "NA",
          "answers" : [ ],
          "order" : 1.0,
          "active" : true
        }, {
          "name" : "No",
          "uuid" : "e7b50c78-3d90-484d-a224-9887887780dc",
          "dataType" : "NA",
          "answers" : [ ],
          "order" : 2.0,
          "active" : true
        } ],
        "active" : true
      },
      "displayOrder" : 15.0,
      "type" : "SingleSelect",
      "mandatory" : true
    }, {
      "name" : "What type of family planning methods are you using?",
      "uuid" : "1ac9f855-d810-4638-ba3c-eb8c23ba0f89",
      "keyValues" : [ ],
      "concept" : {
        "name" : "Type of family planning methods used by mother",
        "uuid" : "ad6a45e7-242a-4eb3-961e-c52c3ef862c0",
        "dataType" : "Coded",
        "answers" : [ {
          "name" : "Copper T / IUD",
          "uuid" : "cfb6bf16-97bc-45b0-bbfe-e1a613344bd3",
          "dataType" : "NA",
          "answers" : [ ],
          "order" : 3.0,
          "active" : true
        }, {
          "name" : "Other",
          "uuid" : "05ea583c-51d2-412d-ad00-06c432ffe538",
          "dataType" : "NA",
          "answers" : [ ],
          "order" : 5.0,
          "active" : true
        }, {
          "name" : "Condom",
          "uuid" : "8f975508-8179-450b-9a27-d11b7818677b",
          "dataType" : "NA",
          "answers" : [ ],
          "order" : 1.0,
          "active" : true
        }, {
          "name" : "Tubectomy",
          "uuid" : "6c02c7cd-b067-401c-80eb-25e6b0b9ed09",
          "dataType" : "NA",
          "answers" : [ ],
          "order" : 4.0,
          "active" : true
        }, {
          "name" : "Pill",
          "uuid" : "5a548cae-aca3-494f-9ca0-058bcdf3551c",
          "dataType" : "NA",
          "answers" : [ ],
          "order" : 2.0,
          "active" : true
        } ],
        "active" : true
      },
      "displayOrder" : 16.0,
      "type" : "MultiSelect",
      "mandatory" : true
    }, {
      "name" : "Counsel about using pills",
      "uuid" : "5bd4083d-f7c0-423c-8ca1-4e2be1aecde2",
      "keyValues" : [ ],
      "concept" : {
        "name" : "Placeholder for counselling form element",
        "uuid" : "b4e5a662-97bf-4846-b9b7-9baeab4d89c4",
        "dataType" : "Coded",
        "answers" : [ {
          "name" : "Yes",
          "uuid" : "04bb1773-c353-44a1-a68c-9b448e07ff70",
          "dataType" : "NA",
          "answers" : [ ],
          "order" : 0.0,
          "active" : true
        } ],
        "active" : true
      },
      "displayOrder" : 17.0,
      "type" : "SingleSelect",
      "mandatory" : false
    }, {
      "name" : "Which other family planning methods are being used?",
      "uuid" : "bd872c6b-2d89-4319-90cb-b1350a36eb1a",
      "keyValues" : [ ],
      "concept" : {
        "name" : "Other family planning methods used by mother",
        "uuid" : "c89a29a9-7ff9-4f23-8030-b86253b3d11e",
        "dataType" : "Text",
        "answers" : [ ],
        "active" : true
      },
      "displayOrder" : 18.0,
      "type" : "SingleSelect",
      "mandatory" : true
    }, {
      "name" : "Are you having any of the following breast-feeding problems?",
      "uuid" : "6367cc17-b03e-4f74-8725-c6f32462276a",
      "keyValues" : [ ],
      "concept" : {
        "name" : "Breast-feeding problems",
        "uuid" : "0c9b6203-be8c-40a4-a035-b9cb61f126c9",
        "dataType" : "Coded",
        "answers" : [ {
          "name" : "Breast-related problems",
          "uuid" : "5f2ba759-58ca-4fa9-8fee-3063e076d8fa",
          "dataType" : "NA",
          "answers" : [ ],
          "order" : 1.0,
          "active" : true
        }, {
          "name" : "Possible breast infection (severe pain, abscess, foul smelling discharge, fever)",
          "uuid" : "765a3256-78c3-4a5f-9a6c-d4334eb5e8a5",
          "dataType" : "NA",
          "answers" : [ ],
          "order" : 5.0,
          "active" : true
        }, {
          "name" : "None",
          "uuid" : "ebda5e05-a995-43ca-ad1a-30af3b937539",
          "dataType" : "NA",
          "answers" : [ ],
          "order" : 7.0,
          "unique" : true,
          "active" : true
        }, {
          "name" : "Cracked Nipple",
          "uuid" : "804a3c4c-e42e-47b0-923b-43c808c631bc",
          "dataType" : "NA",
          "answers" : [ ],
          "order" : 1.0,
          "active" : true
        }, {
          "name" : "Engorged breast",
          "uuid" : "99c858bc-b257-476a-b7ce-fd4e239b6b2a",
          "dataType" : "NA",
          "answers" : [ ],
          "order" : 3.0,
          "active" : true
        }, {
          "name" : "Mother unwilling to breastfeed",
          "uuid" : "d3f67692-2fa9-486c-bc8e-97e470f1736a",
          "dataType" : "NA",
          "answers" : [ ],
          "order" : 4.0,
          "active" : true
        }, {
          "name" : "Retracted Nipples",
          "uuid" : "c95ab0ea-46bb-41fb-995a-24a2db3681a2",
          "dataType" : "NA",
          "answers" : [ ],
          "order" : 2.0,
          "active" : true
        }, {
          "name" : "Other",
          "uuid" : "05ea583c-51d2-412d-ad00-06c432ffe538",
          "dataType" : "NA",
          "answers" : [ ],
          "order" : 6.0,
          "active" : true
        } ],
        "active" : true
      },
      "displayOrder" : 19.0,
      "type" : "MultiSelect",
      "mandatory" : true
    }, {
      "name" : "Counsel about breastfeeding",
      "uuid" : "e31e31aa-acba-4ecb-92d9-00f89a4c0075",
      "keyValues" : [ ],
      "concept" : {
        "name" : "Placeholder for counselling form element",
        "uuid" : "b4e5a662-97bf-4846-b9b7-9baeab4d89c4",
        "dataType" : "Coded",
        "answers" : [ {
          "name" : "Yes",
          "uuid" : "04bb1773-c353-44a1-a68c-9b448e07ff70",
          "dataType" : "NA",
          "answers" : [ ],
          "order" : 0.0,
          "active" : true
        } ],
        "active" : true
      },
      "displayOrder" : 20.0,
      "type" : "SingleSelect",
      "mandatory" : false
    }, {
      "name" : "What other breast feeding problems?",
      "uuid" : "5d05b836-dd25-4f0b-a986-ac9489e34cb1",
      "keyValues" : [ ],
      "concept" : {
        "name" : "Other breast-feeding problems",
        "uuid" : "9901bdcc-d562-4486-a5d4-b6e9681e9da8",
        "dataType" : "Text",
        "answers" : [ ],
        "active" : true
      },
      "displayOrder" : 21.0,
      "type" : "SingleSelect",
      "mandatory" : true
    } ],
    "timed" : false
  }, {
    "uuid" : "04c1a9fa-9ea7-4220-b6a0-05317cc15acf",
    "name" : "Referral",
    "displayOrder" : 2.0,
    "display" : "Referral",
    "formElements" : [ {
      "name" : "Refer mother to",
      "uuid" : "79ccb016-0a51-4672-9d41-daadfd193948",
      "keyValues" : [ ],
      "concept" : {
        "name" : "Mother referred to",
        "uuid" : "d5372690-d699-4bd0-ad6e-6d8f0ba559a0",
        "dataType" : "Coded",
        "answers" : [ {
          "name" : "Doctor",
          "uuid" : "062071e7-85a9-4da0-9d59-c27b00e53a60",
          "dataType" : "NA",
          "answers" : [ ],
          "order" : 1.0,
          "active" : true
        }, {
          "name" : "Hospital",
          "uuid" : "8359bf16-d329-4752-927c-24a9364f12bf",
          "dataType" : "NA",
          "answers" : [ ],
          "order" : 2.0,
          "active" : true
        } ],
        "active" : true
      },
      "displayOrder" : 1.0,
      "type" : "SingleSelect",
      "mandatory" : false
    }, {
      "name" : "Should this person be considered a special case?",
      "uuid" : "8708bbb8-8293-454e-a6ea-637ad65a025d",
      "keyValues" : [ ],
      "concept" : {
        "name" : "Consider a special case",
        "uuid" : "24c0eb2b-d6bf-4099-a8d5-0ac2217e98b7",
        "dataType" : "Coded",
        "answers" : [ {
          "name" : "Yes",
          "uuid" : "04bb1773-c353-44a1-a68c-9b448e07ff70",
          "dataType" : "NA",
          "answers" : [ ],
          "order" : 1.0,
          "active" : true
        }, {
          "name" : "No",
          "uuid" : "e7b50c78-3d90-484d-a224-9887887780dc",
          "dataType" : "NA",
          "answers" : [ ],
          "order" : 2.0,
          "active" : true
        } ],
        "active" : true
      },
      "displayOrder" : 2.0,
      "type" : "SingleSelect",
      "mandatory" : false
    } ],
    "timed" : false
  }, {
    "uuid" : "5d647cf5-3550-4d68-b4d8-964d7fc8e55f",
    "name" : "Notes",
    "displayOrder" : 3.0,
    "display" : "Notes",
    "formElements" : [ {
      "name" : "Notes",
      "uuid" : "a4da17a5-e9b7-489b-afbc-e5b71d04bdfd",
      "keyValues" : [ ],
      "concept" : {
        "name" : "Visit notes",
        "uuid" : "4f1c32ee-16fa-4f13-a363-fd0fbc45b4a0",
        "dataType" : "Notes",
        "answers" : [ ],
        "active" : true
      },
      "displayOrder" : 0.0,
      "type" : "SingleSelect",
      "mandatory" : false
    } ],
    "timed" : false
  } ],
  "decisionConcepts" : [ ]
}