{
  "name" : "Mother Exit",
  "uuid" : "e57e2f11-6684-456a-bd00-6511d9b06eaa",
  "formType" : "ProgramExit",
  "formElementGroups" : [ {
    "uuid" : "0f2c45e2-d5fa-40cc-855d-18deedd4e459",
    "name" : "Mother Exit Basic Details",
    "displayOrder" : 1.0,
    "display" : "Basic Details",
    "formElements" : [ {
      "name" : "Mother exit reason",
      "uuid" : "fcb4209d-f752-4898-aa7a-b9be066dfb0d",
      "keyValues" : [ ],
      "concept" : {
        "name" : "Mother exit reason",
        "uuid" : "5a2fca73-f3b6-4b7a-bc04-5fd8f5993fa1",
        "dataType" : "Coded",
        "answers" : [ {
          "name" : "Death",
          "uuid" : "afff87d7-4c40-4dd4-9bf7-8e5d9adb3b83",
          "dataType" : "NA",
          "answers" : [ ],
          "order" : 2.0,
          "abnormal" : true,
          "active" : true
        }, {
          "name" : "Shifted to other geographical area",
          "uuid" : "ca01f2cf-6479-44cf-9d43-ad428c82f9a6",
          "dataType" : "NA",
          "answers" : [ ],
          "order" : 4.0,
          "active" : true
        }, {
          "name" : "Migration",
          "uuid" : "229fac5f-468e-46f0-b812-bdcc56840b6c",
          "dataType" : "NA",
          "answers" : [ ],
          "order" : 3.0,
          "abnormal" : true,
          "active" : true
        }, {
          "name" : "Completion",
          "uuid" : "f63a0122-8156-4956-a29c-c0722ff22a89",
          "dataType" : "NA",
          "answers" : [ ],
          "order" : 1.0,
          "active" : true
        }, {
          "name" : "Abortion",
          "uuid" : "03dddd29-c1bb-4231-a17b-55445e247e7d",
          "dataType" : "NA",
          "answers" : [ ],
          "order" : 3.0,
          "abnormal" : true,
          "active" : true
        } ],
        "active" : true
      },
      "displayOrder" : 1.0,
      "type" : "SingleSelect",
      "mandatory" : true
    }, {
      "name" : "Date of Death",
      "uuid" : "0bc88846-bf92-4040-8bb9-a57f3efb9004",
      "keyValues" : [ ],
      "concept" : {
        "name" : "Date of Death",
        "uuid" : "8cb6e1ec-37cf-4563-8ce9-30b943664182",
        "dataType" : "Date",
        "answers" : [ ],
        "active" : true
      },
      "displayOrder" : 2.0,
      "type" : "SingleSelect",
      "rule" : "'use strict';\n({params, imports}) => {\n  const programEnrolment = params.entity;\n  const moment = imports.moment;\n  const formElement = params.formElement;\n  const _ = imports.lodash;\n  let visibility = true;\n  let value = null;\n  let answersToSkip = [];\n  let validationErrors = [];\n  \n  const condition11 = new imports.rulesConfig.RuleCondition({programEnrolment, formElement}).when.valueInExit(\"5a2fca73-f3b6-4b7a-bc04-5fd8f5993fa1\").containsAnswerConceptName(\"afff87d7-4c40-4dd4-9bf7-8e5d9adb3b83\").matches();\n  \n  visibility = condition11 ;\n  \n  return new imports.rulesConfig.FormElementStatus(formElement.uuid, visibility, value, answersToSkip, validationErrors);\n};",
      "declarativeRule" : [ {
        "actions" : [ {
          "actionType" : "showFormElement"
        }, { } ],
        "conditions" : [ {
          "compoundRule" : {
            "rules" : [ {
              "lhs" : {
                "type" : "concept",
                "scope" : "exit",
                "conceptName" : "Mother exit reason",
                "conceptUuid" : "5a2fca73-f3b6-4b7a-bc04-5fd8f5993fa1",
                "conceptDataType" : "Coded"
              },
              "rhs" : {
                "type" : "answerConcept",
                "answerConceptNames" : [ "Death" ],
                "answerConceptUuids" : [ "afff87d7-4c40-4dd4-9bf7-8e5d9adb3b83" ]
              },
              "operator" : "containsAnswerConceptName"
            } ]
          }
        } ]
      } ],
      "mandatory" : true
    }, {
      "name" : "Cause of Death",
      "uuid" : "da9822ab-4990-4333-982a-9e52d2b77260",
      "keyValues" : [ ],
      "concept" : {
        "name" : "Cause of Mother's Death",
        "uuid" : "43e14217-4bbd-4572-8c12-ba46e779fabc",
        "dataType" : "Text",
        "answers" : [ ],
        "active" : true
      },
      "displayOrder" : 3.0,
      "type" : "SingleSelect",
      "rule" : "'use strict';\n({params, imports}) => {\n  const programEnrolment = params.entity;\n  const moment = imports.moment;\n  const formElement = params.formElement;\n  const _ = imports.lodash;\n  let visibility = true;\n  let value = null;\n  let answersToSkip = [];\n  let validationErrors = [];\n  \n  const condition11 = new imports.rulesConfig.RuleCondition({programEnrolment, formElement}).when.valueInExit(\"5a2fca73-f3b6-4b7a-bc04-5fd8f5993fa1\").containsAnswerConceptName(\"afff87d7-4c40-4dd4-9bf7-8e5d9adb3b83\").matches();\n  \n  visibility = condition11 ;\n  \n  return new imports.rulesConfig.FormElementStatus(formElement.uuid, visibility, value, answersToSkip, validationErrors);\n};",
      "declarativeRule" : [ {
        "actions" : [ {
          "actionType" : "showFormElement"
        }, { } ],
        "conditions" : [ {
          "compoundRule" : {
            "rules" : [ {
              "lhs" : {
                "type" : "concept",
                "scope" : "exit",
                "conceptName" : "Mother exit reason",
                "conceptUuid" : "5a2fca73-f3b6-4b7a-bc04-5fd8f5993fa1",
                "conceptDataType" : "Coded"
              },
              "rhs" : {
                "type" : "answerConcept",
                "answerConceptNames" : [ "Death" ],
                "answerConceptUuids" : [ "afff87d7-4c40-4dd4-9bf7-8e5d9adb3b83" ]
              },
              "operator" : "containsAnswerConceptName"
            } ]
          }
        } ]
      } ],
      "mandatory" : true
    }, {
      "name" : "Death occurred after how many days of delivery",
      "uuid" : "e0020b70-4f76-4b81-99f3-cfcf22d2c004",
      "keyValues" : [ ],
      "concept" : {
        "name" : "Death occurred after how many days",
        "uuid" : "a04f8cb5-67f9-46c1-96d3-b34667984826",
        "dataType" : "Numeric",
        "answers" : [ ],
        "active" : true
      },
      "displayOrder" : 4.0,
      "type" : "SingleSelect",
      "rule" : "'use strict';\n({params, imports}) => {\n  const programEnrolment = params.entity;\n  const moment = imports.moment;\n  const formElement = params.formElement;\n  const _ = imports.lodash;\n  let visibility = true;\n  let value = null;\n  let answersToSkip = [];\n  let validationErrors = [];\n  \n  const condition11 = new imports.rulesConfig.RuleCondition({programEnrolment, formElement}).when.valueInExit(\"5a2fca73-f3b6-4b7a-bc04-5fd8f5993fa1\").containsAnswerConceptName(\"afff87d7-4c40-4dd4-9bf7-8e5d9adb3b83\").matches();\n  \n  visibility = condition11 ;\n  \n  return new imports.rulesConfig.FormElementStatus(formElement.uuid, visibility, value, answersToSkip, validationErrors);\n};",
      "declarativeRule" : [ {
        "actions" : [ {
          "actionType" : "showFormElement"
        }, { } ],
        "conditions" : [ {
          "compoundRule" : {
            "rules" : [ {
              "lhs" : {
                "type" : "concept",
                "scope" : "exit",
                "conceptName" : "Mother exit reason",
                "conceptUuid" : "5a2fca73-f3b6-4b7a-bc04-5fd8f5993fa1",
                "conceptDataType" : "Coded"
              },
              "rhs" : {
                "type" : "answerConcept",
                "answerConceptNames" : [ "Death" ],
                "answerConceptUuids" : [ "afff87d7-4c40-4dd4-9bf7-8e5d9adb3b83" ]
              },
              "operator" : "containsAnswerConceptName"
            } ]
          }
        } ]
      } ],
      "validFormat" : {
        "regex" : "^[0-9]+$",
        "descriptionKey" : "RequiredPositiveNumbers"
      },
      "mandatory" : true
    }, {
      "name" : "Place of Death",
      "uuid" : "1ca19a30-1b67-4dd3-9994-c2048813aeff",
      "keyValues" : [ ],
      "concept" : {
        "name" : "Place of child's death",
        "uuid" : "0ae4649b-c1ba-41ee-86e3-3911ae6c87db",
        "dataType" : "Text",
        "answers" : [ ],
        "active" : true
      },
      "displayOrder" : 5.0,
      "type" : "SingleSelect",
      "rule" : "'use strict';\n({params, imports}) => {\n  const programEnrolment = params.entity;\n  const moment = imports.moment;\n  const formElement = params.formElement;\n  const _ = imports.lodash;\n  let visibility = true;\n  let value = null;\n  let answersToSkip = [];\n  let validationErrors = [];\n  \n  const condition11 = new imports.rulesConfig.RuleCondition({programEnrolment, formElement}).when.valueInExit(\"5a2fca73-f3b6-4b7a-bc04-5fd8f5993fa1\").containsAnswerConceptName(\"afff87d7-4c40-4dd4-9bf7-8e5d9adb3b83\").matches();\n  \n  visibility = condition11 ;\n  \n  return new imports.rulesConfig.FormElementStatus(formElement.uuid, visibility, value, answersToSkip, validationErrors);\n};",
      "declarativeRule" : [ {
        "actions" : [ {
          "actionType" : "showFormElement"
        }, { } ],
        "conditions" : [ {
          "compoundRule" : {
            "rules" : [ {
              "lhs" : {
                "type" : "concept",
                "scope" : "exit",
                "conceptName" : "Mother exit reason",
                "conceptUuid" : "5a2fca73-f3b6-4b7a-bc04-5fd8f5993fa1",
                "conceptDataType" : "Coded"
              },
              "rhs" : {
                "type" : "answerConcept",
                "answerConceptNames" : [ "Death" ],
                "answerConceptUuids" : [ "afff87d7-4c40-4dd4-9bf7-8e5d9adb3b83" ]
              },
              "operator" : "containsAnswerConceptName"
            } ]
          }
        } ]
      } ],
      "mandatory" : true
    } ],
    "timed" : false
  } ],
  "decisionRule" : "",
  "visitScheduleRule" : "",
  "validationRule" : "",
  "checklistsRule" : "",
  "decisionConcepts" : [ ]
}