{
  "name" : "PNC Doctor Checkup",
  "uuid" : "1aef21a6-e629-4cb5-8d63-ef252a9ad7d1",
  "formType" : "ProgramEncounter",
  "formElementGroups" : [ {
    "uuid" : "3d15e392-fe99-4b37-8ad6-dc9bee478119",
    "name" : "Physical Examination",
    "displayOrder" : 1.0,
    "display" : "Physical Examination",
    "formElements" : [ {
      "name" : "Birth defects",
      "uuid" : "e7e4043b-5425-4093-94c7-ebab7511d465",
      "keyValues" : [ ],
      "concept" : {
        "name" : "Birth Defects",
        "uuid" : "408ce177-eac2-4103-8b5e-3f8bc67bea2b",
        "dataType" : "Coded",
        "answers" : [ {
          "name" : "Down's syndrome",
          "uuid" : "ef94187b-fd61-4052-8c46-0d9053b07171",
          "dataType" : "NA",
          "answers" : [ ],
          "order" : 13.0,
          "active" : true
        }, {
          "name" : "Other",
          "uuid" : "05ea583c-51d2-412d-ad00-06c432ffe538",
          "dataType" : "NA",
          "answers" : [ ],
          "order" : 14.0,
          "active" : true
        }, {
          "name" : "Hypospadias",
          "uuid" : "3c782841-6bad-460d-b765-5e1c5ffd5da7",
          "dataType" : "NA",
          "answers" : [ ],
          "order" : 7.0,
          "active" : true
        }, {
          "name" : "Congenital Heart disease (Patent Dutus arteriosus or Coarctation(narrowing) of aorta)",
          "uuid" : "8cb3a07a-ccfb-41a3-a975-3b40ce01c368",
          "dataType" : "NA",
          "answers" : [ ],
          "order" : 8.0,
          "active" : true
        }, {
          "name" : "Congenital Cataract",
          "uuid" : "a591d7ea-38b5-4a82-967e-bc751fe298eb",
          "dataType" : "NA",
          "answers" : [ ],
          "order" : 10.0,
          "active" : true
        }, {
          "name" : "Cleft Palate",
          "uuid" : "bb2f528c-3cd2-44ee-9542-474d06376596",
          "dataType" : "NA",
          "answers" : [ ],
          "order" : 2.0,
          "active" : true
        }, {
          "name" : "Club foot",
          "uuid" : "03b3682a-0d96-4de9-bec7-31e71facd14c",
          "dataType" : "NA",
          "answers" : [ ],
          "order" : 12.0,
          "active" : true
        }, {
          "name" : "Cleft Lip",
          "uuid" : "2f9cd5ed-4434-4df6-ba6e-710b05e15451",
          "dataType" : "NA",
          "answers" : [ ],
          "order" : 1.0,
          "active" : true
        }, {
          "name" : "Inguinal Hernia",
          "uuid" : "24084b76-e772-4360-a60a-426dce8d7ebb",
          "dataType" : "NA",
          "answers" : [ ],
          "order" : 4.0,
          "active" : true
        }, {
          "name" : "Undescended Testicle",
          "uuid" : "6cff00cb-9998-4041-a65b-2d1247a14103",
          "dataType" : "NA",
          "answers" : [ ],
          "order" : 6.0,
          "active" : true
        }, {
          "name" : "None",
          "uuid" : "ebda5e05-a995-43ca-ad1a-30af3b937539",
          "dataType" : "NA",
          "answers" : [ ],
          "order" : 15.0,
          "unique" : true,
          "active" : true
        }, {
          "name" : "neural tube defects",
          "uuid" : "995481b1-e68b-4abb-b774-4fe6c016f5d2",
          "dataType" : "NA",
          "answers" : [ ],
          "order" : 9.0,
          "active" : true
        }, {
          "name" : "Hydrocele",
          "uuid" : "9e6fb895-6742-4cd8-9f61-522c37360c60",
          "dataType" : "NA",
          "answers" : [ ],
          "order" : 5.0,
          "active" : true
        }, {
          "name" : "Congenital deafness",
          "uuid" : "ff071de9-d145-4704-b4f2-fb91c513cf81",
          "dataType" : "NA",
          "answers" : [ ],
          "order" : 11.0,
          "active" : true
        }, {
          "name" : "Umbilical Hernia",
          "uuid" : "ed5e316a-8995-4de6-ad2e-65a683993624",
          "dataType" : "NA",
          "answers" : [ ],
          "order" : 3.0,
          "active" : true
        } ],
        "active" : true
      },
      "displayOrder" : 1.0,
      "type" : "SingleSelect",
      "mandatory" : true
    }, {
      "name" : "Other birth defects",
      "uuid" : "d14c5564-5d53-48b0-9737-c8bd3342c398",
      "keyValues" : [ ],
      "concept" : {
        "name" : "Other Birth Defects",
        "uuid" : "58d9b2d8-1d91-4935-9a55-f35a66964db1",
        "dataType" : "Text",
        "answers" : [ ],
        "active" : true
      },
      "displayOrder" : 1.5,
      "type" : "SingleSelect",
      "mandatory" : true
    }, {
      "name" : "Colour of child",
      "uuid" : "c47e3ed7-aa5a-4c6b-b8a5-e6add3832073",
      "keyValues" : [ ],
      "concept" : {
        "name" : "Colour of child",
        "uuid" : "747f9b96-5b88-4f08-b52c-e1a060df4c30",
        "dataType" : "Coded",
        "answers" : [ {
          "name" : "Completely pink",
          "uuid" : "0d6fdc51-a8c7-4baf-a85e-e6a55b14cd8d",
          "dataType" : "NA",
          "answers" : [ ],
          "order" : 3.0,
          "active" : true
        }, {
          "name" : "Body pink but hands and feet blue/pale",
          "uuid" : "c66ef660-ded1-439a-8255-917ecf0e61a1",
          "dataType" : "NA",
          "answers" : [ ],
          "order" : 2.0,
          "abnormal" : true,
          "active" : true
        }, {
          "name" : "Blue/pale",
          "uuid" : "a23bc4b5-b1a5-40ff-b67c-255a0788baf3",
          "dataType" : "NA",
          "answers" : [ ],
          "order" : 1.0,
          "abnormal" : true,
          "active" : true
        } ],
        "active" : true
      },
      "displayOrder" : 2.0,
      "type" : "SingleSelect",
      "mandatory" : false
    }, {
      "name" : "Reflex",
      "uuid" : "37b2f24f-ad21-4432-966a-2c56287fbec8",
      "keyValues" : [ ],
      "concept" : {
        "name" : "Reflex",
        "uuid" : "85359b71-4790-4c00-b8ca-89cb024985bd",
        "dataType" : "Coded",
        "answers" : [ {
          "name" : "Absent",
          "uuid" : "10885638-561a-42b6-8b24-8daa01864c89",
          "dataType" : "NA",
          "answers" : [ ],
          "order" : 1.0,
          "abnormal" : true,
          "active" : true
        }, {
          "name" : "Grimace/painful expression and Cough or sneeze",
          "uuid" : "6c1b893d-d18e-40ca-af29-85d1bb4ef497",
          "dataType" : "NA",
          "answers" : [ ],
          "order" : 3.0,
          "active" : true
        }, {
          "name" : "Grimace/painful expression",
          "uuid" : "2facbe79-1def-40c2-a107-e6fcfd6e9977",
          "dataType" : "NA",
          "answers" : [ ],
          "order" : 2.0,
          "active" : true
        } ],
        "active" : true
      },
      "displayOrder" : 3.0,
      "type" : "SingleSelect",
      "mandatory" : true
    }, {
      "name" : "Muscle Tone",
      "uuid" : "d47fe490-d801-4ecd-a97b-2d25cdc4758c",
      "keyValues" : [ ],
      "concept" : {
        "name" : "Muscle tone",
        "uuid" : "8ae7a140-900c-4bae-bb20-15b8c883869a",
        "dataType" : "Coded",
        "answers" : [ {
          "name" : "Flexed arms and legs",
          "uuid" : "5e430139-4681-441e-9218-c806033dea77",
          "dataType" : "NA",
          "answers" : [ ],
          "order" : 2.0,
          "abnormal" : true,
          "active" : true
        }, {
          "name" : "Absent",
          "uuid" : "10885638-561a-42b6-8b24-8daa01864c89",
          "dataType" : "NA",
          "answers" : [ ],
          "order" : 1.0,
          "abnormal" : true,
          "active" : true
        }, {
          "name" : "Active movements",
          "uuid" : "05f99af0-af6d-4818-927b-c8502b4551d7",
          "dataType" : "NA",
          "answers" : [ ],
          "order" : 3.0,
          "active" : true
        } ],
        "active" : true
      },
      "displayOrder" : 4.0,
      "type" : "SingleSelect",
      "mandatory" : false
    }, {
      "name" : "Icterus (Jaundice)",
      "uuid" : "dd82b801-73c6-46ed-87a5-6bc273788253",
      "keyValues" : [ ],
      "concept" : {
        "name" : "Jaundice (Icterus)",
        "uuid" : "78cb1fb0-9e7c-4012-872c-00589fda661d",
        "dataType" : "Coded",
        "answers" : [ {
          "name" : "Absent",
          "uuid" : "10885638-561a-42b6-8b24-8daa01864c89",
          "dataType" : "NA",
          "answers" : [ ],
          "order" : 2.0,
          "active" : true
        }, {
          "name" : "Present",
          "uuid" : "57b51d52-981f-4af2-b133-aeffa6d00757",
          "dataType" : "NA",
          "answers" : [ ],
          "order" : 1.0,
          "abnormal" : true,
          "active" : true
        } ],
        "active" : true
      },
      "displayOrder" : 5.0,
      "type" : "SingleSelect",
      "mandatory" : false
    } ],
    "timed" : false
  }, {
    "uuid" : "c1dcc99c-fa1e-495b-bf0d-6e8a74ce11fa",
    "name" : "Vitals",
    "displayOrder" : 2.0,
    "display" : "Vitals",
    "formElements" : [ {
      "name" : "Pulse",
      "uuid" : "fb7551df-0f66-452d-80be-cc4accdd954c",
      "keyValues" : [ ],
      "concept" : {
        "name" : "Child Pulse",
        "uuid" : "4629403c-7d38-4984-89cb-8be929b66e69",
        "dataType" : "Numeric",
        "answers" : [ ],
        "lowNormal" : 60.0,
        "highNormal" : 100.0,
        "active" : true
      },
      "displayOrder" : 1.0,
      "type" : "SingleSelect",
      "mandatory" : false
    }, {
      "name" : "Temperature",
      "uuid" : "221bb64a-0cb8-4136-aeca-f4546451749b",
      "keyValues" : [ ],
      "concept" : {
        "name" : "Child Temperature",
        "uuid" : "c5e0d0e0-4ff7-40be-a929-292d7c4b17d0",
        "dataType" : "Numeric",
        "answers" : [ ],
        "lowNormal" : 97.5,
        "highNormal" : 99.5,
        "active" : true
      },
      "displayOrder" : 2.0,
      "type" : "SingleSelect",
      "mandatory" : false
    }, {
      "name" : "Respiratory Rate",
      "uuid" : "22cdf198-91ad-4eb6-9f1c-655b9c48821f",
      "keyValues" : [ ],
      "concept" : {
        "name" : "Child Respiratory Rate",
        "uuid" : "a669a751-574e-4f7b-8c34-d3d755adecf8",
        "dataType" : "Numeric",
        "answers" : [ ],
        "lowNormal" : 30.0,
        "highNormal" : 60.0,
        "active" : true
      },
      "displayOrder" : 3.0,
      "type" : "SingleSelect",
      "mandatory" : false
    } ],
    "timed" : false
  }, {
    "uuid" : "6c156c0d-9e51-4805-b7aa-2f0f5e8b90e6",
    "name" : "Notes",
    "displayOrder" : 99.9,
    "display" : "Notes",
    "formElements" : [ {
      "name" : "Notes",
      "uuid" : "e5dfda83-8999-4887-82cb-557db4e6a550",
      "keyValues" : [ ],
      "concept" : {
        "name" : "Checkup notes",
        "uuid" : "d658b4a4-8ec3-4eb7-9ef3-dd3a73ca29f9",
        "dataType" : "Notes",
        "answers" : [ ],
        "active" : true
      },
      "displayOrder" : 0.0,
      "type" : "SingleSelect",
      "mandatory" : false
    } ],
    "timed" : false
  } ],
  "decisionConcepts" : [ ]
}