{
  "name" : "PNC",
  "uuid" : "78b1400e-8100-4ba6-b78e-fef580f7fb77",
  "formType" : "ProgramEncounter",
  "formElementGroups" : [ {
    "uuid" : "9b937fd3-3a23-40c7-bb11-fa2bfd9ce906",
    "name" : "Mother PNC Vitals",
    "displayOrder" : 1.0,
    "display" : "PNC Vitals",
    "formElements" : [ {
      "name" : "Systolic",
      "uuid" : "68bfde5c-92b7-4188-b2a2-bb96abfc174e",
      "keyValues" : [ ],
      "concept" : {
        "name" : "Systolic",
        "uuid" : "2a04bf88-6346-4eda-a86c-8a2afc011b22",
        "dataType" : "Numeric",
        "answers" : [ ],
        "lowAbsolute" : 20.0,
        "highAbsolute" : 190.0,
        "lowNormal" : 90.0,
        "highNormal" : 140.0,
        "active" : true
      },
      "displayOrder" : 1.0,
      "type" : "SingleSelect",
      "mandatory" : true,
      "voided" : true
    }, {
      "name" : "Systolic",
      "uuid" : "d73abc42-ef7d-4191-a3b4-472bb95d9546",
      "keyValues" : [ ],
      "concept" : {
        "name" : "Systolic",
        "uuid" : "2a04bf88-6346-4eda-a86c-8a2afc011b22",
        "dataType" : "Numeric",
        "answers" : [ ],
        "lowAbsolute" : 20.0,
        "highAbsolute" : 190.0,
        "lowNormal" : 90.0,
        "highNormal" : 140.0,
        "active" : true
      },
      "displayOrder" : 1.1,
      "type" : "SingleSelect",
      "mandatory" : false
    }, {
      "name" : "Diastolic",
      "uuid" : "a427afb1-a183-4d92-88eb-2a40e4a00058",
      "keyValues" : [ ],
      "concept" : {
        "name" : "Diastolic",
        "uuid" : "1e2d41a2-5b6a-4ad7-ab91-51d3cdf122bd",
        "dataType" : "Numeric",
        "answers" : [ ],
        "lowAbsolute" : 10.0,
        "highAbsolute" : 120.0,
        "lowNormal" : 50.0,
        "highNormal" : 90.0,
        "active" : true
      },
      "displayOrder" : 2.0,
      "type" : "SingleSelect",
      "mandatory" : true,
      "voided" : true
    }, {
      "name" : "Diastolic",
      "uuid" : "d87a0e34-9bad-4b04-aa57-1b93fbec3639",
      "keyValues" : [ ],
      "concept" : {
        "name" : "Diastolic",
        "uuid" : "1e2d41a2-5b6a-4ad7-ab91-51d3cdf122bd",
        "dataType" : "Numeric",
        "answers" : [ ],
        "lowAbsolute" : 10.0,
        "highAbsolute" : 120.0,
        "lowNormal" : 50.0,
        "highNormal" : 90.0,
        "active" : true
      },
      "displayOrder" : 2.1,
      "type" : "SingleSelect",
      "mandatory" : false
    }, {
      "name" : "Temperature",
      "uuid" : "a60089b0-71d7-487d-9102-1e8b52789bf7",
      "keyValues" : [ ],
      "concept" : {
        "name" : "Temperature",
        "uuid" : "e6edb61c-c3d9-44c8-abf7-4fd09fe39ec9",
        "dataType" : "Numeric",
        "answers" : [ ],
        "lowNormal" : 97.0,
        "highNormal" : 99.0,
        "active" : true
      },
      "displayOrder" : 3.0,
      "type" : "SingleSelect",
      "mandatory" : true,
      "voided" : true
    }, {
      "name" : "Temperature",
      "uuid" : "9f97c9dc-b109-42e9-a150-22dbf7256389",
      "keyValues" : [ ],
      "concept" : {
        "name" : "Temperature",
        "uuid" : "e6edb61c-c3d9-44c8-abf7-4fd09fe39ec9",
        "dataType" : "Numeric",
        "answers" : [ ],
        "lowNormal" : 97.0,
        "highNormal" : 99.0,
        "active" : true
      },
      "displayOrder" : 3.1,
      "type" : "SingleSelect",
      "mandatory" : false
    }, {
      "name" : "Respiratory Rate",
      "uuid" : "f483e292-24b6-4d76-af72-8b13c9a5c596",
      "keyValues" : [ ],
      "concept" : {
        "name" : "Respiratory Rate",
        "uuid" : "70d617f9-3c14-4ec2-8d0f-97c837f6ab37",
        "dataType" : "Numeric",
        "answers" : [ ],
        "lowNormal" : 16.0,
        "highNormal" : 20.0,
        "active" : true
      },
      "displayOrder" : 4.0,
      "type" : "SingleSelect",
      "mandatory" : false
    }, {
      "name" : "Pulse",
      "uuid" : "62c01607-c063-49cd-ac39-ea1541243c44",
      "keyValues" : [ ],
      "concept" : {
        "name" : "Pulse",
        "uuid" : "2d3b8f90-6123-4dbf-b866-4f56ac7d24c8",
        "dataType" : "Numeric",
        "answers" : [ ],
        "lowNormal" : 60.0,
        "highNormal" : 100.0,
        "active" : true
      },
      "displayOrder" : 5.0,
      "type" : "SingleSelect",
      "mandatory" : false
    }, {
      "name" : "Hb % Level",
      "uuid" : "3217fb80-e129-424a-891b-e1b32e10eead",
      "keyValues" : [ ],
      "concept" : {
        "name" : "Hb % Level",
        "uuid" : "bf79f9bf-1dc7-4bb5-8747-a9e2ab1e73f3",
        "dataType" : "Numeric",
        "answers" : [ ],
        "lowNormal" : 11.0,
        "active" : true
      },
      "displayOrder" : 6.0,
      "type" : "SingleSelect",
      "mandatory" : false
    } ],
    "timed" : false
  }, {
    "uuid" : "bd0672b5-bc94-45c3-a24e-210a7c7b0d93",
    "name" : "Mother PNC Danger Signs",
    "displayOrder" : 2.0,
    "display" : "Danger Signs",
    "formElements" : [ {
      "name" : "Any of the following difficulties",
      "uuid" : "3ae759ca-ba9e-43dd-8e64-270fdf0d1b38",
      "keyValues" : [ ],
      "concept" : {
        "name" : "Post-Partum Haemorrhage symptoms",
        "uuid" : "863b3d4b-31df-4313-9a20-66749c1f175d",
        "dataType" : "Coded",
        "answers" : [ {
          "name" : "No problem",
          "uuid" : "855fb739-19d8-418d-a8ae-c1da977b7fa9",
          "dataType" : "NA",
          "answers" : [ ],
          "order" : 4.0,
          "unique" : true,
          "active" : true
        }, {
          "name" : "Difficulty breathing",
          "uuid" : "fe8c09ce-4135-4092-a693-3ad9bd8edb44",
          "dataType" : "NA",
          "answers" : [ ],
          "order" : 2.0,
          "abnormal" : true,
          "active" : true
        }, {
          "name" : "Blurred vision",
          "uuid" : "2367268e-5988-4db3-a0ca-19438bd5931c",
          "dataType" : "NA",
          "answers" : [ ],
          "order" : 1.0,
          "abnormal" : true,
          "active" : true
        }, {
          "name" : "Severe headache",
          "uuid" : "5a6ab8bb-fb14-4747-a66e-3961d718a83e",
          "dataType" : "NA",
          "answers" : [ ],
          "order" : 3.0,
          "abnormal" : true,
          "active" : true
        } ],
        "active" : true
      },
      "displayOrder" : 1.0,
      "type" : "MultiSelect",
      "mandatory" : true
    }, {
      "name" : "Any abdominal problems",
      "uuid" : "04627edc-a358-451a-9772-d98084e81a36",
      "keyValues" : [ ],
      "concept" : {
        "name" : "Any abdominal problems",
        "uuid" : "2de99de4-558c-44b0-9882-abe7d892fe6c",
        "dataType" : "Coded",
        "answers" : [ {
          "name" : "Uterus is soft or tender",
          "uuid" : "6c670fde-e4c1-4885-b672-452de7a023e0",
          "dataType" : "NA",
          "answers" : [ ],
          "order" : 2.0,
          "abnormal" : true,
          "active" : true
        }, {
          "name" : "No problems",
          "uuid" : "55c81def-8229-4531-a998-0438bdd5a8f1",
          "dataType" : "NA",
          "answers" : [ ],
          "order" : 3.0,
          "active" : true
        }, {
          "name" : "Abdominal pain",
          "uuid" : "7b8829db-9a5a-4177-bab3-6f8e3bb3832c",
          "dataType" : "NA",
          "answers" : [ ],
          "order" : 1.0,
          "abnormal" : true,
          "active" : true
        }, {
          "name" : "No problem",
          "uuid" : "855fb739-19d8-418d-a8ae-c1da977b7fa9",
          "dataType" : "NA",
          "answers" : [ ],
          "order" : 3.0,
          "unique" : true,
          "active" : true
        } ],
        "active" : true
      },
      "displayOrder" : 2.0,
      "type" : "MultiSelect",
      "mandatory" : true
    }, {
      "name" : "Any vaginal problems",
      "uuid" : "5975a1d5-f43e-441e-a758-b2d4913dc543",
      "keyValues" : [ ],
      "concept" : {
        "name" : "Any vaginal problems",
        "uuid" : "a4b8583b-80af-4a9f-b506-037a7abb1f43",
        "dataType" : "Coded",
        "answers" : [ {
          "name" : "Infected perineum suture",
          "uuid" : "f67e74ea-f048-40b1-abaa-19ff8ac20b10",
          "dataType" : "NA",
          "answers" : [ ],
          "order" : 3.0,
          "abnormal" : true,
          "active" : true
        }, {
          "name" : "No problem",
          "uuid" : "855fb739-19d8-418d-a8ae-c1da977b7fa9",
          "dataType" : "NA",
          "answers" : [ ],
          "order" : 4.0,
          "unique" : true,
          "active" : true
        }, {
          "name" : "No problems",
          "uuid" : "55c81def-8229-4531-a998-0438bdd5a8f1",
          "dataType" : "NA",
          "answers" : [ ],
          "order" : 4.0,
          "active" : true
        }, {
          "name" : "Heavy bleeding per vaginum",
          "uuid" : "396d9f7d-2dc7-4517-9543-85f1a8cbf00c",
          "dataType" : "NA",
          "answers" : [ ],
          "order" : 1.0,
          "abnormal" : true,
          "active" : true
        }, {
          "name" : "Bad-smelling lochia",
          "uuid" : "abbd780c-e5a4-4558-b576-86394b359822",
          "dataType" : "NA",
          "answers" : [ ],
          "order" : 2.0,
          "abnormal" : true,
          "active" : true
        } ],
        "active" : true
      },
      "displayOrder" : 3.0,
      "type" : "MultiSelect",
      "mandatory" : true
    }, {
      "name" : "Any difficulties with urinating",
      "uuid" : "d9b350f8-3ed0-4333-bd13-dccd363020bd",
      "keyValues" : [ ],
      "concept" : {
        "name" : "Any difficulties with urinating",
        "uuid" : "0f01b6f6-b7e3-41ea-8d49-9df23196125b",
        "dataType" : "Coded",
        "answers" : [ {
          "name" : "Burning Urination",
          "uuid" : "8a07fe4d-1814-4f80-90fe-5fbedf2a0518",
          "dataType" : "NA",
          "answers" : [ ],
          "order" : 2.0,
          "abnormal" : true,
          "active" : true
        }, {
          "name" : "Difficulty passing urine",
          "uuid" : "34ac55d2-84e1-44a5-981d-d3cf1fedd0cf",
          "dataType" : "NA",
          "answers" : [ ],
          "order" : 1.0,
          "abnormal" : true,
          "active" : true
        }, {
          "name" : "No difficulties",
          "uuid" : "a440c668-a9d8-4ac4-8652-0660e0ca6364",
          "dataType" : "NA",
          "answers" : [ ],
          "order" : 3.0,
          "unique" : true,
          "active" : true
        } ],
        "active" : true
      },
      "displayOrder" : 4.0,
      "type" : "MultiSelect",
      "mandatory" : true
    }, {
      "name" : "Any breast problems",
      "uuid" : "2765a380-21ca-4989-b14a-1d69eea9f8c4",
      "keyValues" : [ ],
      "concept" : {
        "name" : "Any breast problems",
        "uuid" : "88fe8286-316d-4ee8-be86-2d8c3840881c",
        "dataType" : "Coded",
        "answers" : [ {
          "name" : "Agalactorrhea- no or insufficient lactation",
          "uuid" : "189577a3-1b82-4b33-a9de-345de795a860",
          "dataType" : "NA",
          "answers" : [ ],
          "order" : 4.0,
          "abnormal" : true,
          "active" : true
        }, {
          "name" : "Other",
          "uuid" : "05ea583c-51d2-412d-ad00-06c432ffe538",
          "dataType" : "NA",
          "answers" : [ ],
          "order" : 7.0,
          "abnormal" : true,
          "active" : true
        }, {
          "name" : "Breast abcess",
          "uuid" : "39e46278-8278-4c49-95a8-8af166723a5e",
          "dataType" : "NA",
          "answers" : [ ],
          "order" : 6.0,
          "abnormal" : true,
          "active" : true
        }, {
          "name" : "Cracked Nipple",
          "uuid" : "804a3c4c-e42e-47b0-923b-43c808c631bc",
          "dataType" : "NA",
          "answers" : [ ],
          "order" : 1.0,
          "abnormal" : true,
          "active" : true
        }, {
          "name" : "Breast hardness",
          "uuid" : "9d5b4823-959b-4650-bec2-ed7a1db7c057",
          "dataType" : "NA",
          "answers" : [ ],
          "order" : 3.0,
          "abnormal" : true,
          "active" : true
        }, {
          "name" : "Nipple hardness",
          "uuid" : "e109964e-1f6f-49dd-9cdf-b862f91f3b65",
          "dataType" : "NA",
          "answers" : [ ],
          "order" : 2.0,
          "abnormal" : true,
          "active" : true
        }, {
          "name" : "No problem",
          "uuid" : "855fb739-19d8-418d-a8ae-c1da977b7fa9",
          "dataType" : "NA",
          "answers" : [ ],
          "order" : 8.0,
          "unique" : true,
          "active" : true
        }, {
          "name" : "Breast engorgement",
          "uuid" : "872e901c-15ef-4321-ae1d-0e7561b19093",
          "dataType" : "NA",
          "answers" : [ ],
          "order" : 5.0,
          "abnormal" : true,
          "active" : true
        } ],
        "active" : true
      },
      "displayOrder" : 5.0,
      "type" : "MultiSelect",
      "mandatory" : true
    }, {
      "name" : "Other breast related problems",
      "uuid" : "b7faa7e3-f518-4cf0-8bbc-c10bb49c0b4b",
      "keyValues" : [ ],
      "concept" : {
        "name" : "Other breast problems",
        "uuid" : "8cbd5ba9-c6ee-4d27-94ed-280bd88ae990",
        "dataType" : "Text",
        "answers" : [ ],
        "active" : true
      },
      "displayOrder" : 5.5,
      "type" : "SingleSelect",
      "mandatory" : true
    }, {
      "name" : "How is the incision area",
      "uuid" : "827f5d7c-e0fa-4725-91dd-a7a93149b1ad",
      "keyValues" : [ ],
      "concept" : {
        "name" : "How is the incision area",
        "uuid" : "a70eb606-3155-49f1-b2b4-6bc858ea6d31",
        "dataType" : "Coded",
        "answers" : [ {
          "name" : "Discharge from wound",
          "uuid" : "17c81370-0f1d-4cbb-ae30-0f0f6a4a0197",
          "dataType" : "NA",
          "answers" : [ ],
          "order" : 4.0,
          "abnormal" : true,
          "active" : true
        }, {
          "name" : "Indurated",
          "uuid" : "40c79aa5-2f83-4a2e-a5fd-8f490e42e25d",
          "dataType" : "NA",
          "answers" : [ ],
          "order" : 1.0,
          "abnormal" : true,
          "active" : true
        }, {
          "name" : "Filled with pus",
          "uuid" : "c2d3b745-b145-4268-80ec-6ea9707a99a5",
          "dataType" : "NA",
          "answers" : [ ],
          "order" : 3.0,
          "abnormal" : true,
          "active" : true
        }, {
          "name" : "Normal",
          "uuid" : "ba43b326-18a1-4f8d-ad04-29b0371461e0",
          "dataType" : "NA",
          "answers" : [ ],
          "order" : 5.0,
          "unique" : true,
          "active" : true
        }, {
          "name" : "Looks red",
          "uuid" : "6323bb46-3510-4a7f-9531-4ebd32278911",
          "dataType" : "NA",
          "answers" : [ ],
          "order" : 2.0,
          "abnormal" : true,
          "active" : true
        } ],
        "active" : true
      },
      "displayOrder" : 6.0,
      "type" : "MultiSelect",
      "mandatory" : false
    }, {
      "name" : "Does feel hot or have the chills",
      "uuid" : "0e15828b-b23f-4022-b6e1-d400f1ac608f",
      "keyValues" : [ ],
      "concept" : {
        "name" : "Fever/Chills",
        "uuid" : "2441879f-4f53-4755-9474-3168c68095a5",
        "dataType" : "Coded",
        "answers" : [ {
          "name" : "No",
          "uuid" : "e7b50c78-3d90-484d-a224-9887887780dc",
          "dataType" : "NA",
          "answers" : [ ],
          "order" : 2.0,
          "active" : true
        }, {
          "name" : "Yes",
          "uuid" : "04bb1773-c353-44a1-a68c-9b448e07ff70",
          "dataType" : "NA",
          "answers" : [ ],
          "order" : 1.0,
          "abnormal" : true,
          "active" : true
        } ],
        "active" : true
      },
      "displayOrder" : 7.0,
      "type" : "SingleSelect",
      "mandatory" : true,
      "voided" : true
    }, {
      "name" : "Does feel hot?",
      "uuid" : "e2e36492-24e5-4703-8b2f-b83084a3aa98",
      "keyValues" : [ ],
      "concept" : {
        "name" : "Feels hot",
        "uuid" : "690af7fc-50d1-4a38-a864-58219ee14da6",
        "dataType" : "Coded",
        "answers" : [ {
          "name" : "No",
          "uuid" : "e7b50c78-3d90-484d-a224-9887887780dc",
          "dataType" : "NA",
          "answers" : [ ],
          "order" : 2.0,
          "active" : true
        }, {
          "name" : "Yes",
          "uuid" : "04bb1773-c353-44a1-a68c-9b448e07ff70",
          "dataType" : "NA",
          "answers" : [ ],
          "order" : 1.0,
          "abnormal" : true,
          "active" : true
        } ],
        "active" : true
      },
      "displayOrder" : 7.1,
      "type" : "SingleSelect",
      "mandatory" : true
    }, {
      "name" : "Does have the chills?",
      "uuid" : "020f51fd-afa5-4c5a-bce2-985898fe7074",
      "keyValues" : [ ],
      "concept" : {
        "name" : "Feels chill",
        "uuid" : "a15faeac-ae32-4acb-aca4-546e0a661fda",
        "dataType" : "Coded",
        "answers" : [ {
          "name" : "No",
          "uuid" : "e7b50c78-3d90-484d-a224-9887887780dc",
          "dataType" : "NA",
          "answers" : [ ],
          "order" : 2.0,
          "active" : true
        }, {
          "name" : "Yes",
          "uuid" : "04bb1773-c353-44a1-a68c-9b448e07ff70",
          "dataType" : "NA",
          "answers" : [ ],
          "order" : 1.0,
          "abnormal" : true,
          "active" : true
        } ],
        "active" : true
      },
      "displayOrder" : 7.2,
      "type" : "SingleSelect",
      "mandatory" : true
    }, {
      "name" : "Convulsions",
      "uuid" : "19e880a8-b886-436c-885e-cc5ce11cb284",
      "keyValues" : [ ],
      "concept" : {
        "name" : "Convulsions",
        "uuid" : "ab9596e4-04b6-48f2-9f4d-1c7a2c82dbf8",
        "dataType" : "Coded",
        "answers" : [ {
          "name" : "Absent",
          "uuid" : "10885638-561a-42b6-8b24-8daa01864c89",
          "dataType" : "NA",
          "answers" : [ ],
          "order" : 2.0,
          "active" : true
        }, {
          "name" : "Present",
          "uuid" : "57b51d52-981f-4af2-b133-aeffa6d00757",
          "dataType" : "NA",
          "answers" : [ ],
          "order" : 1.0,
          "abnormal" : true,
          "active" : true
        } ],
        "active" : true
      },
      "displayOrder" : 8.0,
      "type" : "SingleSelect",
      "mandatory" : true
    }, {
      "name" : "Do you have the following complaints",
      "uuid" : "491f80c6-1e45-4a6e-8233-42a1cde8b5d7",
      "keyValues" : [ ],
      "concept" : {
        "name" : "Post-Partum Depression Symptoms",
        "uuid" : "0776992a-78de-4bd1-bfcb-f63ff1f7630e",
        "dataType" : "Coded",
        "answers" : [ {
          "name" : "Insomnia",
          "uuid" : "492f2658-5a54-4d47-894c-af90d02730b7",
          "dataType" : "NA",
          "answers" : [ ],
          "order" : 1.0,
          "abnormal" : true,
          "active" : true
        }, {
          "name" : "Loss of appetite",
          "uuid" : "47e93f5b-3bfb-4fb7-826f-278d8d0e04ce",
          "dataType" : "NA",
          "answers" : [ ],
          "order" : 3.0,
          "abnormal" : true,
          "active" : true
        }, {
          "name" : "Weakness",
          "uuid" : "25ec9a8c-07df-471c-afac-4919d016464d",
          "dataType" : "NA",
          "answers" : [ ],
          "order" : 4.0,
          "abnormal" : true,
          "active" : true
        }, {
          "name" : "No problem",
          "uuid" : "855fb739-19d8-418d-a8ae-c1da977b7fa9",
          "dataType" : "NA",
          "answers" : [ ],
          "order" : 5.0,
          "unique" : true,
          "active" : true
        }, {
          "name" : "Irritability",
          "uuid" : "8b5390e0-bb10-438f-b57a-44afdc973d9c",
          "dataType" : "NA",
          "answers" : [ ],
          "order" : 2.0,
          "abnormal" : true,
          "active" : true
        } ],
        "active" : true
      },
      "displayOrder" : 9.0,
      "type" : "MultiSelect",
      "mandatory" : true
    }, {
      "name" : "Any other problems?",
      "uuid" : "0371f3af-541b-4bd1-8ee5-c9419ba82321",
      "keyValues" : [ ],
      "concept" : {
        "name" : "Other complications",
        "uuid" : "6f1019e6-91ba-47ae-98f6-4535f9d38a75",
        "dataType" : "Text",
        "answers" : [ ],
        "active" : true
      },
      "displayOrder" : 100.1,
      "type" : "SingleSelect",
      "mandatory" : false
    }, {
      "name" : "Did you receive stitches during delivery?",
      "uuid" : "dcb22748-afb2-4875-98d2-e0be554b97d9",
      "keyValues" : [ ],
      "concept" : {
        "name" : "Stitches during delivery",
        "uuid" : "581471f2-fa16-4082-abc8-3c74de7b0561",
        "dataType" : "Coded",
        "answers" : [ {
          "name" : "No",
          "uuid" : "e7b50c78-3d90-484d-a224-9887887780dc",
          "dataType" : "NA",
          "answers" : [ ],
          "order" : 2.0,
          "active" : true
        }, {
          "name" : "Yes",
          "uuid" : "04bb1773-c353-44a1-a68c-9b448e07ff70",
          "dataType" : "NA",
          "answers" : [ ],
          "order" : 1.0,
          "active" : true
        } ],
        "active" : true
      },
      "displayOrder" : 101.2,
      "type" : "SingleSelect",
      "mandatory" : true
    }, {
      "name" : "Are your stitches open or loose?",
      "uuid" : "b1a50973-45d6-4b5a-b0bf-1b670b91e8ea",
      "keyValues" : [ ],
      "concept" : {
        "name" : "Open or loose stitches",
        "uuid" : "75235180-0625-4bb2-9a89-fae17b6a0100",
        "dataType" : "Coded",
        "answers" : [ {
          "name" : "No",
          "uuid" : "e7b50c78-3d90-484d-a224-9887887780dc",
          "dataType" : "NA",
          "answers" : [ ],
          "order" : 2.0,
          "active" : true
        }, {
          "name" : "Yes",
          "uuid" : "04bb1773-c353-44a1-a68c-9b448e07ff70",
          "dataType" : "NA",
          "answers" : [ ],
          "order" : 1.0,
          "active" : true
        } ],
        "active" : true
      },
      "displayOrder" : 102.3,
      "type" : "SingleSelect",
      "mandatory" : true
    }, {
      "name" : "Is there any discharge from the wound?",
      "uuid" : "076f5dff-a0b5-4194-86a2-28b2b9d0432d",
      "keyValues" : [ ],
      "concept" : {
        "name" : "Any discharge from wound",
        "uuid" : "b289dac9-c2fe-4111-babd-502a691fb461",
        "dataType" : "Coded",
        "answers" : [ {
          "name" : "No",
          "uuid" : "e7b50c78-3d90-484d-a224-9887887780dc",
          "dataType" : "NA",
          "answers" : [ ],
          "order" : 2.0,
          "active" : true
        }, {
          "name" : "Yes",
          "uuid" : "04bb1773-c353-44a1-a68c-9b448e07ff70",
          "dataType" : "NA",
          "answers" : [ ],
          "order" : 1.0,
          "active" : true
        } ],
        "active" : true
      },
      "displayOrder" : 103.4,
      "type" : "SingleSelect",
      "mandatory" : true
    } ],
    "timed" : false
  }, {
    "uuid" : "1299dc47-a804-4176-9dd6-fa65a177bfa5",
    "name" : "Diet and Rest",
    "displayOrder" : 3.0,
    "display" : "Diet and Rest",
    "formElements" : [ {
      "name" : "Diet advice",
      "uuid" : "55afee91-a15f-48a7-ab49-116b51a831cd",
      "keyValues" : [ ],
      "concept" : {
        "name" : "Placeholder for counselling form element",
        "uuid" : "b4e5a662-97bf-4846-b9b7-9baeab4d89c4",
        "dataType" : "Coded",
        "answers" : [ {
          "name" : "Yes",
          "uuid" : "04bb1773-c353-44a1-a68c-9b448e07ff70",
          "dataType" : "NA",
          "answers" : [ ],
          "order" : 0.0,
          "active" : true
        } ],
        "active" : true
      },
      "displayOrder" : 1.0,
      "type" : "SingleSelect",
      "mandatory" : false
    }, {
      "name" : "Rest and sleep advice Dos",
      "uuid" : "71bf6c25-c8a7-4479-8265-f0aa80b9b606",
      "keyValues" : [ ],
      "concept" : {
        "name" : "Placeholder for counselling form element",
        "uuid" : "b4e5a662-97bf-4846-b9b7-9baeab4d89c4",
        "dataType" : "Coded",
        "answers" : [ {
          "name" : "Yes",
          "uuid" : "04bb1773-c353-44a1-a68c-9b448e07ff70",
          "dataType" : "NA",
          "answers" : [ ],
          "order" : 0.0,
          "active" : true
        } ],
        "active" : true
      },
      "displayOrder" : 2.0,
      "type" : "SingleSelect",
      "mandatory" : false
    }, {
      "name" : "Rest and sleep advice Donts",
      "uuid" : "71cd83d1-ca13-4be2-807b-5740bcc42ba8",
      "keyValues" : [ ],
      "concept" : {
        "name" : "Placeholder for counselling form element",
        "uuid" : "b4e5a662-97bf-4846-b9b7-9baeab4d89c4",
        "dataType" : "Coded",
        "answers" : [ {
          "name" : "Yes",
          "uuid" : "04bb1773-c353-44a1-a68c-9b448e07ff70",
          "dataType" : "NA",
          "answers" : [ ],
          "order" : 0.0,
          "active" : true
        } ],
        "active" : true
      },
      "displayOrder" : 3.0,
      "type" : "SingleSelect",
      "mandatory" : false
    }, {
      "name" : "Supplementary nutritional therapy advice",
      "uuid" : "23706cd0-0097-4665-b9b1-9b10647a87a4",
      "keyValues" : [ ],
      "concept" : {
        "name" : "Placeholder for counselling form element",
        "uuid" : "b4e5a662-97bf-4846-b9b7-9baeab4d89c4",
        "dataType" : "Coded",
        "answers" : [ {
          "name" : "Yes",
          "uuid" : "04bb1773-c353-44a1-a68c-9b448e07ff70",
          "dataType" : "NA",
          "answers" : [ ],
          "order" : 0.0,
          "active" : true
        } ],
        "active" : true
      },
      "displayOrder" : 4.0,
      "type" : "SingleSelect",
      "mandatory" : false
    } ],
    "timed" : false
  }, {
    "uuid" : "f00ea0bc-ca88-4c15-85e1-e3b9a7d90946",
    "name" : "Breast Feeding",
    "displayOrder" : 4.0,
    "display" : "Breast Feeding",
    "formElements" : [ {
      "name" : "Breast Feeding advice",
      "uuid" : "9355caa3-2050-4161-a218-cf6f7d06538f",
      "keyValues" : [ ],
      "concept" : {
        "name" : "Placeholder for counselling form element",
        "uuid" : "b4e5a662-97bf-4846-b9b7-9baeab4d89c4",
        "dataType" : "Coded",
        "answers" : [ {
          "name" : "Yes",
          "uuid" : "04bb1773-c353-44a1-a68c-9b448e07ff70",
          "dataType" : "NA",
          "answers" : [ ],
          "order" : 0.0,
          "active" : true
        } ],
        "active" : true
      },
      "displayOrder" : 1.0,
      "type" : "SingleSelect",
      "mandatory" : false
    } ],
    "timed" : false
  }, {
    "uuid" : "041d47a8-282c-4b7c-8f3b-d606268b450c",
    "name" : "Hygiene",
    "displayOrder" : 5.0,
    "display" : "Hygiene",
    "formElements" : [ {
      "name" : "Hygiene advice",
      "uuid" : "eda307c8-8f67-4182-be28-111e81db0c12",
      "keyValues" : [ ],
      "concept" : {
        "name" : "Placeholder for counselling form element",
        "uuid" : "b4e5a662-97bf-4846-b9b7-9baeab4d89c4",
        "dataType" : "Coded",
        "answers" : [ {
          "name" : "Yes",
          "uuid" : "04bb1773-c353-44a1-a68c-9b448e07ff70",
          "dataType" : "NA",
          "answers" : [ ],
          "order" : 0.0,
          "active" : true
        } ],
        "active" : true
      },
      "displayOrder" : 1.0,
      "type" : "SingleSelect",
      "mandatory" : false
    } ],
    "timed" : false
  }, {
    "uuid" : "5c26ca56-8155-433a-b5d5-35f7ae990ec2",
    "name" : "Immunization and Family planning",
    "displayOrder" : 6.0,
    "display" : "Immunization and Family planning",
    "formElements" : [ {
      "name" : "Immunization advice",
      "uuid" : "736a18f7-9ec1-4b13-896b-7d8f03d3d1b7",
      "keyValues" : [ ],
      "concept" : {
        "name" : "Placeholder for counselling form element",
        "uuid" : "b4e5a662-97bf-4846-b9b7-9baeab4d89c4",
        "dataType" : "Coded",
        "answers" : [ {
          "name" : "Yes",
          "uuid" : "04bb1773-c353-44a1-a68c-9b448e07ff70",
          "dataType" : "NA",
          "answers" : [ ],
          "order" : 0.0,
          "active" : true
        } ],
        "active" : true
      },
      "displayOrder" : 1.0,
      "type" : "SingleSelect",
      "mandatory" : false
    }, {
      "name" : "Family Planning advice Dos",
      "uuid" : "8521fb49-fdc8-454b-b129-49efcd25c933",
      "keyValues" : [ ],
      "concept" : {
        "name" : "Placeholder for counselling form element",
        "uuid" : "b4e5a662-97bf-4846-b9b7-9baeab4d89c4",
        "dataType" : "Coded",
        "answers" : [ {
          "name" : "Yes",
          "uuid" : "04bb1773-c353-44a1-a68c-9b448e07ff70",
          "dataType" : "NA",
          "answers" : [ ],
          "order" : 0.0,
          "active" : true
        } ],
        "active" : true
      },
      "displayOrder" : 2.0,
      "type" : "SingleSelect",
      "mandatory" : false
    }, {
      "name" : "Family Planning advice Donts",
      "uuid" : "27c08d47-f440-44ee-a6b8-6d673fbd7f20",
      "keyValues" : [ ],
      "concept" : {
        "name" : "Placeholder for counselling form element",
        "uuid" : "b4e5a662-97bf-4846-b9b7-9baeab4d89c4",
        "dataType" : "Coded",
        "answers" : [ {
          "name" : "Yes",
          "uuid" : "04bb1773-c353-44a1-a68c-9b448e07ff70",
          "dataType" : "NA",
          "answers" : [ ],
          "order" : 0.0,
          "active" : true
        } ],
        "active" : true
      },
      "displayOrder" : 3.0,
      "type" : "SingleSelect",
      "mandatory" : false
    } ],
    "timed" : false
  }, {
    "uuid" : "cd9e1235-f599-4e79-ab8a-055c7e2be4c3",
    "name" : "Mother PNC Diet and Medication",
    "displayOrder" : 9.0,
    "display" : "Diet and Medication",
    "formElements" : [ {
      "name" : "Where do you get your IFA tablets from?",
      "uuid" : "9b60c17d-5a4c-43f2-b0bb-c97fb013e945",
      "keyValues" : [ ],
      "concept" : {
        "name" : "Where does mother get IFA tablets from?",
        "uuid" : "aa9462ca-9312-41df-8a92-741d81f77ee7",
        "dataType" : "Coded",
        "answers" : [ {
          "name" : "Private",
          "uuid" : "f866daf5-9e36-4ec5-976c-b4a73a5ed45a",
          "dataType" : "NA",
          "answers" : [ ],
          "order" : 2.0,
          "active" : true
        }, {
          "name" : "None",
          "uuid" : "ebda5e05-a995-43ca-ad1a-30af3b937539",
          "dataType" : "NA",
          "answers" : [ ],
          "order" : 1.0,
          "active" : true
        }, {
          "name" : "Government",
          "uuid" : "7f1ceee8-415b-47df-97ff-c9ff74aab4f7",
          "dataType" : "NA",
          "answers" : [ ],
          "order" : 3.0,
          "active" : true
        }, {
          "name" : "Calcutta Kids",
          "uuid" : "b51ee2de-af5b-443f-8693-4deb773db2c6",
          "dataType" : "NA",
          "answers" : [ ],
          "order" : 1.0,
          "active" : true
        }, {
          "name" : "NA",
          "uuid" : "4d476011-7fc4-432b-98c0-9f6f1847cf39",
          "dataType" : "NA",
          "answers" : [ ],
          "order" : 4.0,
          "unique" : true,
          "active" : true
        } ],
        "active" : true
      },
      "displayOrder" : 1.1,
      "type" : "MultiSelect",
      "mandatory" : false
    }, {
      "name" : "How many IFA tablets have you consumed since your last visit?",
      "uuid" : "1c25008f-4a6c-4c0a-99b8-4d5285074c0f",
      "keyValues" : [ ],
      "concept" : {
        "name" : "How many IFA tablets mother consumed since last visit?",
        "uuid" : "0dcf9cee-b2c7-4751-86a2-142fd924068f",
        "dataType" : "Numeric",
        "answers" : [ ],
        "active" : true
      },
      "displayOrder" : 2.2,
      "type" : "SingleSelect",
      "mandatory" : false
    }, {
      "name" : "Where do you get your calcium tablets from?",
      "uuid" : "3fd43a41-fbfc-40f1-836b-a3e7299a8390",
      "keyValues" : [ ],
      "concept" : {
        "name" : "Calcium tablets received from",
        "uuid" : "370721b6-7d28-4993-b408-9266e408b5a1",
        "dataType" : "Coded",
        "answers" : [ {
          "name" : "None",
          "uuid" : "ebda5e05-a995-43ca-ad1a-30af3b937539",
          "dataType" : "NA",
          "answers" : [ ],
          "order" : 1.0,
          "active" : true
        }, {
          "name" : "Government",
          "uuid" : "7f1ceee8-415b-47df-97ff-c9ff74aab4f7",
          "dataType" : "NA",
          "answers" : [ ],
          "order" : 3.0,
          "active" : true
        }, {
          "name" : "NA",
          "uuid" : "4d476011-7fc4-432b-98c0-9f6f1847cf39",
          "dataType" : "NA",
          "answers" : [ ],
          "order" : 4.0,
          "unique" : true,
          "active" : true
        }, {
          "name" : "Private",
          "uuid" : "f866daf5-9e36-4ec5-976c-b4a73a5ed45a",
          "dataType" : "NA",
          "answers" : [ ],
          "order" : 2.0,
          "active" : true
        }, {
          "name" : "Calcutta Kids",
          "uuid" : "b51ee2de-af5b-443f-8693-4deb773db2c6",
          "dataType" : "NA",
          "answers" : [ ],
          "order" : 1.0,
          "active" : true
        } ],
        "active" : true
      },
      "displayOrder" : 3.3,
      "type" : "MultiSelect",
      "mandatory" : false
    }, {
      "name" : "How many calcium tablets have you consumed since your last visit?",
      "uuid" : "62db9687-6517-4672-931a-5596805e203f",
      "keyValues" : [ ],
      "concept" : {
        "name" : "Number of calcium tablets consumed since last last visit",
        "uuid" : "c2b21d7d-447a-4f97-9775-199c316921e4",
        "dataType" : "Numeric",
        "answers" : [ ],
        "active" : true
      },
      "displayOrder" : 4.4,
      "type" : "SingleSelect",
      "mandatory" : false
    }, {
      "name" : "How much are you eating compared to your pre-pregnancy food intake?",
      "uuid" : "aac07328-febc-43bf-a359-f4ff1bd5b64c",
      "keyValues" : [ ],
      "concept" : {
        "name" : "Eating compared to your pre-pregnancy food intake",
        "uuid" : "bd925c49-1315-405a-999b-cd6509668281",
        "dataType" : "Coded",
        "answers" : [ {
          "name" : "None",
          "uuid" : "ebda5e05-a995-43ca-ad1a-30af3b937539",
          "dataType" : "NA",
          "answers" : [ ],
          "order" : 1.0,
          "active" : true
        }, {
          "name" : "More",
          "uuid" : "42146907-9b2b-45c7-ada0-ce4db4a0e224",
          "dataType" : "NA",
          "answers" : [ ],
          "order" : 1.0,
          "active" : true
        }, {
          "name" : "Less",
          "uuid" : "46c5a087-db39-43f8-bbdd-778c70eeaf91",
          "dataType" : "NA",
          "answers" : [ ],
          "order" : 3.0,
          "active" : true
        }, {
          "name" : "Same",
          "uuid" : "57f67648-23dd-4d83-96dc-481b7e219a75",
          "dataType" : "NA",
          "answers" : [ ],
          "order" : 2.0,
          "active" : true
        } ],
        "active" : true
      },
      "displayOrder" : 5.5,
      "type" : "SingleSelect",
      "mandatory" : false
    }, {
      "name" : "Why eating same or less?",
      "uuid" : "095696b2-02da-451f-a7f7-2834b36373bb",
      "keyValues" : [ ],
      "concept" : {
        "name" : "Reason for eating less than pre-pregnancy",
        "uuid" : "bc8a4300-6a51-411f-a81b-198135fdf236",
        "dataType" : "Coded",
        "answers" : [ {
          "name" : "Food not available or sufficient",
          "uuid" : "957ea4ab-d3a0-4b52-a056-dd103d9a164f",
          "dataType" : "NA",
          "answers" : [ ],
          "order" : 1.0,
          "active" : true
        }, {
          "name" : "Family pressure or belief to eat less",
          "uuid" : "7a53dcb6-23c9-4995-bda7-7cc1722e59fc",
          "dataType" : "NA",
          "answers" : [ ],
          "order" : 3.0,
          "active" : true
        }, {
          "name" : "Loss of appetite",
          "uuid" : "47e93f5b-3bfb-4fb7-826f-278d8d0e04ce",
          "dataType" : "NA",
          "answers" : [ ],
          "order" : 2.0,
          "active" : true
        }, {
          "name" : "Family pressure or belief",
          "uuid" : "ebfe47b9-e144-4db8-a31b-b491401e8cc3",
          "dataType" : "NA",
          "answers" : [ ],
          "order" : 1.0,
          "active" : true
        }, {
          "name" : "Lack of family support",
          "uuid" : "5e7da32d-42cb-410c-a17f-38af82e6c858",
          "dataType" : "NA",
          "answers" : [ ],
          "order" : 4.0,
          "active" : true
        }, {
          "name" : "Other",
          "uuid" : "05ea583c-51d2-412d-ad00-06c432ffe538",
          "dataType" : "NA",
          "answers" : [ ],
          "order" : 5.0,
          "active" : true
        } ],
        "active" : true
      },
      "displayOrder" : 5.6,
      "type" : "MultiSelect",
      "mandatory" : false
    }, {
      "name" : "Specify other reason for eating less",
      "uuid" : "1c570680-cdda-45ec-b6b5-cf3e7633327b",
      "keyValues" : [ ],
      "concept" : {
        "name" : "Other reason for eating less than pre-pregnancy",
        "uuid" : "70cad8f7-722e-4186-aa89-4acc7acb2ed7",
        "dataType" : "Text",
        "answers" : [ ],
        "active" : true
      },
      "displayOrder" : 6.6,
      "type" : "SingleSelect",
      "mandatory" : false
    }, {
      "name" : "Are you drinking at least one glass of milk per day?",
      "uuid" : "5c54f78b-1074-40bb-9bed-d540e2763087",
      "keyValues" : [ ],
      "concept" : {
        "name" : "Is mother drinking at least one glass of milk per day?",
        "uuid" : "d60670cb-becd-4a25-b854-14f9e7e60add",
        "dataType" : "Coded",
        "answers" : [ {
          "name" : "Yes",
          "uuid" : "04bb1773-c353-44a1-a68c-9b448e07ff70",
          "dataType" : "NA",
          "answers" : [ ],
          "order" : 1.0,
          "active" : true
        }, {
          "name" : "No",
          "uuid" : "e7b50c78-3d90-484d-a224-9887887780dc",
          "dataType" : "NA",
          "answers" : [ ],
          "order" : 2.0,
          "active" : true
        } ],
        "active" : true
      },
      "displayOrder" : 7.7,
      "type" : "SingleSelect",
      "mandatory" : false
    } ],
    "timed" : false
  }, {
    "uuid" : "19fb300e-9ebb-49df-841d-939113904214",
    "name" : "Mother PNC Discussion Items",
    "displayOrder" : 10.0,
    "display" : "Discussion Items",
    "formElements" : [ {
      "name" : "Postnatal care for mother",
      "uuid" : "83b86560-6645-4562-9369-fe26fc6e4d5d",
      "keyValues" : [ ],
      "concept" : {
        "name" : "Placeholder for counselling form element",
        "uuid" : "b4e5a662-97bf-4846-b9b7-9baeab4d89c4",
        "dataType" : "Coded",
        "answers" : [ {
          "name" : "Yes",
          "uuid" : "04bb1773-c353-44a1-a68c-9b448e07ff70",
          "dataType" : "NA",
          "answers" : [ ],
          "order" : 0.0,
          "active" : true
        } ],
        "active" : true
      },
      "displayOrder" : 1.1,
      "type" : "SingleSelect",
      "mandatory" : false
    }, {
      "name" : "Postnatal care for child",
      "uuid" : "1102290b-96b9-4ebd-9005-fb910fa5d46d",
      "keyValues" : [ ],
      "concept" : {
        "name" : "Placeholder for counselling form element",
        "uuid" : "b4e5a662-97bf-4846-b9b7-9baeab4d89c4",
        "dataType" : "Coded",
        "answers" : [ {
          "name" : "Yes",
          "uuid" : "04bb1773-c353-44a1-a68c-9b448e07ff70",
          "dataType" : "NA",
          "answers" : [ ],
          "order" : 0.0,
          "active" : true
        } ],
        "active" : true
      },
      "displayOrder" : 2.2,
      "type" : "SingleSelect",
      "mandatory" : false
    }, {
      "name" : "Inform the mother to come for her routine PNC check up with the CK doctor",
      "uuid" : "5707b0ba-8282-496e-8e14-a13448886891",
      "keyValues" : [ ],
      "concept" : {
        "name" : "Placeholder for counselling form element",
        "uuid" : "b4e5a662-97bf-4846-b9b7-9baeab4d89c4",
        "dataType" : "Coded",
        "answers" : [ {
          "name" : "Yes",
          "uuid" : "04bb1773-c353-44a1-a68c-9b448e07ff70",
          "dataType" : "NA",
          "answers" : [ ],
          "order" : 0.0,
          "active" : true
        } ],
        "active" : true
      },
      "displayOrder" : 3.3,
      "type" : "SingleSelect",
      "mandatory" : false
    } ],
    "timed" : false
  } ],
  "decisionConcepts" : [ ]
}