{
  "name" : "Post abortion form",
  "uuid" : "a7ec8c80-edb2-4751-a5ec-498a9e0240a0",
  "formType" : "ProgramEncounter",
  "formElementGroups" : [ {
    "uuid" : "a2a348cb-febe-494e-8bce-cd8b2aa094c8",
    "name" : "Details",
    "displayOrder" : 1.0,
    "display" : "Details",
    "formElements" : [ {
      "name" : "Complaints",
      "uuid" : "3860dca7-bb17-4a05-a598-e80ab7c77ac5",
      "keyValues" : [ {
        "key" : "ExcludedAnswers",
        "value" : [ "[DEPRECATED] Per vaginal bleeding" ]
      } ],
      "concept" : {
        "name" : "Post abortion complaints",
        "uuid" : "fc1346b0-57fe-4a84-8d95-f4461d60176f",
        "dataType" : "Coded",
        "answers" : [ {
          "name" : "Fever",
          "uuid" : "0b7f3334-f81e-4d84-a13d-b35011e34456",
          "dataType" : "NA",
          "answers" : [ ],
          "order" : 3.0,
          "abnormal" : true,
          "active" : true
        }, {
          "name" : "None",
          "uuid" : "ebda5e05-a995-43ca-ad1a-30af3b937539",
          "dataType" : "NA",
          "answers" : [ ],
          "order" : 5.0,
          "unique" : true,
          "active" : true
        }, {
          "name" : "[DEPRECATED] Per vaginal bleeding",
          "uuid" : "6471787c-fd94-4231-8d22-90b53bd28788",
          "dataType" : "NA",
          "answers" : [ ],
          "order" : 2.0,
          "abnormal" : true,
          "active" : true
        }, {
          "name" : "Per vaginal bleeding",
          "uuid" : "79865f4d-1946-40b4-a823-28281fc58ba0",
          "dataType" : "NA",
          "answers" : [ ],
          "order" : 2.0,
          "abnormal" : true,
          "active" : true
        }, {
          "name" : "Abdominal pain",
          "uuid" : "7b8829db-9a5a-4177-bab3-6f8e3bb3832c",
          "dataType" : "NA",
          "answers" : [ ],
          "order" : 1.0,
          "abnormal" : true,
          "active" : true
        }, {
          "name" : "Other",
          "uuid" : "05ea583c-51d2-412d-ad00-06c432ffe538",
          "dataType" : "NA",
          "answers" : [ ],
          "order" : 4.0,
          "abnormal" : true,
          "active" : true
        } ],
        "active" : true
      },
      "displayOrder" : 1.0,
      "type" : "MultiSelect",
      "mandatory" : true
    }, {
      "name" : "Other abortion complaints",
      "uuid" : "3b7252e6-407f-4683-94bd-7a4d53bc601c",
      "keyValues" : [ ],
      "concept" : {
        "name" : "Other abortion complaints",
        "uuid" : "a7d52633-56ff-486d-b451-b119d74a7760",
        "dataType" : "Text",
        "answers" : [ ],
        "active" : true
      },
      "displayOrder" : 2.0,
      "type" : "SingleSelect",
      "rule" : "'use strict';\n({params, imports}) => {\n  const programEncounter = params.entity;\n  const moment = imports.moment;\n  const formElement = params.formElement;\n  const _ = imports.lodash;\n  let visibility = true;\n  let value = null;\n  let answersToSkip = [];\n  let validationErrors = [];\n  \n  const condition11 = new imports.rulesConfig.RuleCondition({programEncounter, formElement}).when.valueInEncounter(\"fc1346b0-57fe-4a84-8d95-f4461d60176f\").containsAnswerConceptName(\"05ea583c-51d2-412d-ad00-06c432ffe538\").matches();\n  \n  visibility = condition11 ;\n  \n  return new imports.rulesConfig.FormElementStatus(formElement.uuid, visibility, value, answersToSkip, validationErrors);\n};",
      "declarativeRule" : [ {
        "actions" : [ {
          "actionType" : "showFormElement"
        }, { } ],
        "conditions" : [ {
          "compoundRule" : {
            "rules" : [ {
              "lhs" : {
                "type" : "concept",
                "scope" : "encounter",
                "conceptName" : "Post abortion complaints",
                "conceptUuid" : "fc1346b0-57fe-4a84-8d95-f4461d60176f",
                "conceptDataType" : "Coded"
              },
              "rhs" : {
                "type" : "answerConcept",
                "answerConceptNames" : [ "Other" ],
                "answerConceptUuids" : [ "05ea583c-51d2-412d-ad00-06c432ffe538" ]
              },
              "operator" : "containsAnswerConceptName"
            } ]
          }
        } ]
      } ],
      "mandatory" : true
    } ],
    "timed" : false
  } ],
  "decisionRule" : "",
  "visitScheduleRule" : "\"use strict\";\n({ params, imports }) => {\n  const moment = imports.moment;\n  const programEncounter = params.entity;\n  const scheduleBuilder = new imports.rulesConfig.VisitScheduleBuilder({\n    programEncounter\n  });\n\n  const numberOfPostAbortionEncounters = programEncounter.programEnrolment.numberOfEncountersOfType('Post abortion home visit');\n  if (numberOfPostAbortionEncounters < 3) {\n    const earliestDateTime = numberOfPostAbortionEncounters > 1 \n      ? moment(programEncounter.earliestVisitDateTime).add(14, 'days').toDate() \n      : moment(programEncounter.earliestVisitDateTime).add(7, 'days').toDate();\n    const name = numberOfPostAbortionEncounters > 1 \n      ? 'Third post abortion home visit' \n      : 'Second post abortion home visit';\n    const maxDate = moment(earliestDateTime).add(7, 'days').toDate();\n\n    scheduleBuilder.add({\n      name: name,\n      encounterType: \"Post abortion home visit\",\n      earliestDate: earliestDateTime,\n      maxDate: maxDate\n    });\n    return scheduleBuilder.getAll(); \n    }\n};",
  "validationRule" : "",
  "checklistsRule" : "",
  "decisionConcepts" : [ ]
}