{
  "name" : "Vaccination Checklist Form",
  "uuid" : "9d8a1627-09fb-4867-8431-659d2477d768",
  "formType" : "ChecklistItem",
  "formElementGroups" : [ {
    "uuid" : "18518526-6b8b-458d-81c5-659a63027797",
    "name" : "Administered By",
    "displayOrder" : 1.0,
    "display" : "Administered By",
    "formElements" : [ {
      "name" : "Administered By",
      "uuid" : "5b36f2a4-25c6-42aa-bacc-39ad4bc02576",
      "keyValues" : [ ],
      "concept" : {
        "name" : "Administered by",
        "uuid" : "4c98684a-47ef-4e1e-9dc9-2e603f7b6361",
        "dataType" : "Coded",
        "answers" : [ {
          "name" : "Other",
          "uuid" : "05ea583c-51d2-412d-ad00-06c432ffe538",
          "dataType" : "NA",
          "answers" : [ ],
          "order" : 1.0,
          "active" : true
        }, {
          "name" : "Calcutta Kids",
          "uuid" : "b51ee2de-af5b-443f-8693-4deb773db2c6",
          "dataType" : "NA",
          "answers" : [ ],
          "order" : 1.0,
          "active" : true
        } ],
        "active" : true
      },
      "displayOrder" : 1.0,
      "type" : "SingleSelect",
      "mandatory" : false
    } ],
    "timed" : false
  } ],
  "decisionConcepts" : [ ]
}