[ {
  "uuid" : "8feb5a65-ad3d-4a1f-91d1-44a561995b09",
  "name" : "Vaccination",
  "items" : [ {
    "uuid" : "20e85eb7-0156-4fc3-b910-e8441c25b06e",
    "concept" : {
      "name" : "Pentavalent 3",
      "uuid" : "dfb99b5e-76e1-4abc-b0a2-85b6e751a7af",
      "dataType" : "NA",
      "answers" : [ ],
      "active" : true
    },
    "status" : [ {
      "from" : {
        "day" : 0
      },
      "to" : {
        "day" : 0
      },
      "color" : "#FBF9DA",
      "state" : "Due",
      "displayOrder" : 1.0,
      "start" : 0,
      "end" : 21
    }, {
      "from" : {
        "day" : 0
      },
      "to" : {
        "day" : 0
      },
      "color" : "#F9DBBF",
      "state" : "Critical",
      "displayOrder" : 2.0,
      "start" : 21,
      "end" : 28
    }, {
      "from" : {
        "day" : 0
      },
      "to" : {
        "day" : 0
      },
      "color" : "#FFC2C2",
      "state" : "Overdue",
      "displayOrder" : 3.0,
      "start" : 28,
      "end" : 365
    } ],
    "formUUID" : "9d8a1627-09fb-4867-8431-659d2477d768",
    "dependentOn" : "8691eff5-2318-4716-a54c-1ccb7377d080",
    "scheduleOnExpiryOfDependency" : false,
    "minDaysFromStartDate" : 105,
    "minDaysFromDependent" : 30,
    "voided" : false
  }, {
    "uuid" : "cfb303b1-af42-4433-b79f-e87b77dd5ed3",
    "concept" : {
      "name" : "DPT 1",
      "uuid" : "bbc6bb33-bb59-474a-b071-f347b369de8f",
      "dataType" : "NA",
      "answers" : [ ],
      "active" : true
    },
    "status" : [ ],
    "formUUID" : "9d8a1627-09fb-4867-8431-659d2477d768",
    "scheduleOnExpiryOfDependency" : false,
    "voided" : true
  }, {
    "uuid" : "6cf6d21e-fb68-42a9-b3bc-e7f90a3466d9",
    "concept" : {
      "name" : "DPT 3",
      "uuid" : "441daa39-13b4-4675-b864-7201c67139f6",
      "dataType" : "NA",
      "answers" : [ ],
      "active" : true
    },
    "status" : [ ],
    "formUUID" : "9d8a1627-09fb-4867-8431-659d2477d768",
    "scheduleOnExpiryOfDependency" : false,
    "voided" : true
  }, {
    "uuid" : "326b93e1-2d4b-4cb3-918b-d1b498df3843",
    "concept" : {
      "name" : "Hep B1",
      "uuid" : "91ad0eb6-a14d-48df-b5ef-9e3290f327f4",
      "dataType" : "NA",
      "answers" : [ ],
      "active" : true
    },
    "status" : [ ],
    "formUUID" : "9d8a1627-09fb-4867-8431-659d2477d768",
    "scheduleOnExpiryOfDependency" : false,
    "voided" : true
  }, {
    "uuid" : "93ee144b-aa21-4e0b-be73-c842c0a9a3d8",
    "concept" : {
      "name" : "Hep B2",
      "uuid" : "1e40c089-72d9-4f82-8216-c859f317cb0f",
      "dataType" : "NA",
      "answers" : [ ],
      "active" : true
    },
    "status" : [ ],
    "formUUID" : "9d8a1627-09fb-4867-8431-659d2477d768",
    "scheduleOnExpiryOfDependency" : false,
    "voided" : true
  }, {
    "uuid" : "65466a23-df82-463a-bfd3-277f85c39bee",
    "concept" : {
      "name" : "Hep B3",
      "uuid" : "caf3621a-a434-43dc-9627-c403432a52ec",
      "dataType" : "NA",
      "answers" : [ ],
      "active" : true
    },
    "status" : [ ],
    "formUUID" : "9d8a1627-09fb-4867-8431-659d2477d768",
    "scheduleOnExpiryOfDependency" : false,
    "voided" : true
  }, {
    "uuid" : "cacd6d74-a52c-4021-a8a4-8fc0c5abace3",
    "concept" : {
      "name" : "IPV B1",
      "uuid" : "8bee6867-a148-429f-a009-ed524cb1bca5",
      "dataType" : "NA",
      "answers" : [ ],
      "active" : true
    },
    "status" : [ ],
    "formUUID" : "9d8a1627-09fb-4867-8431-659d2477d768",
    "scheduleOnExpiryOfDependency" : false,
    "voided" : true
  }, {
    "uuid" : "2a2977bd-76a0-4183-ac69-e5df79970c1d",
    "concept" : {
      "name" : "DPT 2",
      "uuid" : "bfe522be-1c44-4a05-be84-7ddeaec66d4d",
      "dataType" : "NA",
      "answers" : [ ],
      "active" : true
    },
    "status" : [ ],
    "formUUID" : "9d8a1627-09fb-4867-8431-659d2477d768",
    "dependentOn" : "cfb303b1-af42-4433-b79f-e87b77dd5ed3",
    "scheduleOnExpiryOfDependency" : false,
    "voided" : true
  }, {
    "uuid" : "6fb0e733-0207-418d-93b6-fa5529e233db",
    "concept" : {
      "name" : "Measles 1",
      "uuid" : "795e8382-26c9-41dc-877c-675217bfdb56",
      "dataType" : "NA",
      "answers" : [ ],
      "active" : true
    },
    "status" : [ {
      "from" : {
        "day" : 0
      },
      "to" : {
        "day" : 0
      },
      "color" : "#FBF9DA",
      "state" : "Due",
      "displayOrder" : 1.0,
      "start" : 275,
      "end" : 296
    }, {
      "from" : {
        "day" : 0
      },
      "to" : {
        "day" : 0
      },
      "color" : "#F9DBBF",
      "state" : "Critical",
      "displayOrder" : 2.0,
      "start" : 297,
      "end" : 303
    }, {
      "from" : {
        "day" : 0
      },
      "to" : {
        "day" : 0
      },
      "color" : "#FFC2C2",
      "state" : "Overdue",
      "displayOrder" : 3.0,
      "start" : 304,
      "end" : 1096
    } ],
    "formUUID" : "9d8a1627-09fb-4867-8431-659d2477d768",
    "scheduleOnExpiryOfDependency" : false,
    "voided" : false
  }, {
    "uuid" : "662406ea-a3ee-4ac1-be53-a962b6b75f1c",
    "concept" : {
      "name" : "Pentavalent 1",
      "uuid" : "fab00ff5-fe01-4b06-a4a1-fe558d45d1ba",
      "dataType" : "NA",
      "answers" : [ ],
      "active" : true
    },
    "status" : [ {
      "from" : {
        "day" : 0
      },
      "to" : {
        "day" : 0
      },
      "color" : "#FBF9DA",
      "state" : "Due",
      "displayOrder" : 1.0,
      "start" : 45,
      "end" : 66
    }, {
      "from" : {
        "day" : 0
      },
      "to" : {
        "day" : 0
      },
      "color" : "#F9DBBF",
      "state" : "Critical",
      "displayOrder" : 2.0,
      "start" : 67,
      "end" : 73
    }, {
      "from" : {
        "day" : 0
      },
      "to" : {
        "day" : 0
      },
      "color" : "#FFC2C2",
      "state" : "Overdue",
      "displayOrder" : 3.0,
      "start" : 74,
      "end" : 1096
    } ],
    "formUUID" : "9d8a1627-09fb-4867-8431-659d2477d768",
    "scheduleOnExpiryOfDependency" : false,
    "voided" : false
  }, {
    "uuid" : "67b78ebf-96c7-4693-a319-f560ef2eee1a",
    "concept" : {
      "name" : "Vitamin A 1",
      "uuid" : "d4347cf9-41ed-4083-a6f0-b4049a91b7c5",
      "dataType" : "NA",
      "answers" : [ ],
      "active" : true
    },
    "status" : [ {
      "from" : {
        "day" : 0
      },
      "to" : {
        "day" : 0
      },
      "color" : "#FBF9DA",
      "state" : "Due",
      "displayOrder" : 1.0,
      "start" : 275,
      "end" : 296
    }, {
      "from" : {
        "day" : 0
      },
      "to" : {
        "day" : 0
      },
      "color" : "#F9DBBF",
      "state" : "Critical",
      "displayOrder" : 2.0,
      "start" : 297,
      "end" : 303
    }, {
      "from" : {
        "day" : 0
      },
      "to" : {
        "day" : 0
      },
      "color" : "#FFC2C2",
      "state" : "Overdue",
      "displayOrder" : 3.0,
      "start" : 304,
      "end" : 1096
    } ],
    "formUUID" : "9d8a1627-09fb-4867-8431-659d2477d768",
    "scheduleOnExpiryOfDependency" : false,
    "voided" : false
  }, {
    "uuid" : "67a3e914-274e-4364-a5ec-197474b5b783",
    "concept" : {
      "name" : "Vitamin A 5",
      "uuid" : "5c2bc0c0-24e6-47ac-a597-4a0d7f5cc728",
      "dataType" : "NA",
      "answers" : [ ],
      "active" : true
    },
    "status" : [ {
      "from" : {
        "day" : 0
      },
      "to" : {
        "day" : 0
      },
      "color" : "#FBF9DA",
      "state" : "Due",
      "displayOrder" : 1.0,
      "start" : 0,
      "end" : 21
    }, {
      "from" : {
        "day" : 0
      },
      "to" : {
        "day" : 0
      },
      "color" : "#F9DBBF",
      "state" : "Critical",
      "displayOrder" : 2.0,
      "start" : 21,
      "end" : 28
    }, {
      "from" : {
        "day" : 0
      },
      "to" : {
        "day" : 0
      },
      "color" : "#FFC2C2",
      "state" : "Overdue",
      "displayOrder" : 3.0,
      "start" : 28,
      "end" : 1096
    } ],
    "formUUID" : "9d8a1627-09fb-4867-8431-659d2477d768",
    "dependentOn" : "468dc8e5-62b9-4e80-855c-3255e305ac28",
    "scheduleOnExpiryOfDependency" : false,
    "minDaysFromStartDate" : 1080,
    "minDaysFromDependent" : 180,
    "voided" : false
  }, {
    "uuid" : "f46584c4-d9f2-4999-b836-150629903476",
    "concept" : {
      "name" : "DPT B1",
      "uuid" : "1ec966e3-96d9-4725-b67a-614a4261ff0a",
      "dataType" : "NA",
      "answers" : [ ],
      "active" : true
    },
    "status" : [ {
      "from" : {
        "day" : 0
      },
      "to" : {
        "day" : 0
      },
      "color" : "#FBF9DA",
      "state" : "Due",
      "displayOrder" : 1.0,
      "start" : 0,
      "end" : 21
    }, {
      "from" : {
        "day" : 0
      },
      "to" : {
        "day" : 0
      },
      "color" : "#F9DBBF",
      "state" : "Critical",
      "displayOrder" : 2.0,
      "start" : 21,
      "end" : 28
    }, {
      "from" : {
        "day" : 0
      },
      "to" : {
        "day" : 0
      },
      "color" : "#FFC2C2",
      "state" : "Overdue",
      "displayOrder" : 3.0,
      "start" : 28,
      "end" : 1095
    } ],
    "formUUID" : "9d8a1627-09fb-4867-8431-659d2477d768",
    "scheduleOnExpiryOfDependency" : false,
    "minDaysFromStartDate" : 487,
    "minDaysFromDependent" : 180,
    "voided" : true
  }, {
    "uuid" : "b51bb920-afed-4c15-a172-0ddea2b643bf",
    "concept" : {
      "name" : "Albendazole 5",
      "uuid" : "3158bbbd-d9ef-4405-ba9d-559748f2bdb1",
      "dataType" : "NA",
      "answers" : [ ],
      "active" : true
    },
    "status" : [ {
      "from" : {
        "day" : 0
      },
      "to" : {
        "day" : 0
      },
      "color" : "#FBF9DA",
      "state" : "Due",
      "displayOrder" : 1.0,
      "start" : 0,
      "end" : 21
    }, {
      "from" : {
        "day" : 0
      },
      "to" : {
        "day" : 0
      },
      "color" : "#F9DBBF",
      "state" : "Critical",
      "displayOrder" : 2.0,
      "start" : 21,
      "end" : 28
    }, {
      "from" : {
        "day" : 0
      },
      "to" : {
        "day" : 0
      },
      "color" : "#FFC2C2",
      "state" : "Overdue",
      "displayOrder" : 3.0,
      "start" : 28,
      "end" : 1096
    } ],
    "formUUID" : "9d8a1627-09fb-4867-8431-659d2477d768",
    "dependentOn" : "b61a34c7-e37c-431e-874e-5cfa2535a381",
    "scheduleOnExpiryOfDependency" : false,
    "minDaysFromStartDate" : 1080,
    "minDaysFromDependent" : 180,
    "voided" : false
  }, {
    "uuid" : "abcac423-d482-4ff4-812b-0d9ee334b99b",
    "concept" : {
      "name" : "BCG",
      "uuid" : "18975a73-fadd-41f3-b345-b08cdeb5bbb1",
      "dataType" : "NA",
      "answers" : [ ],
      "active" : true
    },
    "status" : [ {
      "from" : {
        "day" : 0
      },
      "to" : {
        "day" : 0
      },
      "color" : "#FBF9DA",
      "state" : "Due",
      "displayOrder" : 1.0,
      "start" : 1,
      "end" : 22
    }, {
      "from" : {
        "day" : 0
      },
      "to" : {
        "day" : 0
      },
      "color" : "#F9DBBF",
      "state" : "Critical",
      "displayOrder" : 2.0,
      "start" : 23,
      "end" : 29
    }, {
      "from" : {
        "day" : 0
      },
      "to" : {
        "day" : 0
      },
      "color" : "#FFC2C2",
      "state" : "Overdue",
      "displayOrder" : 3.0,
      "start" : 30,
      "end" : 1096
    }, {
      "from" : {
        "day" : 0
      },
      "to" : {
        "day" : 0
      },
      "color" : "grey",
      "state" : "Expired",
      "displayOrder" : 4.0,
      "start" : 1097,
      "end" : 1825
    } ],
    "formUUID" : "9d8a1627-09fb-4867-8431-659d2477d768",
    "scheduleOnExpiryOfDependency" : false,
    "expiresAfter" : 1097,
    "voided" : false
  }, {
    "uuid" : "8691eff5-2318-4716-a54c-1ccb7377d080",
    "concept" : {
      "name" : "Pentavalent 2",
      "uuid" : "85a068ab-5d9a-41f0-b6f3-617139a64cff",
      "dataType" : "NA",
      "answers" : [ ],
      "active" : true
    },
    "status" : [ {
      "from" : {
        "day" : 0
      },
      "to" : {
        "day" : 0
      },
      "color" : "#FBF9DA",
      "state" : "Due",
      "displayOrder" : 1.0,
      "start" : 0,
      "end" : 21
    }, {
      "from" : {
        "day" : 0
      },
      "to" : {
        "day" : 0
      },
      "color" : "#F9DBBF",
      "state" : "Critical",
      "displayOrder" : 2.0,
      "start" : 21,
      "end" : 28
    }, {
      "from" : {
        "day" : 0
      },
      "to" : {
        "day" : 0
      },
      "color" : "#FFC2C2",
      "state" : "Overdue",
      "displayOrder" : 3.0,
      "start" : 28,
      "end" : 1096
    } ],
    "formUUID" : "9d8a1627-09fb-4867-8431-659d2477d768",
    "dependentOn" : "662406ea-a3ee-4ac1-be53-a962b6b75f1c",
    "scheduleOnExpiryOfDependency" : false,
    "minDaysFromStartDate" : 75,
    "minDaysFromDependent" : 30,
    "voided" : false
  }, {
    "uuid" : "b61a34c7-e37c-431e-874e-5cfa2535a381",
    "concept" : {
      "name" : "Albendazole 4",
      "uuid" : "164969ed-a284-40b9-9e5b-d29abeef549a",
      "dataType" : "NA",
      "answers" : [ ],
      "active" : true
    },
    "status" : [ {
      "from" : {
        "day" : 0
      },
      "to" : {
        "day" : 0
      },
      "color" : "#FBF9DA",
      "state" : "Due",
      "displayOrder" : 1.0,
      "start" : 0,
      "end" : 21
    }, {
      "from" : {
        "day" : 0
      },
      "to" : {
        "day" : 0
      },
      "color" : "#F9DBBF",
      "state" : "Critical",
      "displayOrder" : 2.0,
      "start" : 21,
      "end" : 28
    }, {
      "from" : {
        "day" : 0
      },
      "to" : {
        "day" : 0
      },
      "color" : "#FFC2C2",
      "state" : "Overdue",
      "displayOrder" : 3.0,
      "start" : 28,
      "end" : 1096
    } ],
    "formUUID" : "9d8a1627-09fb-4867-8431-659d2477d768",
    "dependentOn" : "ea4a2663-4a1f-4a59-b76e-c996a49a35af",
    "scheduleOnExpiryOfDependency" : false,
    "minDaysFromStartDate" : 900,
    "minDaysFromDependent" : 175,
    "voided" : false
  }, {
    "uuid" : "4cfadcdd-6072-4e32-9f01-794bae51466e",
    "concept" : {
      "name" : "Polio 1",
      "uuid" : "39c49400-bfb1-4ac7-82d5-6277f01576a1",
      "dataType" : "NA",
      "answers" : [ ],
      "active" : true
    },
    "status" : [ {
      "from" : {
        "day" : 0
      },
      "to" : {
        "day" : 0
      },
      "color" : "#FBF9DA",
      "state" : "Due",
      "displayOrder" : 1.0,
      "start" : 0,
      "end" : 21
    }, {
      "from" : {
        "day" : 0
      },
      "to" : {
        "day" : 0
      },
      "color" : "#F9DBBF",
      "state" : "Critical",
      "displayOrder" : 2.0,
      "start" : 21,
      "end" : 28
    }, {
      "from" : {
        "day" : 0
      },
      "to" : {
        "day" : 0
      },
      "color" : "#FFC2C2",
      "state" : "Overdue",
      "displayOrder" : 3.0,
      "start" : 28,
      "end" : 1096
    } ],
    "formUUID" : "9d8a1627-09fb-4867-8431-659d2477d768",
    "dependentOn" : "2a0956d1-1538-4459-90c4-becf75cdd27c",
    "scheduleOnExpiryOfDependency" : true,
    "minDaysFromStartDate" : 45,
    "minDaysFromDependent" : 44,
    "voided" : false
  }, {
    "uuid" : "db9a6f47-6287-4d04-9887-769a8ebc6b94",
    "concept" : {
      "name" : "Rota-2",
      "uuid" : "f34f0447-fca1-4cd2-b910-74665dbb18f6",
      "dataType" : "NA",
      "answers" : [ ],
      "active" : true,
      "keyValues" : [ ]
    },
    "status" : [ {
      "from" : {
        "day" : 0
      },
      "to" : {
        "day" : 0
      },
      "color" : "#FBF9DA",
      "state" : "Due",
      "displayOrder" : 1.0,
      "start" : 0,
      "end" : 21
    }, {
      "from" : {
        "day" : 0
      },
      "to" : {
        "day" : 0
      },
      "color" : "#F9DBBF",
      "state" : "Critical",
      "displayOrder" : 2.0,
      "start" : 21,
      "end" : 26
    }, {
      "from" : {
        "day" : 0
      },
      "to" : {
        "day" : 0
      },
      "color" : "#FFC2C2",
      "state" : "Overdue",
      "displayOrder" : 3.0,
      "start" : 26,
      "end" : 1096
    } ],
    "formUUID" : "9d8a1627-09fb-4867-8431-659d2477d768",
    "dependentOn" : "e91ebdda-9d39-40b0-aa3c-31e5d5b8bb3a",
    "scheduleOnExpiryOfDependency" : false,
    "minDaysFromStartDate" : 75,
    "minDaysFromDependent" : 30,
    "voided" : false
  }, {
    "uuid" : "a3fae072-d341-478d-9cc7-60a2576873f8",
    "concept" : {
      "name" : "Rota-3",
      "uuid" : "099ec613-1a7e-4571-8841-102170bbd776",
      "dataType" : "NA",
      "answers" : [ ],
      "active" : true,
      "keyValues" : [ ]
    },
    "status" : [ {
      "from" : {
        "day" : 0
      },
      "to" : {
        "day" : 0
      },
      "color" : "#FBF9DA",
      "state" : "Due",
      "displayOrder" : 1.0,
      "start" : 0,
      "end" : 21
    }, {
      "from" : {
        "day" : 0
      },
      "to" : {
        "day" : 0
      },
      "color" : "#F9DBBF",
      "state" : "Critical",
      "displayOrder" : 2.0,
      "start" : 21,
      "end" : 21
    }, {
      "from" : {
        "day" : 0
      },
      "to" : {
        "day" : 0
      },
      "color" : "#FFC2C2",
      "state" : "Overdue",
      "displayOrder" : 3.0,
      "start" : 28,
      "end" : 365
    } ],
    "formUUID" : "9d8a1627-09fb-4867-8431-659d2477d768",
    "dependentOn" : "db9a6f47-6287-4d04-9887-769a8ebc6b94",
    "scheduleOnExpiryOfDependency" : false,
    "minDaysFromStartDate" : 75,
    "minDaysFromDependent" : 30,
    "voided" : false
  }, {
    "uuid" : "7e13e2f1-3a8a-4be3-9a31-6dd8e7535107",
    "concept" : {
      "name" : "JE-2",
      "uuid" : "45c9d06f-f0ba-4594-9299-3a142251aae5",
      "dataType" : "NA",
      "answers" : [ ],
      "active" : true,
      "keyValues" : [ ]
    },
    "status" : [ {
      "from" : {
        "day" : 0
      },
      "to" : {
        "day" : 0
      },
      "color" : "#FBF9DA",
      "state" : "Due",
      "displayOrder" : 1.0,
      "start" : 0,
      "end" : 21
    }, {
      "from" : {
        "day" : 0
      },
      "to" : {
        "day" : 0
      },
      "color" : "#F9DBBF",
      "state" : "Critical",
      "displayOrder" : 2.0,
      "start" : 21,
      "end" : 28
    }, {
      "from" : {
        "day" : 0
      },
      "to" : {
        "day" : 0
      },
      "color" : "#FFC2C2",
      "state" : "Overdue",
      "displayOrder" : 3.0,
      "start" : 28,
      "end" : 1096
    } ],
    "formUUID" : "9d8a1627-09fb-4867-8431-659d2477d768",
    "dependentOn" : "30de9255-f205-442c-8491-6f72ab705f37",
    "scheduleOnExpiryOfDependency" : false,
    "minDaysFromStartDate" : 545,
    "minDaysFromDependent" : 270,
    "voided" : false
  }, {
    "uuid" : "0360c9f6-dad8-45a8-91c6-ca8c0f8b9f4d",
    "concept" : {
      "name" : "DPT-Booster",
      "uuid" : "4220ba10-a19a-4bfb-8176-85c33f8d2dda",
      "dataType" : "NA",
      "answers" : [ ],
      "active" : true,
      "keyValues" : [ ]
    },
    "status" : [ {
      "from" : {
        "day" : 0
      },
      "to" : {
        "day" : 0
      },
      "color" : "#FBF9DA",
      "state" : "Due",
      "displayOrder" : 1.0,
      "start" : 545,
      "end" : 566
    }, {
      "from" : {
        "day" : 0
      },
      "to" : {
        "day" : 0
      },
      "color" : "#F9DBBF",
      "state" : "Critical",
      "displayOrder" : 2.0,
      "start" : 567,
      "end" : 573
    }, {
      "from" : {
        "day" : 0
      },
      "to" : {
        "day" : 0
      },
      "color" : "#FFC2C2",
      "state" : "Overdue",
      "displayOrder" : 3.0,
      "start" : 574,
      "end" : 1096
    } ],
    "formUUID" : "9d8a1627-09fb-4867-8431-659d2477d768",
    "scheduleOnExpiryOfDependency" : false,
    "voided" : false
  }, {
    "uuid" : "de03e48f-0e1c-4472-8fec-8e40b0627c76",
    "concept" : {
      "name" : "Albendazole 1",
      "uuid" : "eb091cc5-9fe9-4be3-bf15-42269384bdfd",
      "dataType" : "NA",
      "answers" : [ ],
      "active" : true
    },
    "status" : [ {
      "from" : {
        "day" : 0
      },
      "to" : {
        "day" : 0
      },
      "color" : "#FBF9DA",
      "state" : "Due",
      "displayOrder" : 1.0,
      "start" : 365,
      "end" : 386
    }, {
      "from" : {
        "day" : 0
      },
      "to" : {
        "day" : 0
      },
      "color" : "#F9DBBF",
      "state" : "Critical",
      "displayOrder" : 2.0,
      "start" : 387,
      "end" : 393
    }, {
      "from" : {
        "day" : 0
      },
      "to" : {
        "day" : 0
      },
      "color" : "#FFC2C2",
      "state" : "Overdue",
      "displayOrder" : 3.0,
      "start" : 394,
      "end" : 1096
    } ],
    "formUUID" : "9d8a1627-09fb-4867-8431-659d2477d768",
    "scheduleOnExpiryOfDependency" : false,
    "voided" : false
  }, {
    "uuid" : "e140ea24-12d3-4847-bf44-ff0cab03151a",
    "concept" : {
      "name" : "JE-1",
      "uuid" : "407d0cbc-dd03-4678-953c-ad34d9b3ef33",
      "dataType" : "NA",
      "answers" : [ ],
      "active" : true,
      "keyValues" : [ ]
    },
    "status" : [ {
      "from" : {
        "day" : 0
      },
      "to" : {
        "day" : 0
      },
      "color" : "#FBF9DA",
      "state" : "Due",
      "displayOrder" : 1.0,
      "start" : 275,
      "end" : 296
    }, {
      "from" : {
        "day" : 0
      },
      "to" : {
        "day" : 0
      },
      "color" : "#F9DBBF",
      "state" : "Critical",
      "displayOrder" : 2.0,
      "start" : 297,
      "end" : 303
    }, {
      "from" : {
        "day" : 0
      },
      "to" : {
        "day" : 0
      },
      "color" : "#FFC2C2",
      "state" : "Overdue",
      "displayOrder" : 3.0,
      "start" : 304,
      "end" : 1096
    } ],
    "formUUID" : "9d8a1627-09fb-4867-8431-659d2477d768",
    "scheduleOnExpiryOfDependency" : false,
    "voided" : true
  }, {
    "uuid" : "30de9255-f205-442c-8491-6f72ab705f37",
    "concept" : {
      "name" : "JE-1",
      "uuid" : "407d0cbc-dd03-4678-953c-ad34d9b3ef33",
      "dataType" : "NA",
      "answers" : [ ],
      "active" : true,
      "keyValues" : [ ]
    },
    "status" : [ {
      "from" : {
        "day" : 0
      },
      "to" : {
        "day" : 0
      },
      "color" : "#FBF9DA",
      "state" : "Due",
      "displayOrder" : 1.0,
      "start" : 275,
      "end" : 296
    }, {
      "from" : {
        "day" : 0
      },
      "to" : {
        "day" : 0
      },
      "color" : "#F9DBBF",
      "state" : "Critical",
      "displayOrder" : 2.0,
      "start" : 297,
      "end" : 303
    }, {
      "from" : {
        "day" : 0
      },
      "to" : {
        "day" : 0
      },
      "color" : "#FFC2C2",
      "state" : "Overdue",
      "displayOrder" : 3.0,
      "start" : 304,
      "end" : 1096
    } ],
    "formUUID" : "9d8a1627-09fb-4867-8431-659d2477d768",
    "scheduleOnExpiryOfDependency" : false,
    "voided" : false
  }, {
    "uuid" : "9dc5dd88-ff22-4e35-97d3-d6d0ee0f3648",
    "concept" : {
      "name" : "PCV-1",
      "uuid" : "0745a638-8b6c-48ce-9de9-ef03f9a7a38f",
      "dataType" : "NA",
      "answers" : [ ],
      "active" : true,
      "keyValues" : [ ]
    },
    "status" : [ {
      "from" : {
        "day" : 0
      },
      "to" : {
        "day" : 0
      },
      "color" : "#FBF9DA",
      "state" : "Due",
      "displayOrder" : 1.0,
      "start" : 45,
      "end" : 66
    }, {
      "from" : {
        "day" : 0
      },
      "to" : {
        "day" : 0
      },
      "color" : "#F9DBBF",
      "state" : "Critical",
      "displayOrder" : 2.0,
      "start" : 67,
      "end" : 73
    }, {
      "from" : {
        "day" : 0
      },
      "to" : {
        "day" : 0
      },
      "color" : "#FFC2C2",
      "state" : "Overdue",
      "displayOrder" : 3.0,
      "start" : 74,
      "end" : 1096
    } ],
    "formUUID" : "9d8a1627-09fb-4867-8431-659d2477d768",
    "scheduleOnExpiryOfDependency" : false,
    "voided" : false
  }, {
    "uuid" : "e91ebdda-9d39-40b0-aa3c-31e5d5b8bb3a",
    "concept" : {
      "name" : "Rota-1",
      "uuid" : "6bf6c65b-2d4a-479b-839a-7c3e934a2e88",
      "dataType" : "NA",
      "answers" : [ ],
      "active" : true,
      "keyValues" : [ ]
    },
    "status" : [ {
      "from" : {
        "day" : 0
      },
      "to" : {
        "day" : 0
      },
      "color" : "#FBF9DA",
      "state" : "Due",
      "displayOrder" : 1.0,
      "start" : 45,
      "end" : 66
    }, {
      "from" : {
        "day" : 0
      },
      "to" : {
        "day" : 0
      },
      "color" : "#F9DBBF",
      "state" : "Critical",
      "displayOrder" : 2.0,
      "start" : 67,
      "end" : 73
    }, {
      "from" : {
        "day" : 0
      },
      "to" : {
        "day" : 0
      },
      "color" : "#FFC2C2",
      "state" : "Overdue",
      "displayOrder" : 3.0,
      "start" : 74,
      "end" : 1096
    } ],
    "formUUID" : "9d8a1627-09fb-4867-8431-659d2477d768",
    "scheduleOnExpiryOfDependency" : false,
    "voided" : false
  }, {
    "uuid" : "468dc8e5-62b9-4e80-855c-3255e305ac28",
    "concept" : {
      "name" : "Vitamin A 4",
      "uuid" : "e17e6750-ea01-4f66-b3ad-976093d438eb",
      "dataType" : "NA",
      "answers" : [ ],
      "active" : true
    },
    "status" : [ {
      "from" : {
        "day" : 0
      },
      "to" : {
        "day" : 0
      },
      "color" : "#FBF9DA",
      "state" : "Due",
      "displayOrder" : 1.0,
      "start" : 0,
      "end" : 21
    }, {
      "from" : {
        "day" : 0
      },
      "to" : {
        "day" : 0
      },
      "color" : "#F9DBBF",
      "state" : "Critical",
      "displayOrder" : 2.0,
      "start" : 21,
      "end" : 28
    }, {
      "from" : {
        "day" : 0
      },
      "to" : {
        "day" : 0
      },
      "color" : "#FFC2C2",
      "state" : "Overdue",
      "displayOrder" : 3.0,
      "start" : 28,
      "end" : 1096
    } ],
    "formUUID" : "9d8a1627-09fb-4867-8431-659d2477d768",
    "dependentOn" : "17f92c0c-0e70-4263-8628-889dead6310c",
    "scheduleOnExpiryOfDependency" : false,
    "minDaysFromStartDate" : 900,
    "minDaysFromDependent" : 175,
    "voided" : false
  }, {
    "uuid" : "6967bb7c-9054-4ae7-b0c0-766f079e2807",
    "concept" : {
      "name" : "PCV-2",
      "uuid" : "6f1ffdd6-80d4-45da-b184-563e5986c4c6",
      "dataType" : "NA",
      "answers" : [ ],
      "active" : true,
      "keyValues" : [ ]
    },
    "status" : [ {
      "from" : {
        "day" : 0
      },
      "to" : {
        "day" : 0
      },
      "color" : "#FBF9DA",
      "state" : "Due",
      "displayOrder" : 1.0,
      "start" : 0,
      "end" : 21
    }, {
      "from" : {
        "day" : 0
      },
      "to" : {
        "day" : 0
      },
      "color" : "#F9DBBF",
      "state" : "Critical",
      "displayOrder" : 2.0,
      "start" : 21,
      "end" : 28
    }, {
      "from" : {
        "day" : 0
      },
      "to" : {
        "day" : 0
      },
      "color" : "#FFC2C2",
      "state" : "Overdue",
      "displayOrder" : 3.0,
      "start" : 28,
      "end" : 1096
    } ],
    "formUUID" : "9d8a1627-09fb-4867-8431-659d2477d768",
    "dependentOn" : "9dc5dd88-ff22-4e35-97d3-d6d0ee0f3648",
    "scheduleOnExpiryOfDependency" : false,
    "minDaysFromStartDate" : 105,
    "minDaysFromDependent" : 60,
    "voided" : false
  }, {
    "uuid" : "2f6542ba-4446-4ff5-aae7-d566835ebd74",
    "concept" : {
      "name" : "PCV-Booster",
      "uuid" : "636ac461-8356-49e5-b515-d96de105c4ae",
      "dataType" : "NA",
      "answers" : [ ],
      "active" : true,
      "keyValues" : [ ]
    },
    "status" : [ {
      "from" : {
        "day" : 0
      },
      "to" : {
        "day" : 0
      },
      "color" : "#FBF9DA",
      "state" : "Due",
      "displayOrder" : 1.0,
      "start" : 0,
      "end" : 21
    }, {
      "from" : {
        "day" : 0
      },
      "to" : {
        "day" : 0
      },
      "color" : "#F9DBBF",
      "state" : "Critical",
      "displayOrder" : 2.0,
      "start" : 21,
      "end" : 28
    }, {
      "from" : {
        "day" : 0
      },
      "to" : {
        "day" : 0
      },
      "color" : "#FFC2C2",
      "state" : "Overdue",
      "displayOrder" : 3.0,
      "start" : 28,
      "end" : 365
    } ],
    "formUUID" : "9d8a1627-09fb-4867-8431-659d2477d768",
    "dependentOn" : "6967bb7c-9054-4ae7-b0c0-766f079e2807",
    "scheduleOnExpiryOfDependency" : false,
    "minDaysFromStartDate" : 275,
    "minDaysFromDependent" : 170,
    "voided" : false
  }, {
    "uuid" : "2a0956d1-1538-4459-90c4-becf75cdd27c",
    "concept" : {
      "name" : "Polio 0",
      "uuid" : "fa4297c3-8b9a-43b3-8357-8dad69441bfe",
      "dataType" : "NA",
      "answers" : [ ],
      "active" : true
    },
    "status" : [ {
      "from" : {
        "day" : 0
      },
      "to" : {
        "day" : 0
      },
      "color" : "#FBF9DA",
      "state" : "Due",
      "displayOrder" : 1.0,
      "start" : 1,
      "end" : 22
    }, {
      "from" : {
        "day" : 0
      },
      "to" : {
        "day" : 0
      },
      "color" : "grey",
      "state" : "Expired",
      "displayOrder" : 99.0,
      "start" : 15,
      "end" : 1825
    } ],
    "formUUID" : "9d8a1627-09fb-4867-8431-659d2477d768",
    "scheduleOnExpiryOfDependency" : false,
    "expiresAfter" : 15,
    "voided" : false
  }, {
    "uuid" : "df199fad-d5a8-472e-8c10-208b5c2f2b83",
    "concept" : {
      "name" : "IPV 1",
      "uuid" : "b56b8747-9f6c-4b16-ac8e-7554e64689a5",
      "dataType" : "NA",
      "answers" : [ ],
      "active" : true
    },
    "status" : [ {
      "from" : {
        "day" : 0
      },
      "to" : {
        "day" : 0
      },
      "color" : "#FBF9DA",
      "state" : "Due",
      "displayOrder" : 1.0,
      "start" : 45,
      "end" : 66
    }, {
      "from" : {
        "day" : 0
      },
      "to" : {
        "day" : 0
      },
      "color" : "#F9DBBF",
      "state" : "Critical",
      "displayOrder" : 2.0,
      "start" : 67,
      "end" : 73
    }, {
      "from" : {
        "day" : 0
      },
      "to" : {
        "day" : 0
      },
      "color" : "#FFC2C2",
      "state" : "Overdue",
      "displayOrder" : 3.0,
      "start" : 74,
      "end" : 1096
    } ],
    "formUUID" : "9d8a1627-09fb-4867-8431-659d2477d768",
    "scheduleOnExpiryOfDependency" : false,
    "voided" : false
  }, {
    "uuid" : "c1dcf377-d050-4ac2-98a6-641126278cb6",
    "concept" : {
      "name" : "HEPB 0",
      "uuid" : "ebe36881-7de3-4cfa-8af5-aaa2b5632cdc",
      "dataType" : "NA",
      "answers" : [ ],
      "active" : true
    },
    "status" : [ {
      "from" : {
        "day" : 0
      },
      "to" : {
        "day" : 0
      },
      "color" : "#FBF9DA",
      "state" : "Due",
      "displayOrder" : 1.0,
      "start" : 1,
      "end" : 22
    }, {
      "from" : {
        "day" : 0
      },
      "to" : {
        "day" : 0
      },
      "color" : "grey",
      "state" : "Expired",
      "displayOrder" : 99.0,
      "start" : 2,
      "end" : 1825
    } ],
    "formUUID" : "9d8a1627-09fb-4867-8431-659d2477d768",
    "scheduleOnExpiryOfDependency" : false,
    "expiresAfter" : 2,
    "voided" : false
  }, {
    "uuid" : "f6c4d66e-b322-4413-8d90-4266a9556ddd",
    "concept" : {
      "name" : "Polio Booster",
      "uuid" : "b5e9cc1b-1213-4837-967f-c58e0c0c15eb",
      "dataType" : "NA",
      "answers" : [ ],
      "active" : true
    },
    "status" : [ {
      "from" : {
        "day" : 0
      },
      "to" : {
        "day" : 0
      },
      "color" : "#FBF9DA",
      "state" : "Due",
      "displayOrder" : 1.0,
      "start" : 545,
      "end" : 566
    }, {
      "from" : {
        "day" : 0
      },
      "to" : {
        "day" : 0
      },
      "color" : "#F9DBBF",
      "state" : "Critical",
      "displayOrder" : 2.0,
      "start" : 567,
      "end" : 573
    }, {
      "from" : {
        "day" : 0
      },
      "to" : {
        "day" : 0
      },
      "color" : "#FFC2C2",
      "state" : "Overdue",
      "displayOrder" : 3.0,
      "start" : 574,
      "end" : 1096
    } ],
    "formUUID" : "9d8a1627-09fb-4867-8431-659d2477d768",
    "scheduleOnExpiryOfDependency" : false,
    "minDaysFromStartDate" : 545,
    "minDaysFromDependent" : 365,
    "voided" : false
  }, {
    "uuid" : "7fb74780-c3a3-45d9-bcf9-c3a3656b819a",
    "concept" : {
      "name" : "Polio 2",
      "uuid" : "47c2b79a-8d54-4507-878b-f5ec571a615d",
      "dataType" : "NA",
      "answers" : [ ],
      "active" : true
    },
    "status" : [ {
      "from" : {
        "day" : 0
      },
      "to" : {
        "day" : 0
      },
      "color" : "#FBF9DA",
      "state" : "Due",
      "displayOrder" : 1.0,
      "start" : 0,
      "end" : 21
    }, {
      "from" : {
        "day" : 0
      },
      "to" : {
        "day" : 0
      },
      "color" : "#F9DBBF",
      "state" : "Critical",
      "displayOrder" : 2.0,
      "start" : 21,
      "end" : 28
    }, {
      "from" : {
        "day" : 0
      },
      "to" : {
        "day" : 0
      },
      "color" : "#FFC2C2",
      "state" : "Overdue",
      "displayOrder" : 3.0,
      "start" : 28,
      "end" : 1096
    } ],
    "formUUID" : "9d8a1627-09fb-4867-8431-659d2477d768",
    "dependentOn" : "4cfadcdd-6072-4e32-9f01-794bae51466e",
    "scheduleOnExpiryOfDependency" : true,
    "minDaysFromStartDate" : 75,
    "minDaysFromDependent" : 30,
    "voided" : false
  }, {
    "uuid" : "48378307-6242-446c-bcab-25f17acb4f62",
    "concept" : {
      "name" : "Vitamin A 2",
      "uuid" : "3e6401a0-61db-4118-8dcb-943e71471424",
      "dataType" : "NA",
      "answers" : [ ],
      "active" : true
    },
    "status" : [ {
      "from" : {
        "day" : 0
      },
      "to" : {
        "day" : 0
      },
      "color" : "#FBF9DA",
      "state" : "Due",
      "displayOrder" : 1.0,
      "start" : 0,
      "end" : 21
    }, {
      "from" : {
        "day" : 0
      },
      "to" : {
        "day" : 0
      },
      "color" : "#F9DBBF",
      "state" : "Critical",
      "displayOrder" : 2.0,
      "start" : 21,
      "end" : 28
    }, {
      "from" : {
        "day" : 0
      },
      "to" : {
        "day" : 0
      },
      "color" : "#FFC2C2",
      "state" : "Overdue",
      "displayOrder" : 3.0,
      "start" : 28,
      "end" : 1096
    } ],
    "formUUID" : "9d8a1627-09fb-4867-8431-659d2477d768",
    "dependentOn" : "67b78ebf-96c7-4693-a319-f560ef2eee1a",
    "scheduleOnExpiryOfDependency" : false,
    "minDaysFromStartDate" : 545,
    "minDaysFromDependent" : 270,
    "voided" : false
  }, {
    "uuid" : "ea4a2663-4a1f-4a59-b76e-c996a49a35af",
    "concept" : {
      "name" : "Albendazole 3",
      "uuid" : "fa2b4466-bb15-4a10-b9b4-5c1a7677af7d",
      "dataType" : "NA",
      "answers" : [ ],
      "active" : true
    },
    "status" : [ {
      "from" : {
        "day" : 0
      },
      "to" : {
        "day" : 0
      },
      "color" : "#FBF9DA",
      "state" : "Due",
      "displayOrder" : 1.0,
      "start" : 0,
      "end" : 21
    }, {
      "from" : {
        "day" : 0
      },
      "to" : {
        "day" : 0
      },
      "color" : "#F9DBBF",
      "state" : "Critical",
      "displayOrder" : 2.0,
      "start" : 21,
      "end" : 28
    }, {
      "from" : {
        "day" : 0
      },
      "to" : {
        "day" : 0
      },
      "color" : "#FFC2C2",
      "state" : "Overdue",
      "displayOrder" : 3.0,
      "start" : 28,
      "end" : 1096
    } ],
    "formUUID" : "9d8a1627-09fb-4867-8431-659d2477d768",
    "dependentOn" : "bf5d2cdb-0713-4005-8135-d757e8b68707",
    "scheduleOnExpiryOfDependency" : false,
    "minDaysFromStartDate" : 725,
    "minDaysFromDependent" : 180,
    "voided" : false
  }, {
    "uuid" : "29c695a0-9d61-4775-9541-30ba210f2702",
    "concept" : {
      "name" : "IPV 2",
      "uuid" : "a5f54681-291c-4f43-85ee-8f61e1b1f3ca",
      "dataType" : "NA",
      "answers" : [ ],
      "active" : true
    },
    "status" : [ {
      "from" : {
        "day" : 0
      },
      "to" : {
        "day" : 0
      },
      "color" : "#FBF9DA",
      "state" : "Due",
      "displayOrder" : 1.0,
      "start" : 0,
      "end" : 21
    }, {
      "from" : {
        "day" : 0
      },
      "to" : {
        "day" : 0
      },
      "color" : "#F9DBBF",
      "state" : "Critical",
      "displayOrder" : 2.0,
      "start" : 21,
      "end" : 28
    }, {
      "from" : {
        "day" : 0
      },
      "to" : {
        "day" : 0
      },
      "color" : "#FFC2C2",
      "state" : "Overdue",
      "displayOrder" : 3.0,
      "start" : 28,
      "end" : 1096
    } ],
    "formUUID" : "9d8a1627-09fb-4867-8431-659d2477d768",
    "dependentOn" : "df199fad-d5a8-472e-8c10-208b5c2f2b83",
    "scheduleOnExpiryOfDependency" : false,
    "minDaysFromStartDate" : 105,
    "minDaysFromDependent" : 60,
    "voided" : false
  }, {
    "uuid" : "a4256b91-c3a7-4340-bebc-fcfc86e4fabb",
    "concept" : {
      "name" : "IPV 3",
      "uuid" : "12fb70a9-a323-4d6d-a145-2ba7ce63ff22",
      "dataType" : "NA",
      "answers" : [ ],
      "active" : true
    },
    "status" : [ {
      "from" : {
        "day" : 0
      },
      "to" : {
        "day" : 0
      },
      "color" : "#FBF9DA",
      "state" : "Due",
      "displayOrder" : 1.0,
      "start" : 0,
      "end" : 21
    }, {
      "from" : {
        "day" : 0
      },
      "to" : {
        "day" : 0
      },
      "color" : "#F9DBBF",
      "state" : "Critical",
      "displayOrder" : 2.0,
      "start" : 21,
      "end" : 28
    }, {
      "from" : {
        "day" : 0
      },
      "to" : {
        "day" : 0
      },
      "color" : "#FFC2C2",
      "state" : "Overdue",
      "displayOrder" : 3.0,
      "start" : 28,
      "end" : 1096
    } ],
    "formUUID" : "9d8a1627-09fb-4867-8431-659d2477d768",
    "dependentOn" : "29c695a0-9d61-4775-9541-30ba210f2702",
    "scheduleOnExpiryOfDependency" : false,
    "minDaysFromStartDate" : 275,
    "minDaysFromDependent" : 170,
    "voided" : false
  }, {
    "uuid" : "5edd3421-03cb-43c9-8077-bde63ac2aeba",
    "concept" : {
      "name" : "Polio 3",
      "uuid" : "56116ae2-5502-4d49-b5dd-377a7b12d153",
      "dataType" : "NA",
      "answers" : [ ],
      "active" : true
    },
    "status" : [ {
      "from" : {
        "day" : 0
      },
      "to" : {
        "day" : 0
      },
      "color" : "#FBF9DA",
      "state" : "Due",
      "displayOrder" : 1.0,
      "start" : 0,
      "end" : 21
    }, {
      "from" : {
        "day" : 0
      },
      "to" : {
        "day" : 0
      },
      "color" : "#F9DBBF",
      "state" : "Critical",
      "displayOrder" : 2.0,
      "start" : 21,
      "end" : 28
    }, {
      "from" : {
        "day" : 0
      },
      "to" : {
        "day" : 0
      },
      "color" : "#FFC2C2",
      "state" : "Overdue",
      "displayOrder" : 3.0,
      "start" : 28,
      "end" : 1096
    } ],
    "formUUID" : "9d8a1627-09fb-4867-8431-659d2477d768",
    "dependentOn" : "7fb74780-c3a3-45d9-bcf9-c3a3656b819a",
    "scheduleOnExpiryOfDependency" : true,
    "minDaysFromStartDate" : 105,
    "minDaysFromDependent" : 30,
    "voided" : false
  }, {
    "uuid" : "17f92c0c-0e70-4263-8628-889dead6310c",
    "concept" : {
      "name" : "Vitamin A 3",
      "uuid" : "4a59ede8-2d65-4f40-a9b9-d68916c25777",
      "dataType" : "NA",
      "answers" : [ ],
      "active" : true
    },
    "status" : [ {
      "from" : {
        "day" : 0
      },
      "to" : {
        "day" : 0
      },
      "color" : "#FBF9DA",
      "state" : "Due",
      "displayOrder" : 1.0,
      "start" : 0,
      "end" : 21
    }, {
      "from" : {
        "day" : 0
      },
      "to" : {
        "day" : 0
      },
      "color" : "#F9DBBF",
      "state" : "Critical",
      "displayOrder" : 2.0,
      "start" : 21,
      "end" : 28
    }, {
      "from" : {
        "day" : 0
      },
      "to" : {
        "day" : 0
      },
      "color" : "#FFC2C2",
      "state" : "Overdue",
      "displayOrder" : 3.0,
      "start" : 28,
      "end" : 1096
    } ],
    "formUUID" : "9d8a1627-09fb-4867-8431-659d2477d768",
    "dependentOn" : "48378307-6242-446c-bcab-25f17acb4f62",
    "scheduleOnExpiryOfDependency" : false,
    "minDaysFromStartDate" : 725,
    "minDaysFromDependent" : 180,
    "voided" : false
  }, {
    "uuid" : "bf5d2cdb-0713-4005-8135-d757e8b68707",
    "concept" : {
      "name" : "Albendazole 2",
      "uuid" : "40237b2d-6961-4c67-bf21-c0ff9960774b",
      "dataType" : "NA",
      "answers" : [ ],
      "active" : true
    },
    "status" : [ {
      "from" : {
        "day" : 0
      },
      "to" : {
        "day" : 0
      },
      "color" : "#FBF9DA",
      "state" : "Due",
      "displayOrder" : 1.0,
      "start" : 0,
      "end" : 21
    }, {
      "from" : {
        "day" : 0
      },
      "to" : {
        "day" : 0
      },
      "color" : "#F9DBBF",
      "state" : "Critical",
      "displayOrder" : 2.0,
      "start" : 21,
      "end" : 28
    }, {
      "from" : {
        "day" : 0
      },
      "to" : {
        "day" : 0
      },
      "color" : "#FFC2C2",
      "state" : "Overdue",
      "displayOrder" : 3.0,
      "start" : 28,
      "end" : 1096
    } ],
    "formUUID" : "9d8a1627-09fb-4867-8431-659d2477d768",
    "dependentOn" : "de03e48f-0e1c-4472-8fec-8e40b0627c76",
    "scheduleOnExpiryOfDependency" : false,
    "minDaysFromStartDate" : 545,
    "minDaysFromDependent" : 180,
    "voided" : false
  }, {
    "uuid" : "0856c43e-4560-468b-86c5-370c99db3270",
    "concept" : {
      "name" : "Measles 2",
      "uuid" : "d59db0c3-36d3-4c2a-9f34-484b5c215202",
      "dataType" : "NA",
      "answers" : [ ],
      "active" : true
    },
    "status" : [ {
      "from" : {
        "day" : 0
      },
      "to" : {
        "day" : 0
      },
      "color" : "#FBF9DA",
      "state" : "Due",
      "displayOrder" : 1.0,
      "start" : 0,
      "end" : 21
    }, {
      "from" : {
        "day" : 0
      },
      "to" : {
        "day" : 0
      },
      "color" : "#F9DBBF",
      "state" : "Critical",
      "displayOrder" : 2.0,
      "start" : 21,
      "end" : 28
    }, {
      "from" : {
        "day" : 0
      },
      "to" : {
        "day" : 0
      },
      "color" : "#FFC2C2",
      "state" : "Overdue",
      "displayOrder" : 3.0,
      "start" : 28,
      "end" : 1096
    } ],
    "formUUID" : "9d8a1627-09fb-4867-8431-659d2477d768",
    "dependentOn" : "6fb0e733-0207-418d-93b6-fa5529e233db",
    "scheduleOnExpiryOfDependency" : false,
    "minDaysFromStartDate" : 270,
    "minDaysFromDependent" : 270,
    "voided" : false
  } ]
} ]