[ {
  "name" : "SES Survey",
  "uuid" : "af181460-b5f0-46b0-9474-4dd0a34981af",
  "active" : true,
  "immutable" : false
}, {
  "name" : "Child Home Visit",
  "uuid" : "21f346a4-dc45-4aa1-a34c-aff9c12438f8",
  "active" : true,
  "immutable" : false
}, {
  "name" : "Mother Home Visit",
  "uuid" : "0c0e810e-40bb-4365-af55-51aeba6548bf",
  "active" : true,
  "immutable" : false
}, {
  "name" : "ANC Home Visit",
  "uuid" : "a6f8c24e-f56f-456b-aa41-7aada038390c",
  "active" : true,
  "immutable" : false
}, {
  "name" : "Doctor Visit Followup at Home",
  "uuid" : "f3b48d34-d2ff-448d-ab18-8fa0602f32f0",
  "active" : true,
  "immutable" : false
}, {
  "name" : "ANC GMP",
  "uuid" : "89f6fd3d-e1ff-4da0-89d1-a3572f84b4e0",
  "active" : true,
  "immutable" : false
}, {
  "name" : "Pregnancy Test Followup",
  "uuid" : "9ece8cc4-4619-4bda-ab08-42b473cb6f9c",
  "active" : true,
  "immutable" : false
}, {
  "name" : "PNC Doctor Checkup",
  "uuid" : "11d3085e-c44c-467c-abd3-6af215740959",
  "active" : true,
  "immutable" : false
}, {
  "name" : "Post abortion home visit",
  "uuid" : "3f5898b9-aeb9-400e-9440-2c91cb29c551",
  "active" : true,
  "immutable" : false
}, {
  "name" : "Outpatient",
  "uuid" : "465e9469-0dce-475f-a235-39da5b0da174",
  "active" : true,
  "immutable" : false
}, {
  "name" : "ANC",
  "uuid" : "b1efaffa-c8df-4801-8bbb-bf7c7bd6a0bd",
  "active" : true,
  "immutable" : false
}, {
  "name" : "Delivery",
  "uuid" : "7b6a93c7-e1e1-4e73-842d-df8a1935bde2",
  "active" : true,
  "immutable" : false
}, {
  "name" : "Abortion",
  "uuid" : "1dec6355-4abd-45b7-89ab-bae1f5f9cc07",
  "active" : true,
  "immutable" : false
}, {
  "name" : "PNC",
  "uuid" : "e9971396-b74f-411c-956d-da44073922f5",
  "active" : true,
  "immutable" : false
}, {
  "name" : "Annual Visit",
  "uuid" : "14e23e16-5db0-4d16-9efe-b206a18010a7",
  "active" : true,
  "immutable" : false
}, {
  "name" : "Quarterly Visit",
  "uuid" : "198b4844-2c66-4ad2-9a9c-3099270695a4",
  "active" : true,
  "immutable" : false
}, {
  "name" : "Dropout Home Visit",
  "uuid" : "897f24ba-55dd-4815-b4f7-281cdca69d3a",
  "active" : true,
  "immutable" : false
}, {
  "name" : "Dropout Followup Visit",
  "uuid" : "e57cbb66-b981-4ff6-ad80-9628de38623d",
  "active" : true,
  "immutable" : false
}, {
  "name" : "Child PNC",
  "uuid" : "330d954c-ab5f-4ea1-be8b-ba26a12bdfbc",
  "active" : true,
  "immutable" : false
}, {
  "name" : "Birth",
  "uuid" : "1f07ae8c-faa4-4934-8e06-9038e62fc2ac",
  "active" : true,
  "immutable" : false
}, {
  "name" : "Anthropometry Assessment",
  "uuid" : "02c72b2b-19f0-4f75-b734-dcad5601881b",
  "active" : true,
  "immutable" : false
}, {
  "name" : "Lab Tests",
  "uuid" : "63486b57-67b9-4236-b36c-e7bbe5ac0411",
  "active" : true,
  "immutable" : false
}, {
  "name" : "Midline Visit",
  "uuid" : "69a5c071-587f-4c53-bf09-781762138d5f",
  "active" : true,
  "immutable" : false
}, {
  "name" : "Monthly Visit",
  "uuid" : "221cbc98-6676-4035-8e6c-59f807f8f06b",
  "active" : true,
  "immutable" : false,
  "voided" : true
}, {
  "name" : "Half-Yearly Visit",
  "uuid" : "839940e8-1fd1-4fb7-9d0e-a57483e4945e",
  "active" : true,
  "immutable" : false,
  "voided" : true
}, {
  "name" : "Doctor Checkup",
  "uuid" : "5a18fd93-7db8-47a2-9c26-4807d89d13e7",
  "active" : true,
  "immutable" : false
}, {
  "name" : "Activity",
  "uuid" : "639605f9-a202-48dd-b42f-082dc2d172ff",
  "entityEligibilityCheckRule" : "",
  "active" : true,
  "immutable" : false,
  "voided" : true
}, {
  "name" : "Dispatch receipt",
  "uuid" : "543c3eb6-fc01-4e3a-b3e1-ef50ec6a8896",
  "entityEligibilityCheckRule" : "'use strict';\n({params, imports}) => {\n  const individual = params.entity;\n  const moment = imports.moment;\n  let eligibility = true;\n  \n  const condition11 = new imports.rulesConfig.RuleCondition({individual}).when.valueInRegistration(\"132868ab-811a-401e-9fd3-7c87f5512436\").notDefined.matches();\n  \n  const condition21 = new imports.rulesConfig.RuleCondition({individual}).when.latestValueInAllEncounters(\"78f9d6cb-356e-45dc-90d5-216185784fe6\").defined.matches();\n  \n  eligibility = !(condition11 || condition21 );\n  \n  return eligibility;\n};",
  "active" : true,
  "entityEligibilityCheckDeclarativeRule" : [ {
    "actions" : [ {
      "actionType" : "hideEncounterType"
    }, { } ],
    "conditions" : [ {
      "conjunction" : "or",
      "compoundRule" : {
        "rules" : [ {
          "lhs" : {
            "type" : "concept",
            "scope" : "registration",
            "conceptName" : "Dispatch Status Id",
            "conceptUuid" : "132868ab-811a-401e-9fd3-7c87f5512436",
            "conceptDataType" : "Text"
          },
          "rhs" : { },
          "operator" : "notDefined"
        } ],
        "conjunction" : "and"
      }
    }, {
      "compoundRule" : {
        "rules" : [ {
          "lhs" : {
            "type" : "concept",
            "scope" : "latestInAllEncounters",
            "conceptName" : "Dispatch Received Date",
            "conceptUuid" : "78f9d6cb-356e-45dc-90d5-216185784fe6",
            "conceptDataType" : "Date"
          },
          "rhs" : { },
          "operator" : "defined"
        } ]
      }
    } ]
  } ],
  "immutable" : false,
  "voided" : true
}, {
  "name" : "Distribution (voided~1673)",
  "uuid" : "a29e1dbe-c894-4384-9db4-0fd2df745df8",
  "entityEligibilityCheckRule" : "'use strict';\n({params, imports}) => {\n  const individual = params.entity;\n  const moment = imports.moment;\n  let eligibility = true;\n  \n  const condition11 = new imports.rulesConfig.RuleCondition({individual}).when.latestValueInAllEncounters(\"78f9d6cb-356e-45dc-90d5-216185784fe6\").defined.matches();\n  \n  eligibility = condition11 ;\n  \n  return eligibility;\n};",
  "active" : true,
  "entityEligibilityCheckDeclarativeRule" : [ {
    "actions" : [ {
      "actionType" : "showEncounterType"
    } ],
    "conditions" : [ {
      "compoundRule" : {
        "rules" : [ {
          "lhs" : {
            "type" : "concept",
            "scope" : "latestInAllEncounters",
            "conceptName" : "Dispatch Received Date",
            "conceptUuid" : "78f9d6cb-356e-45dc-90d5-216185784fe6",
            "conceptDataType" : "Date"
          },
          "rhs" : { },
          "operator" : "defined"
        } ],
        "conjunction" : "and"
      }
    } ]
  } ],
  "immutable" : false,
  "voided" : true
}, {
  "name" : "Dispatch (voided~1674)",
  "uuid" : "018267d2-9dac-4636-8458-74e98b4cb150",
  "entityEligibilityCheckRule" : "'use strict';\n({params, imports}) => {\n  const individual = params.entity;\n  const moment = imports.moment;\n  let eligibility = true;\n  \n  const condition11 = new imports.rulesConfig.RuleCondition({individual}).when.latestValueInAllEncounters(\"132868ab-811a-401e-9fd3-7c87f5512436\").defined.matches();\n  \n  eligibility = !(condition11 );\n  \n  return eligibility;\n};",
  "active" : true,
  "entityEligibilityCheckDeclarativeRule" : [ {
    "actions" : [ {
      "actionType" : "hideEncounterType"
    } ],
    "conditions" : [ {
      "compoundRule" : {
        "rules" : [ {
          "lhs" : {
            "type" : "concept",
            "scope" : "latestInAllEncounters",
            "conceptName" : "Dispatch Status Id",
            "conceptUuid" : "132868ab-811a-401e-9fd3-7c87f5512436",
            "conceptDataType" : "Text"
          },
          "rhs" : { },
          "operator" : "defined"
        } ],
        "conjunction" : "and"
      }
    } ]
  } ],
  "immutable" : false,
  "voided" : true
}, {
  "name" : "Test Visit don't use (voided~1943)",
  "uuid" : "bbfb11f4-3cb2-4dd2-ad32-8a5455b56230",
  "entityEligibilityCheckRule" : "",
  "active" : true,
  "immutable" : false,
  "voided" : true
} ]