[ {
  "uuid" : "89869ca0-8024-4707-b3c0-5afa7792b71c",
  "id" : 42667,
  "formUUID" : "e1472f56-c057-4aea-9f46-0decd9d068fe",
  "encounterTypeUUID" : "465e9469-0dce-475f-a235-39da5b0da174",
  "subjectTypeUUID" : "9f2af1f9-e150-4f8e-aad3-40bb7eb05aa3",
  "formType" : "Encounter",
  "formName" : "Outpatient",
  "enableApproval" : false
}, {
  "uuid" : "23a1f57f-1dca-46d0-b44f-c729789cd84c",
  "id" : 42668,
  "formUUID" : "026e2f5c-8670-4e4b-9a54-cb03bbf3093d",
  "programUUID" : "076ddb2d-a499-4314-af95-4178553d279b",
  "subjectTypeUUID" : "9f2af1f9-e150-4f8e-aad3-40bb7eb05aa3",
  "formType" : "ProgramEnrolment",
  "formName" : "Mother Enrolment",
  "enableApproval" : false
}, {
  "uuid" : "ee26b976-72e3-45f4-9391-9eb0d6ce394d",
  "id" : 42669,
  "formUUID" : "3a95e9b0-731a-4714-ae7c-10e1d03cebfe",
  "programUUID" : "076ddb2d-a499-4314-af95-4178553d279b",
  "encounterTypeUUID" : "b1efaffa-c8df-4801-8bbb-bf7c7bd6a0bd",
  "subjectTypeUUID" : "9f2af1f9-e150-4f8e-aad3-40bb7eb05aa3",
  "formType" : "ProgramEncounter",
  "formName" : "ANC",
  "enableApproval" : false
}, {
  "uuid" : "310fb206-d2a8-4bba-af39-932a3dedec2c",
  "id" : 42670,
  "formUUID" : "cc6a3c6a-c3cc-488d-a46c-d9d538fcc9c2",
  "programUUID" : "076ddb2d-a499-4314-af95-4178553d279b",
  "encounterTypeUUID" : "7b6a93c7-e1e1-4e73-842d-df8a1935bde2",
  "subjectTypeUUID" : "9f2af1f9-e150-4f8e-aad3-40bb7eb05aa3",
  "formType" : "ProgramEncounter",
  "formName" : "Delivery",
  "enableApproval" : false
}, {
  "uuid" : "22edd4a1-a5f5-455a-97e7-6089e4f0e5e2",
  "id" : 42671,
  "formUUID" : "32428a7e-d553-4172-b697-e8df3bbfb61d",
  "programUUID" : "076ddb2d-a499-4314-af95-4178553d279b",
  "encounterTypeUUID" : "1dec6355-4abd-45b7-89ab-bae1f5f9cc07",
  "subjectTypeUUID" : "9f2af1f9-e150-4f8e-aad3-40bb7eb05aa3",
  "formType" : "ProgramEncounter",
  "formName" : "Abortion",
  "enableApproval" : false
}, {
  "uuid" : "2bfec23f-6477-49a0-9210-0894aaee3eb2",
  "id" : 42672,
  "formUUID" : "78b1400e-8100-4ba6-b78e-fef580f7fb77",
  "programUUID" : "076ddb2d-a499-4314-af95-4178553d279b",
  "encounterTypeUUID" : "e9971396-b74f-411c-956d-da44073922f5",
  "subjectTypeUUID" : "9f2af1f9-e150-4f8e-aad3-40bb7eb05aa3",
  "formType" : "ProgramEncounter",
  "formName" : "PNC",
  "enableApproval" : false
}, {
  "uuid" : "94aad61f-6088-4361-b18a-c693db9df145",
  "id" : 42673,
  "formUUID" : "e57e2f11-6684-456a-bd00-6511d9b06eaa",
  "programUUID" : "076ddb2d-a499-4314-af95-4178553d279b",
  "subjectTypeUUID" : "9f2af1f9-e150-4f8e-aad3-40bb7eb05aa3",
  "formType" : "ProgramExit",
  "formName" : "Mother Exit",
  "enableApproval" : false
}, {
  "uuid" : "f030a553-f5f0-4972-a63d-9caad4b1bdfd",
  "id" : 42674,
  "formUUID" : "e09dddeb-ed72-40c4-ae8d-112d8893f18b",
  "programUUID" : "352d906c-b386-496c-ba23-91b1468a5613",
  "encounterTypeUUID" : "330d954c-ab5f-4ea1-be8b-ba26a12bdfbc",
  "subjectTypeUUID" : "9f2af1f9-e150-4f8e-aad3-40bb7eb05aa3",
  "formType" : "ProgramEncounter",
  "formName" : "Child PNC",
  "enableApproval" : false
}, {
  "uuid" : "70178ca5-959d-4c32-8e99-56d66f2fff4a",
  "id" : 42675,
  "formUUID" : "67165f46-890d-4747-ba9a-dbaa0cfa5353",
  "programUUID" : "352d906c-b386-496c-ba23-91b1468a5613",
  "subjectTypeUUID" : "9f2af1f9-e150-4f8e-aad3-40bb7eb05aa3",
  "formType" : "ProgramExit",
  "formName" : "Child Exit",
  "enableApproval" : false
}, {
  "uuid" : "a7d8be28-fc46-4288-8305-ccbc06cacb6e",
  "id" : 42676,
  "formUUID" : "32b3555a-7fe9-4246-a470-21ab2d2954e2",
  "programUUID" : "215f4795-7d46-4617-95dd-52343f945a0f",
  "subjectTypeUUID" : "9f2af1f9-e150-4f8e-aad3-40bb7eb05aa3",
  "formType" : "ProgramEnrolment",
  "formName" : "Adolescent Enrolment",
  "enableApproval" : false
}, {
  "uuid" : "c2f2d173-5e51-40b1-8131-b245af0b6431",
  "id" : 42677,
  "formUUID" : "5f8dc84d-90ff-46ca-9a56-169bd778687f",
  "programUUID" : "215f4795-7d46-4617-95dd-52343f945a0f",
  "subjectTypeUUID" : "9f2af1f9-e150-4f8e-aad3-40bb7eb05aa3",
  "formType" : "ProgramExit",
  "formName" : "Adolescent Exit",
  "enableApproval" : false
}, {
  "uuid" : "e06071e0-b4b6-4289-bb18-f3e10085ff7a",
  "id" : 42678,
  "formUUID" : "54636d6b-33bf-4faf-9397-eb3b1d9b1792",
  "programUUID" : "215f4795-7d46-4617-95dd-52343f945a0f",
  "encounterTypeUUID" : "897f24ba-55dd-4815-b4f7-281cdca69d3a",
  "subjectTypeUUID" : "9f2af1f9-e150-4f8e-aad3-40bb7eb05aa3",
  "formType" : "ProgramEncounter",
  "formName" : "Adolescent School Dropout",
  "enableApproval" : false
}, {
  "uuid" : "396cda03-c655-48b1-9c30-b7fca91870e8",
  "id" : 42679,
  "formUUID" : "0c444bf3-54c3-41e4-8ca9-f0deb8760831",
  "programUUID" : "215f4795-7d46-4617-95dd-52343f945a0f",
  "encounterTypeUUID" : "e57cbb66-b981-4ff6-ad80-9628de38623d",
  "subjectTypeUUID" : "9f2af1f9-e150-4f8e-aad3-40bb7eb05aa3",
  "formType" : "ProgramEncounter",
  "formName" : "Adolescent School Dropout Followup",
  "enableApproval" : false
}, {
  "uuid" : "e21b4b33-c37a-4c82-8f77-4f6c496fae87",
  "id" : 42680,
  "formUUID" : "901e2f48-2fb8-402b-9073-ee2fac33fce4",
  "programUUID" : "352d906c-b386-496c-ba23-91b1468a5613",
  "encounterTypeUUID" : "1f07ae8c-faa4-4934-8e06-9038e62fc2ac",
  "subjectTypeUUID" : "9f2af1f9-e150-4f8e-aad3-40bb7eb05aa3",
  "formType" : "ProgramEncounter",
  "formName" : "Birth form",
  "enableApproval" : false
}, {
  "uuid" : "a881addf-fdc7-4b6a-ad79-225396594ecd",
  "id" : 42681,
  "formUUID" : "d062907a-690c-44ca-b699-f8b2f688b075",
  "programUUID" : "352d906c-b386-496c-ba23-91b1468a5613",
  "encounterTypeUUID" : "02c72b2b-19f0-4f75-b734-dcad5601881b",
  "subjectTypeUUID" : "9f2af1f9-e150-4f8e-aad3-40bb7eb05aa3",
  "formType" : "ProgramEncounter",
  "formName" : "Anthropometry Assessment",
  "enableApproval" : false
}, {
  "uuid" : "3ca80fcf-2aa0-4b62-92d5-99fad005c7d9",
  "id" : 42682,
  "formUUID" : "9ed7e0a9-6122-41ee-8413-1cef6792e2c6",
  "programUUID" : "076ddb2d-a499-4314-af95-4178553d279b",
  "encounterTypeUUID" : "63486b57-67b9-4236-b36c-e7bbe5ac0411",
  "subjectTypeUUID" : "9f2af1f9-e150-4f8e-aad3-40bb7eb05aa3",
  "formType" : "ProgramEncounter",
  "formName" : "Lab Tests",
  "enableApproval" : false
}, {
  "uuid" : "fbb00f7a-dd59-4dae-8ba6-c55dc709d300",
  "id" : 42683,
  "formUUID" : "1608c2c0-0334-41a6-aab0-5c61ea1eb069",
  "programUUID" : "352d906c-b386-496c-ba23-91b1468a5613",
  "subjectTypeUUID" : "9f2af1f9-e150-4f8e-aad3-40bb7eb05aa3",
  "formType" : "ProgramEnrolment",
  "formName" : "Child Enrolment",
  "enableApproval" : false
}, {
  "uuid" : "0169d095-de7f-42b1-9d82-ba149effd59f",
  "id" : 42684,
  "formUUID" : "c294aadf-94a6-4908-8d04-9cc4ce2b901c",
  "programUUID" : "215f4795-7d46-4617-95dd-52343f945a0f",
  "encounterTypeUUID" : "14e23e16-5db0-4d16-9efe-b206a18010a7",
  "subjectTypeUUID" : "9f2af1f9-e150-4f8e-aad3-40bb7eb05aa3",
  "formType" : "ProgramEncounterCancellation",
  "formName" : "Adolescent Program Encounter Cancellation Form",
  "enableApproval" : false
}, {
  "uuid" : "71170db1-c131-4aa7-a6b0-60029d45f618",
  "id" : 42685,
  "formUUID" : "c294aadf-94a6-4908-8d04-9cc4ce2b901c",
  "programUUID" : "215f4795-7d46-4617-95dd-52343f945a0f",
  "encounterTypeUUID" : "198b4844-2c66-4ad2-9a9c-3099270695a4",
  "subjectTypeUUID" : "9f2af1f9-e150-4f8e-aad3-40bb7eb05aa3",
  "formType" : "ProgramEncounterCancellation",
  "formName" : "Adolescent Program Encounter Cancellation Form",
  "enableApproval" : false
}, {
  "uuid" : "d6cce296-7403-45db-9ec3-0408a0ce1817",
  "id" : 42686,
  "formUUID" : "c294aadf-94a6-4908-8d04-9cc4ce2b901c",
  "programUUID" : "215f4795-7d46-4617-95dd-52343f945a0f",
  "encounterTypeUUID" : "839940e8-1fd1-4fb7-9d0e-a57483e4945e",
  "subjectTypeUUID" : "9f2af1f9-e150-4f8e-aad3-40bb7eb05aa3",
  "formType" : "ProgramEncounterCancellation",
  "formName" : "Adolescent Program Encounter Cancellation Form",
  "enableApproval" : false
}, {
  "uuid" : "25de21ff-d440-490b-8f6a-3f8dea88f6b2",
  "id" : 42687,
  "formUUID" : "c294aadf-94a6-4908-8d04-9cc4ce2b901c",
  "programUUID" : "215f4795-7d46-4617-95dd-52343f945a0f",
  "encounterTypeUUID" : "221cbc98-6676-4035-8e6c-59f807f8f06b",
  "subjectTypeUUID" : "9f2af1f9-e150-4f8e-aad3-40bb7eb05aa3",
  "formType" : "ProgramEncounterCancellation",
  "formName" : "Adolescent Program Encounter Cancellation Form",
  "enableApproval" : false
}, {
  "uuid" : "46e34c29-bfbb-4524-ac8f-fda7d8e80dad",
  "id" : 42688,
  "formUUID" : "c294aadf-94a6-4908-8d04-9cc4ce2b901c",
  "programUUID" : "215f4795-7d46-4617-95dd-52343f945a0f",
  "encounterTypeUUID" : "897f24ba-55dd-4815-b4f7-281cdca69d3a",
  "subjectTypeUUID" : "9f2af1f9-e150-4f8e-aad3-40bb7eb05aa3",
  "formType" : "ProgramEncounterCancellation",
  "formName" : "Adolescent Program Encounter Cancellation Form",
  "enableApproval" : false
}, {
  "uuid" : "31b4bb0d-ebf0-423c-87c9-5e1c0e53a940",
  "id" : 42689,
  "formUUID" : "c294aadf-94a6-4908-8d04-9cc4ce2b901c",
  "programUUID" : "215f4795-7d46-4617-95dd-52343f945a0f",
  "encounterTypeUUID" : "e57cbb66-b981-4ff6-ad80-9628de38623d",
  "subjectTypeUUID" : "9f2af1f9-e150-4f8e-aad3-40bb7eb05aa3",
  "formType" : "ProgramEncounterCancellation",
  "formName" : "Adolescent Program Encounter Cancellation Form",
  "enableApproval" : false
}, {
  "uuid" : "da840afe-a843-4901-9555-616fed1a1bca",
  "id" : 42690,
  "formUUID" : "0ea3e070-39c5-48c8-ab9b-73e91c419d68",
  "subjectTypeUUID" : "9f2af1f9-e150-4f8e-aad3-40bb7eb05aa3",
  "formType" : "IndividualProfile",
  "formName" : "Calcutta Kids Registration Form",
  "enableApproval" : false
}, {
  "uuid" : "4da96e79-6e64-4d0a-aec4-febb0f7f5b19",
  "id" : 42691,
  "formUUID" : "6ae07f4d-c639-4cfa-a78b-9f39e0b24c60",
  "encounterTypeUUID" : "af181460-b5f0-46b0-9474-4dd0a34981af",
  "subjectTypeUUID" : "9f2af1f9-e150-4f8e-aad3-40bb7eb05aa3",
  "formType" : "Encounter",
  "formName" : "Calcutta Kids Demographic/SES Form",
  "enableApproval" : false
}, {
  "uuid" : "cf0d33bb-846a-4533-9ff7-70b57f8dabf0",
  "id" : 42692,
  "formUUID" : "c5b2eb03-7ed3-4fbc-95b7-07412219368f",
  "programUUID" : "5103e1e2-a4df-498b-818d-61df4db3fb97",
  "subjectTypeUUID" : "9f2af1f9-e150-4f8e-aad3-40bb7eb05aa3",
  "formType" : "ProgramEnrolment",
  "formName" : "CK Mother Enrolment",
  "enableApproval" : false
}, {
  "uuid" : "6a5cc944-2fe3-4496-ad7a-33c70f38a9b7",
  "id" : 42693,
  "formUUID" : "b80646b2-b74e-415f-974c-f8f48d67b27e",
  "programUUID" : "5103e1e2-a4df-498b-818d-61df4db3fb97",
  "encounterTypeUUID" : "5a18fd93-7db8-47a2-9c26-4807d89d13e7",
  "subjectTypeUUID" : "9f2af1f9-e150-4f8e-aad3-40bb7eb05aa3",
  "formType" : "ProgramEncounter",
  "formName" : "Doctor visit",
  "enableApproval" : false
}, {
  "uuid" : "e6370227-ff3e-462c-be3e-81791eb2cbd5",
  "id" : 42694,
  "formUUID" : "db80ea16-8538-41ca-bd6a-53abc9be088b",
  "programUUID" : "5103e1e2-a4df-498b-818d-61df4db3fb97",
  "encounterTypeUUID" : "f3b48d34-d2ff-448d-ab18-8fa0602f32f0",
  "subjectTypeUUID" : "9f2af1f9-e150-4f8e-aad3-40bb7eb05aa3",
  "formType" : "ProgramEncounter",
  "formName" : "Doctor Visit Followup at Home",
  "enableApproval" : false
}, {
  "uuid" : "919815d0-6fc2-4b03-8967-11b16ef5796a",
  "id" : 42695,
  "formUUID" : "2a13df4b-6d61-4f11-850d-1ea6d13860df",
  "programUUID" : "5103e1e2-a4df-498b-818d-61df4db3fb97",
  "encounterTypeUUID" : "0c0e810e-40bb-4365-af55-51aeba6548bf",
  "subjectTypeUUID" : "9f2af1f9-e150-4f8e-aad3-40bb7eb05aa3",
  "formType" : "ProgramEncounter",
  "formName" : "Mother Home Visit",
  "enableApproval" : false
}, {
  "uuid" : "a8ea6bc1-48ed-4836-927b-3e0388a850e1",
  "id" : 42696,
  "formUUID" : "0f72e14f-15c6-4293-b47c-af96b2fb7a79",
  "programUUID" : "5103e1e2-a4df-498b-818d-61df4db3fb97",
  "encounterTypeUUID" : "f3b48d34-d2ff-448d-ab18-8fa0602f32f0",
  "subjectTypeUUID" : "9f2af1f9-e150-4f8e-aad3-40bb7eb05aa3",
  "formType" : "ProgramEncounterCancellation",
  "formName" : "Doctor visit followup at home cancel form",
  "enableApproval" : false
}, {
  "uuid" : "4a750500-eef8-45f2-82a3-31c361512fb5",
  "id" : 42697,
  "formUUID" : "0f72e14f-15c6-4293-b47c-af96b2fb7a79",
  "programUUID" : "5103e1e2-a4df-498b-818d-61df4db3fb97",
  "encounterTypeUUID" : "5a18fd93-7db8-47a2-9c26-4807d89d13e7",
  "subjectTypeUUID" : "9f2af1f9-e150-4f8e-aad3-40bb7eb05aa3",
  "formType" : "ProgramEncounterCancellation",
  "formName" : "Doctor visit followup at home cancel form",
  "enableApproval" : false
}, {
  "uuid" : "c381a97b-76be-4f9f-b890-18ef0d58dac1",
  "id" : 42698,
  "formUUID" : "aac5c57a-aa01-49bb-ad20-70536dd2907f",
  "programUUID" : "5103e1e2-a4df-498b-818d-61df4db3fb97",
  "encounterTypeUUID" : "0c0e810e-40bb-4365-af55-51aeba6548bf",
  "subjectTypeUUID" : "9f2af1f9-e150-4f8e-aad3-40bb7eb05aa3",
  "formType" : "ProgramEncounterCancellation",
  "formName" : "Default Program Encounter Cancellation Form",
  "enableApproval" : false
}, {
  "uuid" : "87bc1e84-fb82-492e-a677-dadfc7e53ce4",
  "id" : 42699,
  "formUUID" : "aac5c57a-aa01-49bb-ad20-70536dd2907f",
  "programUUID" : "5103e1e2-a4df-498b-818d-61df4db3fb97",
  "encounterTypeUUID" : "63486b57-67b9-4236-b36c-e7bbe5ac0411",
  "subjectTypeUUID" : "9f2af1f9-e150-4f8e-aad3-40bb7eb05aa3",
  "formType" : "ProgramEncounterCancellation",
  "formName" : "Default Program Encounter Cancellation Form",
  "enableApproval" : false
}, {
  "uuid" : "4735bd6d-fd98-4d2a-b7b5-4f70b12e4b1d",
  "id" : 42700,
  "formUUID" : "aac5c57a-aa01-49bb-ad20-70536dd2907f",
  "programUUID" : "076ddb2d-a499-4314-af95-4178553d279b",
  "encounterTypeUUID" : "3f5898b9-aeb9-400e-9440-2c91cb29c551",
  "subjectTypeUUID" : "9f2af1f9-e150-4f8e-aad3-40bb7eb05aa3",
  "formType" : "ProgramEncounterCancellation",
  "formName" : "Default Program Encounter Cancellation Form",
  "enableApproval" : false
}, {
  "uuid" : "dfc27c34-db1e-4e01-ba6b-04b516a02cf4",
  "id" : 42701,
  "formUUID" : "9ed7e0a9-6122-41ee-8413-1cef6792e2c6",
  "programUUID" : "352d906c-b386-496c-ba23-91b1468a5613",
  "encounterTypeUUID" : "63486b57-67b9-4236-b36c-e7bbe5ac0411",
  "subjectTypeUUID" : "9f2af1f9-e150-4f8e-aad3-40bb7eb05aa3",
  "formType" : "ProgramEncounter",
  "formName" : "Lab Tests",
  "enableApproval" : false
}, {
  "uuid" : "3b48fbe7-009c-490b-a4ec-7e8af917fd1c",
  "id" : 42702,
  "formUUID" : "9ed7e0a9-6122-41ee-8413-1cef6792e2c6",
  "programUUID" : "5103e1e2-a4df-498b-818d-61df4db3fb97",
  "encounterTypeUUID" : "63486b57-67b9-4236-b36c-e7bbe5ac0411",
  "subjectTypeUUID" : "9f2af1f9-e150-4f8e-aad3-40bb7eb05aa3",
  "formType" : "ProgramEncounter",
  "formName" : "Lab Tests",
  "enableApproval" : false
}, {
  "uuid" : "cf7f010d-79d2-47e9-8638-5a64cd29719e",
  "id" : 42703,
  "formUUID" : "e57e2f11-6684-456a-bd00-6511d9b06eaa",
  "programUUID" : "5103e1e2-a4df-498b-818d-61df4db3fb97",
  "subjectTypeUUID" : "9f2af1f9-e150-4f8e-aad3-40bb7eb05aa3",
  "formType" : "ProgramExit",
  "formName" : "Mother Exit",
  "enableApproval" : false
}, {
  "uuid" : "e148896e-7a64-48f1-a192-91e8646deb6e",
  "id" : 42704,
  "formUUID" : "b80646b2-b74e-415f-974c-f8f48d67b27e",
  "programUUID" : "076ddb2d-a499-4314-af95-4178553d279b",
  "encounterTypeUUID" : "5a18fd93-7db8-47a2-9c26-4807d89d13e7",
  "subjectTypeUUID" : "9f2af1f9-e150-4f8e-aad3-40bb7eb05aa3",
  "formType" : "ProgramEncounter",
  "formName" : "Doctor visit",
  "enableApproval" : false
}, {
  "uuid" : "b29578a6-4222-4064-a958-e6de89bd717a",
  "id" : 42705,
  "formUUID" : "b80646b2-b74e-415f-974c-f8f48d67b27e",
  "programUUID" : "352d906c-b386-496c-ba23-91b1468a5613",
  "encounterTypeUUID" : "5a18fd93-7db8-47a2-9c26-4807d89d13e7",
  "subjectTypeUUID" : "9f2af1f9-e150-4f8e-aad3-40bb7eb05aa3",
  "formType" : "ProgramEncounter",
  "formName" : "Doctor visit",
  "enableApproval" : false
}, {
  "uuid" : "37fe7f9d-8e90-42cd-a2d5-fa83e7bd8329",
  "id" : 42706,
  "formUUID" : "db80ea16-8538-41ca-bd6a-53abc9be088b",
  "programUUID" : "076ddb2d-a499-4314-af95-4178553d279b",
  "encounterTypeUUID" : "f3b48d34-d2ff-448d-ab18-8fa0602f32f0",
  "subjectTypeUUID" : "9f2af1f9-e150-4f8e-aad3-40bb7eb05aa3",
  "formType" : "ProgramEncounter",
  "formName" : "Doctor Visit Followup at Home",
  "enableApproval" : false
}, {
  "uuid" : "307ebdc8-902f-4249-9f6d-5700e3c7d2e0",
  "id" : 42707,
  "formUUID" : "5565a4d1-ef0e-4ff5-bce5-fc4f7d94ce99",
  "programUUID" : "076ddb2d-a499-4314-af95-4178553d279b",
  "encounterTypeUUID" : "a6f8c24e-f56f-456b-aa41-7aada038390c",
  "subjectTypeUUID" : "9f2af1f9-e150-4f8e-aad3-40bb7eb05aa3",
  "formType" : "ProgramEncounter",
  "formName" : "ANC Home Visit",
  "enableApproval" : false
}, {
  "uuid" : "3b44b28a-3054-4a85-b7d1-efc592614ce8",
  "id" : 42708,
  "formUUID" : "a7ec8c80-edb2-4751-a5ec-498a9e0240a0",
  "programUUID" : "076ddb2d-a499-4314-af95-4178553d279b",
  "encounterTypeUUID" : "3f5898b9-aeb9-400e-9440-2c91cb29c551",
  "subjectTypeUUID" : "9f2af1f9-e150-4f8e-aad3-40bb7eb05aa3",
  "formType" : "ProgramEncounter",
  "formName" : "Post abortion form",
  "enableApproval" : false
}, {
  "uuid" : "dc8234df-3285-4891-97da-25b52e07856d",
  "id" : 42709,
  "formUUID" : "35aa9007-fe7a-4a59-b985-0a1c038df889",
  "programUUID" : "352d906c-b386-496c-ba23-91b1468a5613",
  "encounterTypeUUID" : "21f346a4-dc45-4aa1-a34c-aff9c12438f8",
  "subjectTypeUUID" : "9f2af1f9-e150-4f8e-aad3-40bb7eb05aa3",
  "formType" : "ProgramEncounter",
  "formName" : "Home Visit",
  "enableApproval" : false
}, {
  "uuid" : "13b0e374-f7b0-4dc6-bf51-2103a6d58597",
  "id" : 42710,
  "formUUID" : "db80ea16-8538-41ca-bd6a-53abc9be088b",
  "programUUID" : "352d906c-b386-496c-ba23-91b1468a5613",
  "encounterTypeUUID" : "f3b48d34-d2ff-448d-ab18-8fa0602f32f0",
  "subjectTypeUUID" : "9f2af1f9-e150-4f8e-aad3-40bb7eb05aa3",
  "formType" : "ProgramEncounter",
  "formName" : "Doctor Visit Followup at Home",
  "enableApproval" : false
}, {
  "uuid" : "f0a9cc12-a9ca-4379-b27c-d3c7de6bc3e8",
  "id" : 42711,
  "formUUID" : "1aef21a6-e629-4cb5-8d63-ef252a9ad7d1",
  "programUUID" : "352d906c-b386-496c-ba23-91b1468a5613",
  "encounterTypeUUID" : "11d3085e-c44c-467c-abd3-6af215740959",
  "subjectTypeUUID" : "9f2af1f9-e150-4f8e-aad3-40bb7eb05aa3",
  "formType" : "ProgramEncounter",
  "formName" : "PNC Doctor Checkup",
  "enableApproval" : false
}, {
  "uuid" : "0d0cec3f-1308-4f3c-a792-f524698da729",
  "id" : 42712,
  "formUUID" : "4632c1f5-59cd-4e65-899c-beb2c87a3bff",
  "programUUID" : "076ddb2d-a499-4314-af95-4178553d279b",
  "encounterTypeUUID" : "89f6fd3d-e1ff-4da0-89d1-a3572f84b4e0",
  "subjectTypeUUID" : "9f2af1f9-e150-4f8e-aad3-40bb7eb05aa3",
  "formType" : "ProgramEncounter",
  "formName" : "ANC GMP",
  "enableApproval" : false
}, {
  "uuid" : "52cdbaa8-f566-45e7-8eef-837c62c3f4e8",
  "id" : 42713,
  "formUUID" : "0f72e14f-15c6-4293-b47c-af96b2fb7a79",
  "programUUID" : "076ddb2d-a499-4314-af95-4178553d279b",
  "encounterTypeUUID" : "f3b48d34-d2ff-448d-ab18-8fa0602f32f0",
  "subjectTypeUUID" : "9f2af1f9-e150-4f8e-aad3-40bb7eb05aa3",
  "formType" : "ProgramEncounterCancellation",
  "formName" : "Doctor visit followup at home cancel form",
  "enableApproval" : false
}, {
  "uuid" : "cf185c9a-15b0-4b88-bd73-144d2bed3958",
  "id" : 42714,
  "formUUID" : "0f72e14f-15c6-4293-b47c-af96b2fb7a79",
  "programUUID" : "076ddb2d-a499-4314-af95-4178553d279b",
  "encounterTypeUUID" : "5a18fd93-7db8-47a2-9c26-4807d89d13e7",
  "subjectTypeUUID" : "9f2af1f9-e150-4f8e-aad3-40bb7eb05aa3",
  "formType" : "ProgramEncounterCancellation",
  "formName" : "Doctor visit followup at home cancel form",
  "enableApproval" : false
}, {
  "uuid" : "72c105bb-865e-4767-933d-183ca8abced6",
  "id" : 42715,
  "formUUID" : "0f72e14f-15c6-4293-b47c-af96b2fb7a79",
  "programUUID" : "352d906c-b386-496c-ba23-91b1468a5613",
  "encounterTypeUUID" : "5a18fd93-7db8-47a2-9c26-4807d89d13e7",
  "subjectTypeUUID" : "9f2af1f9-e150-4f8e-aad3-40bb7eb05aa3",
  "formType" : "ProgramEncounterCancellation",
  "formName" : "Doctor visit followup at home cancel form",
  "enableApproval" : false
}, {
  "uuid" : "582350fa-b94a-4ed4-bf2e-6e9c87462b5a",
  "id" : 42716,
  "formUUID" : "0f72e14f-15c6-4293-b47c-af96b2fb7a79",
  "programUUID" : "352d906c-b386-496c-ba23-91b1468a5613",
  "encounterTypeUUID" : "f3b48d34-d2ff-448d-ab18-8fa0602f32f0",
  "subjectTypeUUID" : "9f2af1f9-e150-4f8e-aad3-40bb7eb05aa3",
  "formType" : "ProgramEncounterCancellation",
  "formName" : "Doctor visit followup at home cancel form",
  "enableApproval" : false
}, {
  "uuid" : "fa0d38ec-8014-420f-999e-3012eb57af39",
  "id" : 42717,
  "formUUID" : "aac5c57a-aa01-49bb-ad20-70536dd2907f",
  "programUUID" : "076ddb2d-a499-4314-af95-4178553d279b",
  "encounterTypeUUID" : "a6f8c24e-f56f-456b-aa41-7aada038390c",
  "subjectTypeUUID" : "9f2af1f9-e150-4f8e-aad3-40bb7eb05aa3",
  "formType" : "ProgramEncounterCancellation",
  "formName" : "Default Program Encounter Cancellation Form",
  "enableApproval" : false
}, {
  "uuid" : "a0c73299-4832-401e-98c1-d10d7b20d17f",
  "id" : 42718,
  "formUUID" : "aac5c57a-aa01-49bb-ad20-70536dd2907f",
  "programUUID" : "352d906c-b386-496c-ba23-91b1468a5613",
  "encounterTypeUUID" : "21f346a4-dc45-4aa1-a34c-aff9c12438f8",
  "subjectTypeUUID" : "9f2af1f9-e150-4f8e-aad3-40bb7eb05aa3",
  "formType" : "ProgramEncounterCancellation",
  "formName" : "Default Program Encounter Cancellation Form",
  "enableApproval" : false
}, {
  "uuid" : "bb3ff32e-74f8-4254-b434-06933ce62b34",
  "id" : 42719,
  "formUUID" : "aac5c57a-aa01-49bb-ad20-70536dd2907f",
  "programUUID" : "352d906c-b386-496c-ba23-91b1468a5613",
  "encounterTypeUUID" : "11d3085e-c44c-467c-abd3-6af215740959",
  "subjectTypeUUID" : "9f2af1f9-e150-4f8e-aad3-40bb7eb05aa3",
  "formType" : "ProgramEncounterCancellation",
  "formName" : "Default Program Encounter Cancellation Form",
  "enableApproval" : false
}, {
  "uuid" : "68ea04b8-2911-4d74-a3d9-3bbec37628b3",
  "id" : 42720,
  "formUUID" : "aac5c57a-aa01-49bb-ad20-70536dd2907f",
  "programUUID" : "076ddb2d-a499-4314-af95-4178553d279b",
  "encounterTypeUUID" : "89f6fd3d-e1ff-4da0-89d1-a3572f84b4e0",
  "subjectTypeUUID" : "9f2af1f9-e150-4f8e-aad3-40bb7eb05aa3",
  "formType" : "ProgramEncounterCancellation",
  "formName" : "Default Program Encounter Cancellation Form",
  "enableApproval" : false
}, {
  "uuid" : "c77677b7-d02a-42cc-bb46-36d4ccb23011",
  "id" : 42721,
  "formUUID" : "0f72e14f-15c6-4293-b47c-af96b2fb7a79",
  "programUUID" : "076ddb2d-a499-4314-af95-4178553d279b",
  "encounterTypeUUID" : "b1efaffa-c8df-4801-8bbb-bf7c7bd6a0bd",
  "subjectTypeUUID" : "9f2af1f9-e150-4f8e-aad3-40bb7eb05aa3",
  "formType" : "ProgramEncounterCancellation",
  "formName" : "Doctor visit followup at home cancel form",
  "enableApproval" : false
}, {
  "uuid" : "7954efae-86d7-4c66-8384-d90b143886b1",
  "id" : 42722,
  "formUUID" : "aac5c57a-aa01-49bb-ad20-70536dd2907f",
  "programUUID" : "076ddb2d-a499-4314-af95-4178553d279b",
  "encounterTypeUUID" : "63486b57-67b9-4236-b36c-e7bbe5ac0411",
  "subjectTypeUUID" : "9f2af1f9-e150-4f8e-aad3-40bb7eb05aa3",
  "formType" : "ProgramEncounterCancellation",
  "formName" : "Default Program Encounter Cancellation Form",
  "enableApproval" : false
}, {
  "uuid" : "62e0a28b-3c6d-4e28-b081-9e6a9c1c4ad8",
  "id" : 42723,
  "formUUID" : "aac5c57a-aa01-49bb-ad20-70536dd2907f",
  "programUUID" : "076ddb2d-a499-4314-af95-4178553d279b",
  "encounterTypeUUID" : "e9971396-b74f-411c-956d-da44073922f5",
  "subjectTypeUUID" : "9f2af1f9-e150-4f8e-aad3-40bb7eb05aa3",
  "formType" : "ProgramEncounterCancellation",
  "formName" : "Default Program Encounter Cancellation Form",
  "enableApproval" : false
}, {
  "uuid" : "ad7f68a4-50cf-4299-8c77-d222f724e497",
  "id" : 42724,
  "formUUID" : "aac5c57a-aa01-49bb-ad20-70536dd2907f",
  "programUUID" : "352d906c-b386-496c-ba23-91b1468a5613",
  "encounterTypeUUID" : "330d954c-ab5f-4ea1-be8b-ba26a12bdfbc",
  "subjectTypeUUID" : "9f2af1f9-e150-4f8e-aad3-40bb7eb05aa3",
  "formType" : "ProgramEncounterCancellation",
  "formName" : "Default Program Encounter Cancellation Form",
  "enableApproval" : false
}, {
  "uuid" : "eccf497d-392a-41ad-b59a-fbb6c5bf56f1",
  "id" : 42725,
  "formUUID" : "aac5c57a-aa01-49bb-ad20-70536dd2907f",
  "programUUID" : "352d906c-b386-496c-ba23-91b1468a5613",
  "encounterTypeUUID" : "1f07ae8c-faa4-4934-8e06-9038e62fc2ac",
  "subjectTypeUUID" : "9f2af1f9-e150-4f8e-aad3-40bb7eb05aa3",
  "formType" : "ProgramEncounterCancellation",
  "formName" : "Default Program Encounter Cancellation Form",
  "enableApproval" : false
}, {
  "uuid" : "dcb2ad8d-ff23-406d-a07f-7a773c03f8c5",
  "id" : 42726,
  "formUUID" : "aac5c57a-aa01-49bb-ad20-70536dd2907f",
  "programUUID" : "352d906c-b386-496c-ba23-91b1468a5613",
  "encounterTypeUUID" : "02c72b2b-19f0-4f75-b734-dcad5601881b",
  "subjectTypeUUID" : "9f2af1f9-e150-4f8e-aad3-40bb7eb05aa3",
  "formType" : "ProgramEncounterCancellation",
  "formName" : "Default Program Encounter Cancellation Form",
  "enableApproval" : false
}, {
  "uuid" : "4c6ec7c8-0f8a-4a66-87ca-16eea5e91a6b",
  "id" : 42727,
  "formUUID" : "aac5c57a-aa01-49bb-ad20-70536dd2907f",
  "programUUID" : "352d906c-b386-496c-ba23-91b1468a5613",
  "encounterTypeUUID" : "63486b57-67b9-4236-b36c-e7bbe5ac0411",
  "subjectTypeUUID" : "9f2af1f9-e150-4f8e-aad3-40bb7eb05aa3",
  "formType" : "ProgramEncounterCancellation",
  "formName" : "Default Program Encounter Cancellation Form",
  "enableApproval" : false
}, {
  "uuid" : "13e42b3a-2305-4a13-bcf7-3e13e304f4b8",
  "id" : 42728,
  "formUUID" : "da8e05eb-68cf-42b7-a65c-8f562f67f9c5",
  "programUUID" : "352d906c-b386-496c-ba23-91b1468a5613",
  "encounterTypeUUID" : "bbfb11f4-3cb2-4dd2-ad32-8a5455b56230",
  "subjectTypeUUID" : "9f2af1f9-e150-4f8e-aad3-40bb7eb05aa3",
  "formType" : "ProgramEncounter",
  "formName" : "Test Visit don't use Encounter",
  "enableApproval" : false,
  "voided" : true
}, {
  "uuid" : "ef9fabfa-1624-4751-ba64-f3a2ec8b190c",
  "id" : 42729,
  "formUUID" : "3aad29ee-fe3b-4609-ad67-be6e13e36f2c",
  "programUUID" : "352d906c-b386-496c-ba23-91b1468a5613",
  "encounterTypeUUID" : "bbfb11f4-3cb2-4dd2-ad32-8a5455b56230",
  "subjectTypeUUID" : "9f2af1f9-e150-4f8e-aad3-40bb7eb05aa3",
  "formType" : "ProgramEncounterCancellation",
  "formName" : "Test Visit don't use Encounter Cancellation",
  "enableApproval" : false,
  "voided" : true
}, {
  "uuid" : "aa25bed6-31c2-4728-9cb8-dca81215ae5f",
  "id" : 42730,
  "formUUID" : "3aad29ee-fe3b-4609-ad67-be6e13e36f2c",
  "programUUID" : "076ddb2d-a499-4314-af95-4178553d279b",
  "encounterTypeUUID" : "bbfb11f4-3cb2-4dd2-ad32-8a5455b56230",
  "subjectTypeUUID" : "9f2af1f9-e150-4f8e-aad3-40bb7eb05aa3",
  "formType" : "ProgramEncounterCancellation",
  "formName" : "Test Visit don't use Encounter Cancellation",
  "enableApproval" : false,
  "voided" : true
} ]