[ {
  "uuid" : "1a5949bc-b485-40fb-9227-396c585feae7",
  "id" : 1982,
  "name" : "Everyone",
  "notEveryoneGroup" : false
}, {
  "uuid" : "71407aa9-2d01-4e96-8b58-dfb9c3d05d38",
  "id" : 1984,
  "name" : "Test group"
}, {
  "uuid" : "92b7b315-71b9-4248-9856-e3c2cbe4980e",
  "id" : 1985,
  "name" : "Field staff"
}, {
  "uuid" : "a4d50fb5-a077-4609-81b1-6f58e3e93300",
  "id" : 1986,
  "name" : "System users"
}, {
  "uuid" : "35b185f4-75c8-453d-b151-0a385fc85ee9",
  "id" : 1987,
  "name" : "AllPermissions"
} ]