[ {
  "uuid" : "e88d90ce-33d2-4768-8bb8-b2095b048134",
  "groupUUID" : "92b7b315-71b9-4248-9856-e3c2cbe4980e",
  "privilegeUUID" : "a5899d5a-7a9b-4cba-88dd-20167411787c",
  "allow" : false,
  "notEveryoneGroup" : true,
  "voided" : false
}, {
  "uuid" : "d94f5f05-0a53-47da-ba82-1fe45c039b63",
  "groupUUID" : "92b7b315-71b9-4248-9856-e3c2cbe4980e",
  "privilegeUUID" : "450a83ed-0e49-4b4c-8b8c-2dbfebcd7e5d",
  "subjectTypeUUID" : "9f2af1f9-e150-4f8e-aad3-40bb7eb05aa3",
  "checklistDetailUUID" : "8feb5a65-ad3d-4a1f-91d1-44a561995b09",
  "allow" : true,
  "notEveryoneGroup" : true,
  "voided" : false
}, {
  "uuid" : "faeb8c8f-2811-4670-a965-b131dde65bd8",
  "groupUUID" : "92b7b315-71b9-4248-9856-e3c2cbe4980e",
  "privilegeUUID" : "67410e50-8b40-4735-bfb4-135b13580027",
  "subjectTypeUUID" : "9f2af1f9-e150-4f8e-aad3-40bb7eb05aa3",
  "allow" : true,
  "notEveryoneGroup" : true,
  "voided" : false
}, {
  "uuid" : "6b621280-b2cb-4549-9e08-e4d9f13a6689",
  "groupUUID" : "92b7b315-71b9-4248-9856-e3c2cbe4980e",
  "privilegeUUID" : "67410e50-8b40-4735-bfb4-135b13580027",
  "subjectTypeUUID" : "360606c2-3514-4848-8e7e-8b5830325130",
  "allow" : false,
  "notEveryoneGroup" : true,
  "voided" : false
}, {
  "uuid" : "b77b76d5-8955-4f76-a415-65125da45daf",
  "groupUUID" : "1a5949bc-b485-40fb-9227-396c585feae7",
  "privilegeUUID" : "67410e50-8b40-4735-bfb4-135b13580027",
  "subjectTypeUUID" : "9f2af1f9-e150-4f8e-aad3-40bb7eb05aa3",
  "allow" : true,
  "notEveryoneGroup" : false,
  "voided" : false
}, {
  "uuid" : "faabfde6-1fb0-449b-981e-6ba5cfb21589",
  "groupUUID" : "92b7b315-71b9-4248-9856-e3c2cbe4980e",
  "privilegeUUID" : "db791f27-0c04-4060-8938-6f18fb4069ee",
  "subjectTypeUUID" : "360606c2-3514-4848-8e7e-8b5830325130",
  "allow" : false,
  "notEveryoneGroup" : true,
  "voided" : false
}, {
  "uuid" : "0601e5e0-08a5-4672-a4e0-bbefddeaa3ff",
  "groupUUID" : "92b7b315-71b9-4248-9856-e3c2cbe4980e",
  "privilegeUUID" : "088a30ca-9ce2-4ab3-a517-e249cc43a4bf",
  "subjectTypeUUID" : "360606c2-3514-4848-8e7e-8b5830325130",
  "allow" : false,
  "notEveryoneGroup" : true,
  "voided" : false
}, {
  "uuid" : "e40a741f-445e-4c8b-92f4-239b4c3973bf",
  "groupUUID" : "92b7b315-71b9-4248-9856-e3c2cbe4980e",
  "privilegeUUID" : "37ae14f9-e6ac-4d24-951a-e457b0cdcf00",
  "subjectTypeUUID" : "360606c2-3514-4848-8e7e-8b5830325130",
  "allow" : false,
  "notEveryoneGroup" : true,
  "voided" : false
}, {
  "uuid" : "166c7460-2f95-4548-947b-3d4f0adb875b",
  "groupUUID" : "92b7b315-71b9-4248-9856-e3c2cbe4980e",
  "privilegeUUID" : "46c3aa38-1ef5-4639-a406-d0b4f9bcb420",
  "subjectTypeUUID" : "360606c2-3514-4848-8e7e-8b5830325130",
  "allow" : false,
  "notEveryoneGroup" : true,
  "voided" : false
}, {
  "uuid" : "53f702ee-0e9c-486a-a397-0bc24ef48587",
  "groupUUID" : "35b185f4-75c8-453d-b151-0a385fc85ee9",
  "privilegeUUID" : "67410e50-8b40-4735-bfb4-135b13580027",
  "subjectTypeUUID" : "bc0a4ae3-77b3-4620-81c4-2d02d1c62280",
  "allow" : true,
  "notEveryoneGroup" : true,
  "voided" : false
}, {
  "uuid" : "307c1766-3da8-48f1-97ce-f5df0293b29e",
  "groupUUID" : "35b185f4-75c8-453d-b151-0a385fc85ee9",
  "privilegeUUID" : "46c3aa38-1ef5-4639-a406-d0b4f9bcb420",
  "subjectTypeUUID" : "bc0a4ae3-77b3-4620-81c4-2d02d1c62280",
  "allow" : false,
  "notEveryoneGroup" : true,
  "voided" : false
}, {
  "uuid" : "85df21c7-9c5a-49fd-8cfd-02ded7c11b53",
  "groupUUID" : "35b185f4-75c8-453d-b151-0a385fc85ee9",
  "privilegeUUID" : "db791f27-0c04-4060-8938-6f18fb4069ee",
  "subjectTypeUUID" : "bc0a4ae3-77b3-4620-81c4-2d02d1c62280",
  "allow" : false,
  "notEveryoneGroup" : true,
  "voided" : false
}, {
  "uuid" : "dff546bb-8a0a-4142-9060-c71d2a12a624",
  "groupUUID" : "35b185f4-75c8-453d-b151-0a385fc85ee9",
  "privilegeUUID" : "088a30ca-9ce2-4ab3-a517-e249cc43a4bf",
  "subjectTypeUUID" : "bc0a4ae3-77b3-4620-81c4-2d02d1c62280",
  "allow" : false,
  "notEveryoneGroup" : true,
  "voided" : false
}, {
  "uuid" : "73423e0e-e474-47bb-823e-f3c10553cb90",
  "groupUUID" : "35b185f4-75c8-453d-b151-0a385fc85ee9",
  "privilegeUUID" : "37ae14f9-e6ac-4d24-951a-e457b0cdcf00",
  "subjectTypeUUID" : "bc0a4ae3-77b3-4620-81c4-2d02d1c62280",
  "allow" : false,
  "notEveryoneGroup" : true,
  "voided" : false
}, {
  "uuid" : "e0a477a8-1fe0-421a-9c0b-f3fc3890c8c8",
  "groupUUID" : "35b185f4-75c8-453d-b151-0a385fc85ee9",
  "privilegeUUID" : "67410e50-8b40-4735-bfb4-135b13580027",
  "subjectTypeUUID" : "07d0e5b8-0dad-4469-9623-10278261f829",
  "allow" : true,
  "notEveryoneGroup" : true,
  "voided" : false
}, {
  "uuid" : "0e6d5fb5-eb6e-4cad-b85d-790d6a6acc68",
  "groupUUID" : "35b185f4-75c8-453d-b151-0a385fc85ee9",
  "privilegeUUID" : "46c3aa38-1ef5-4639-a406-d0b4f9bcb420",
  "subjectTypeUUID" : "07d0e5b8-0dad-4469-9623-10278261f829",
  "allow" : true,
  "notEveryoneGroup" : true,
  "voided" : false
}, {
  "uuid" : "899fad4e-3eb1-4858-a5ab-641a072e4d14",
  "groupUUID" : "a4d50fb5-a077-4609-81b1-6f58e3e93300",
  "privilegeUUID" : "67410e50-8b40-4735-bfb4-135b13580027",
  "subjectTypeUUID" : "07d0e5b8-0dad-4469-9623-10278261f829",
  "allow" : true,
  "notEveryoneGroup" : true,
  "voided" : false
}, {
  "uuid" : "db78a9d2-25bb-4291-b4a9-932253bce9a5",
  "groupUUID" : "a4d50fb5-a077-4609-81b1-6f58e3e93300",
  "privilegeUUID" : "db791f27-0c04-4060-8938-6f18fb4069ee",
  "subjectTypeUUID" : "07d0e5b8-0dad-4469-9623-10278261f829",
  "allow" : false,
  "notEveryoneGroup" : true,
  "voided" : false
}, {
  "uuid" : "998e2f92-5970-44d0-9a73-2b3824d57472",
  "groupUUID" : "a4d50fb5-a077-4609-81b1-6f58e3e93300",
  "privilegeUUID" : "46c3aa38-1ef5-4639-a406-d0b4f9bcb420",
  "subjectTypeUUID" : "07d0e5b8-0dad-4469-9623-10278261f829",
  "allow" : false,
  "notEveryoneGroup" : true,
  "voided" : false
}, {
  "uuid" : "f55363ab-fd41-43fe-8100-974081168cec",
  "groupUUID" : "a4d50fb5-a077-4609-81b1-6f58e3e93300",
  "privilegeUUID" : "088a30ca-9ce2-4ab3-a517-e249cc43a4bf",
  "subjectTypeUUID" : "07d0e5b8-0dad-4469-9623-10278261f829",
  "allow" : true,
  "notEveryoneGroup" : true,
  "voided" : false
}, {
  "uuid" : "ef18bf1a-8a84-43b3-862d-068facd6be18",
  "groupUUID" : "a4d50fb5-a077-4609-81b1-6f58e3e93300",
  "privilegeUUID" : "67410e50-8b40-4735-bfb4-135b13580027",
  "subjectTypeUUID" : "461abfde-8767-41f3-993e-b68599999f07",
  "allow" : true,
  "notEveryoneGroup" : true,
  "voided" : false
}, {
  "uuid" : "cde25b84-6030-4592-aa88-a26d92fe8eaa",
  "groupUUID" : "a4d50fb5-a077-4609-81b1-6f58e3e93300",
  "privilegeUUID" : "088a30ca-9ce2-4ab3-a517-e249cc43a4bf",
  "subjectTypeUUID" : "461abfde-8767-41f3-993e-b68599999f07",
  "allow" : true,
  "notEveryoneGroup" : true,
  "voided" : false
}, {
  "uuid" : "2d767a07-31f4-40c9-bfa6-801f8bf43a4d",
  "groupUUID" : "a4d50fb5-a077-4609-81b1-6f58e3e93300",
  "privilegeUUID" : "67410e50-8b40-4735-bfb4-135b13580027",
  "subjectTypeUUID" : "07df088a-7924-461d-9a9b-24a29d43813b",
  "allow" : true,
  "notEveryoneGroup" : true,
  "voided" : false
}, {
  "uuid" : "45269adb-e58a-4ae2-b6f9-ad0b93e80738",
  "groupUUID" : "a4d50fb5-a077-4609-81b1-6f58e3e93300",
  "privilegeUUID" : "088a30ca-9ce2-4ab3-a517-e249cc43a4bf",
  "subjectTypeUUID" : "07df088a-7924-461d-9a9b-24a29d43813b",
  "allow" : true,
  "notEveryoneGroup" : true,
  "voided" : false
}, {
  "uuid" : "d6a61764-d957-4b5d-b3eb-bb219d4c40f2",
  "groupUUID" : "a4d50fb5-a077-4609-81b1-6f58e3e93300",
  "privilegeUUID" : "67410e50-8b40-4735-bfb4-135b13580027",
  "subjectTypeUUID" : "bc0a4ae3-77b3-4620-81c4-2d02d1c62280",
  "allow" : true,
  "notEveryoneGroup" : true,
  "voided" : false
}, {
  "uuid" : "757610ab-c352-40c5-bbed-a8a28cab1be3",
  "groupUUID" : "a4d50fb5-a077-4609-81b1-6f58e3e93300",
  "privilegeUUID" : "088a30ca-9ce2-4ab3-a517-e249cc43a4bf",
  "subjectTypeUUID" : "bc0a4ae3-77b3-4620-81c4-2d02d1c62280",
  "allow" : true,
  "notEveryoneGroup" : true,
  "voided" : false
}, {
  "uuid" : "64e2236d-dfeb-4e8c-8ef7-36c7f6903732",
  "groupUUID" : "a4d50fb5-a077-4609-81b1-6f58e3e93300",
  "privilegeUUID" : "67410e50-8b40-4735-bfb4-135b13580027",
  "subjectTypeUUID" : "360606c2-3514-4848-8e7e-8b5830325130",
  "allow" : true,
  "notEveryoneGroup" : true,
  "voided" : false
}, {
  "uuid" : "989f8d21-bcbd-45b4-b965-e89170841728",
  "groupUUID" : "a4d50fb5-a077-4609-81b1-6f58e3e93300",
  "privilegeUUID" : "088a30ca-9ce2-4ab3-a517-e249cc43a4bf",
  "subjectTypeUUID" : "360606c2-3514-4848-8e7e-8b5830325130",
  "allow" : true,
  "notEveryoneGroup" : true,
  "voided" : false
}, {
  "uuid" : "2588a7f4-b7cb-42c4-a003-2498a7e45f48",
  "groupUUID" : "35b185f4-75c8-453d-b151-0a385fc85ee9",
  "privilegeUUID" : "98858b47-db1d-450b-86ed-e8cf592beb9c",
  "allow" : false,
  "notEveryoneGroup" : true,
  "voided" : false
}, {
  "uuid" : "a0fda79a-83f5-47f4-a8dd-4f2b840815a0",
  "groupUUID" : "35b185f4-75c8-453d-b151-0a385fc85ee9",
  "privilegeUUID" : "450a83ed-0e49-4b4c-8b8c-2dbfebcd7e5d",
  "checklistDetailUUID" : "8feb5a65-ad3d-4a1f-91d1-44a561995b09",
  "allow" : true,
  "notEveryoneGroup" : true,
  "voided" : false
}, {
  "uuid" : "da8181a1-1e09-4729-8431-a6a4808b6174",
  "groupUUID" : "35b185f4-75c8-453d-b151-0a385fc85ee9",
  "privilegeUUID" : "79bcebce-4177-471d-8f0d-5558fbd91b76",
  "checklistDetailUUID" : "8feb5a65-ad3d-4a1f-91d1-44a561995b09",
  "allow" : true,
  "notEveryoneGroup" : true,
  "voided" : false
}, {
  "uuid" : "9d53342c-9e30-4783-94a9-98a831e18d08",
  "groupUUID" : "35b185f4-75c8-453d-b151-0a385fc85ee9",
  "privilegeUUID" : "9635465c-f0bb-4b10-8cf9-eda181fe7a4f",
  "checklistDetailUUID" : "8feb5a65-ad3d-4a1f-91d1-44a561995b09",
  "allow" : true,
  "notEveryoneGroup" : true,
  "voided" : false
}, {
  "uuid" : "ceec6b9f-0bb9-49d3-a8e1-b2a0c04e9540",
  "groupUUID" : "1a5949bc-b485-40fb-9227-396c585feae7",
  "privilegeUUID" : "46c3aa38-1ef5-4639-a406-d0b4f9bcb420",
  "subjectTypeUUID" : "9f2af1f9-e150-4f8e-aad3-40bb7eb05aa3",
  "allow" : true,
  "notEveryoneGroup" : false,
  "voided" : false
}, {
  "uuid" : "92dc4aac-73d9-4f32-97cc-a6ab78e4d35e",
  "groupUUID" : "1a5949bc-b485-40fb-9227-396c585feae7",
  "privilegeUUID" : "db791f27-0c04-4060-8938-6f18fb4069ee",
  "subjectTypeUUID" : "9f2af1f9-e150-4f8e-aad3-40bb7eb05aa3",
  "allow" : true,
  "notEveryoneGroup" : false,
  "voided" : false
}, {
  "uuid" : "e9ab0b15-40ad-4bf3-a7a7-d07c00687801",
  "groupUUID" : "1a5949bc-b485-40fb-9227-396c585feae7",
  "privilegeUUID" : "088a30ca-9ce2-4ab3-a517-e249cc43a4bf",
  "subjectTypeUUID" : "9f2af1f9-e150-4f8e-aad3-40bb7eb05aa3",
  "allow" : true,
  "notEveryoneGroup" : false,
  "voided" : false
}, {
  "uuid" : "9c66147a-e2e8-4096-889a-8ec2ad6e503d",
  "groupUUID" : "1a5949bc-b485-40fb-9227-396c585feae7",
  "privilegeUUID" : "020c5e18-01f0-469a-8a4a-e27cbc2a2292",
  "subjectTypeUUID" : "9f2af1f9-e150-4f8e-aad3-40bb7eb05aa3",
  "programUUID" : "5103e1e2-a4df-498b-818d-61df4db3fb97",
  "allow" : true,
  "notEveryoneGroup" : false,
  "voided" : false
}, {
  "uuid" : "b48f5ab9-ca2d-4dbf-83f2-88502ed40588",
  "groupUUID" : "1a5949bc-b485-40fb-9227-396c585feae7",
  "privilegeUUID" : "583188ff-cd10-4615-9e22-000ce0bc6d80",
  "subjectTypeUUID" : "9f2af1f9-e150-4f8e-aad3-40bb7eb05aa3",
  "programUUID" : "5103e1e2-a4df-498b-818d-61df4db3fb97",
  "allow" : true,
  "notEveryoneGroup" : false,
  "voided" : false
}, {
  "uuid" : "cd56e63d-6705-4c82-ac61-960e08c5dce9",
  "groupUUID" : "1a5949bc-b485-40fb-9227-396c585feae7",
  "privilegeUUID" : "a1dcc42f-eed4-4baf-807a-4f6e238f1cba",
  "subjectTypeUUID" : "9f2af1f9-e150-4f8e-aad3-40bb7eb05aa3",
  "programUUID" : "5103e1e2-a4df-498b-818d-61df4db3fb97",
  "allow" : true,
  "notEveryoneGroup" : false,
  "voided" : false
}, {
  "uuid" : "2e356b33-fcf5-4921-b7a1-7dbff005cca4",
  "groupUUID" : "1a5949bc-b485-40fb-9227-396c585feae7",
  "privilegeUUID" : "bd419d1e-cfc6-4607-8cad-38871721115d",
  "subjectTypeUUID" : "9f2af1f9-e150-4f8e-aad3-40bb7eb05aa3",
  "programUUID" : "5103e1e2-a4df-498b-818d-61df4db3fb97",
  "allow" : true,
  "notEveryoneGroup" : false,
  "voided" : false
}, {
  "uuid" : "d9ec113b-dce1-41ce-b48b-c219c49068c9",
  "groupUUID" : "1a5949bc-b485-40fb-9227-396c585feae7",
  "privilegeUUID" : "98858b47-db1d-450b-86ed-e8cf592beb9c",
  "allow" : false,
  "notEveryoneGroup" : false,
  "voided" : false
}, {
  "uuid" : "4d031fc0-3f39-4c2c-9a71-3dda3a31fe8c",
  "groupUUID" : "1a5949bc-b485-40fb-9227-396c585feae7",
  "privilegeUUID" : "b52e5625-3176-4108-93fa-9341e019d9b4",
  "allow" : false,
  "notEveryoneGroup" : false,
  "voided" : false
}, {
  "uuid" : "a05a8fe6-ad08-4c3f-a873-f4036189a487",
  "groupUUID" : "1a5949bc-b485-40fb-9227-396c585feae7",
  "privilegeUUID" : "7b81a2c1-d373-4859-a4b7-ffc7f2039a93",
  "allow" : false,
  "notEveryoneGroup" : false,
  "voided" : false
}, {
  "uuid" : "60d0b61c-542f-4a06-97be-80e92ef3235c",
  "groupUUID" : "1a5949bc-b485-40fb-9227-396c585feae7",
  "privilegeUUID" : "e491db17-da8a-4ecd-82b1-9cd9921d7c72",
  "allow" : false,
  "notEveryoneGroup" : false,
  "voided" : false
}, {
  "uuid" : "0d3e979b-a59e-486f-87ab-c824870a8404",
  "groupUUID" : "1a5949bc-b485-40fb-9227-396c585feae7",
  "privilegeUUID" : "fc03c90d-6dd4-4067-9096-4e1b3c800270",
  "allow" : false,
  "notEveryoneGroup" : false,
  "voided" : false
}, {
  "uuid" : "a8485cb8-8420-45de-a57a-a0861e8481b8",
  "groupUUID" : "1a5949bc-b485-40fb-9227-396c585feae7",
  "privilegeUUID" : "c814bcf3-4739-48d8-8dae-375df72ee468",
  "allow" : false,
  "notEveryoneGroup" : false,
  "voided" : false
}, {
  "uuid" : "97cfe57e-b64b-403f-80c2-98ac876fd5cb",
  "groupUUID" : "1a5949bc-b485-40fb-9227-396c585feae7",
  "privilegeUUID" : "f042823e-dbed-44dc-b3d7-a4dd342d883e",
  "allow" : false,
  "notEveryoneGroup" : false,
  "voided" : false
}, {
  "uuid" : "7b2f9337-17eb-404c-bfac-17b0473edf8c",
  "groupUUID" : "1a5949bc-b485-40fb-9227-396c585feae7",
  "privilegeUUID" : "df745841-79e6-4d6e-a04d-f2379449a318",
  "allow" : false,
  "notEveryoneGroup" : false,
  "voided" : false
}, {
  "uuid" : "3a914e4d-bf85-4a97-a243-ea2a3728ab2f",
  "groupUUID" : "1a5949bc-b485-40fb-9227-396c585feae7",
  "privilegeUUID" : "6a687443-8640-4ea7-9df5-7af17e4f3bd9",
  "allow" : false,
  "notEveryoneGroup" : false,
  "voided" : false
}, {
  "uuid" : "1e3d38ef-4da6-48d6-99fc-701739789a31",
  "groupUUID" : "1a5949bc-b485-40fb-9227-396c585feae7",
  "privilegeUUID" : "2ebe6ce5-77fa-491c-a629-f1fc46d87557",
  "allow" : false,
  "notEveryoneGroup" : false,
  "voided" : false
}, {
  "uuid" : "de769d75-f54b-4c3e-8513-0f497e49fe50",
  "groupUUID" : "1a5949bc-b485-40fb-9227-396c585feae7",
  "privilegeUUID" : "ee51fb36-8712-4125-8693-5c524bd75327",
  "allow" : false,
  "notEveryoneGroup" : false,
  "voided" : false
}, {
  "uuid" : "a93c30cf-300d-42ce-8bf1-416975a7d4a2",
  "groupUUID" : "1a5949bc-b485-40fb-9227-396c585feae7",
  "privilegeUUID" : "dd436429-7b9c-4350-bfeb-754717d553ff",
  "allow" : false,
  "notEveryoneGroup" : false,
  "voided" : false
}, {
  "uuid" : "00d777fd-fde8-4e69-afcc-72622a88f594",
  "groupUUID" : "1a5949bc-b485-40fb-9227-396c585feae7",
  "privilegeUUID" : "450a83ed-0e49-4b4c-8b8c-2dbfebcd7e5d",
  "checklistDetailUUID" : "8feb5a65-ad3d-4a1f-91d1-44a561995b09",
  "allow" : true,
  "notEveryoneGroup" : false,
  "voided" : false
}, {
  "uuid" : "773425db-66ec-456f-8e72-3c56a6454707",
  "groupUUID" : "1a5949bc-b485-40fb-9227-396c585feae7",
  "privilegeUUID" : "79bcebce-4177-471d-8f0d-5558fbd91b76",
  "checklistDetailUUID" : "8feb5a65-ad3d-4a1f-91d1-44a561995b09",
  "allow" : true,
  "notEveryoneGroup" : false,
  "voided" : false
}, {
  "uuid" : "717984b3-6eb2-4001-a457-abf6f0cca711",
  "groupUUID" : "1a5949bc-b485-40fb-9227-396c585feae7",
  "privilegeUUID" : "9635465c-f0bb-4b10-8cf9-eda181fe7a4f",
  "checklistDetailUUID" : "8feb5a65-ad3d-4a1f-91d1-44a561995b09",
  "allow" : true,
  "notEveryoneGroup" : false,
  "voided" : false
}, {
  "uuid" : "25a201aa-b374-4c13-8732-e93a02823abd",
  "groupUUID" : "1a5949bc-b485-40fb-9227-396c585feae7",
  "privilegeUUID" : "54654e97-acb6-4a89-8754-82a56af93f37",
  "checklistDetailUUID" : "8feb5a65-ad3d-4a1f-91d1-44a561995b09",
  "allow" : true,
  "notEveryoneGroup" : false,
  "voided" : false
}, {
  "uuid" : "8dfb11bd-8ab3-47ee-ab3c-195d8c05c017",
  "groupUUID" : "35b185f4-75c8-453d-b151-0a385fc85ee9",
  "privilegeUUID" : "54654e97-acb6-4a89-8754-82a56af93f37",
  "checklistDetailUUID" : "8feb5a65-ad3d-4a1f-91d1-44a561995b09",
  "allow" : true,
  "notEveryoneGroup" : true,
  "voided" : false
}, {
  "uuid" : "bfae0a9a-c082-4610-afe2-b45000faac88",
  "groupUUID" : "71407aa9-2d01-4e96-8b58-dfb9c3d05d38",
  "privilegeUUID" : "a5899d5a-7a9b-4cba-88dd-20167411787c",
  "allow" : true,
  "notEveryoneGroup" : true,
  "voided" : false
}, {
  "uuid" : "c4ef7994-cb22-4687-a0ee-9783b762bc9c",
  "groupUUID" : "a4d50fb5-a077-4609-81b1-6f58e3e93300",
  "privilegeUUID" : "a5899d5a-7a9b-4cba-88dd-20167411787c",
  "allow" : true,
  "notEveryoneGroup" : true,
  "voided" : false
}, {
  "uuid" : "5b060423-7eb9-47dd-90e2-5f3c438a92cc",
  "groupUUID" : "35b185f4-75c8-453d-b151-0a385fc85ee9",
  "privilegeUUID" : "a5899d5a-7a9b-4cba-88dd-20167411787c",
  "allow" : true,
  "notEveryoneGroup" : true,
  "voided" : false
}, {
  "uuid" : "de0d5455-c76e-40e8-8550-086852e0308f",
  "groupUUID" : "1a5949bc-b485-40fb-9227-396c585feae7",
  "privilegeUUID" : "450a83ed-0e49-4b4c-8b8c-2dbfebcd7e5d",
  "subjectTypeUUID" : "9f2af1f9-e150-4f8e-aad3-40bb7eb05aa3",
  "checklistDetailUUID" : "8feb5a65-ad3d-4a1f-91d1-44a561995b09",
  "allow" : true,
  "notEveryoneGroup" : false,
  "voided" : false
}, {
  "uuid" : "81817871-5070-4044-a23d-b3d2441d18db",
  "groupUUID" : "1a5949bc-b485-40fb-9227-396c585feae7",
  "privilegeUUID" : "020c5e18-01f0-469a-8a4a-e27cbc2a2292",
  "subjectTypeUUID" : "9f2af1f9-e150-4f8e-aad3-40bb7eb05aa3",
  "programUUID" : "076ddb2d-a499-4314-af95-4178553d279b",
  "allow" : true,
  "notEveryoneGroup" : false,
  "voided" : false
}, {
  "uuid" : "960fdc5e-d821-49dc-a95e-06fdda2ab943",
  "groupUUID" : "1a5949bc-b485-40fb-9227-396c585feae7",
  "privilegeUUID" : "583188ff-cd10-4615-9e22-000ce0bc6d80",
  "subjectTypeUUID" : "9f2af1f9-e150-4f8e-aad3-40bb7eb05aa3",
  "programUUID" : "076ddb2d-a499-4314-af95-4178553d279b",
  "allow" : true,
  "notEveryoneGroup" : false,
  "voided" : false
}, {
  "uuid" : "a0d2e00c-c72d-409b-b4fb-b5e9bdf99a33",
  "groupUUID" : "1a5949bc-b485-40fb-9227-396c585feae7",
  "privilegeUUID" : "a1dcc42f-eed4-4baf-807a-4f6e238f1cba",
  "subjectTypeUUID" : "9f2af1f9-e150-4f8e-aad3-40bb7eb05aa3",
  "programUUID" : "076ddb2d-a499-4314-af95-4178553d279b",
  "allow" : true,
  "notEveryoneGroup" : false,
  "voided" : false
}, {
  "uuid" : "9193b9b3-357d-46f1-993e-5d836123f230",
  "groupUUID" : "1a5949bc-b485-40fb-9227-396c585feae7",
  "privilegeUUID" : "bd419d1e-cfc6-4607-8cad-38871721115d",
  "subjectTypeUUID" : "9f2af1f9-e150-4f8e-aad3-40bb7eb05aa3",
  "programUUID" : "076ddb2d-a499-4314-af95-4178553d279b",
  "allow" : true,
  "notEveryoneGroup" : false,
  "voided" : false
}, {
  "uuid" : "b447146c-9671-4fea-9be6-58c92f03cad5",
  "groupUUID" : "1a5949bc-b485-40fb-9227-396c585feae7",
  "privilegeUUID" : "020c5e18-01f0-469a-8a4a-e27cbc2a2292",
  "subjectTypeUUID" : "9f2af1f9-e150-4f8e-aad3-40bb7eb05aa3",
  "programUUID" : "352d906c-b386-496c-ba23-91b1468a5613",
  "allow" : true,
  "notEveryoneGroup" : false,
  "voided" : false
}, {
  "uuid" : "cb883f02-4b2b-4fd0-ad64-6a924f3e33f3",
  "groupUUID" : "1a5949bc-b485-40fb-9227-396c585feae7",
  "privilegeUUID" : "583188ff-cd10-4615-9e22-000ce0bc6d80",
  "subjectTypeUUID" : "9f2af1f9-e150-4f8e-aad3-40bb7eb05aa3",
  "programUUID" : "352d906c-b386-496c-ba23-91b1468a5613",
  "allow" : true,
  "notEveryoneGroup" : false,
  "voided" : false
}, {
  "uuid" : "68b6c353-87fc-4424-98fc-1dae9125fd0c",
  "groupUUID" : "1a5949bc-b485-40fb-9227-396c585feae7",
  "privilegeUUID" : "a1dcc42f-eed4-4baf-807a-4f6e238f1cba",
  "subjectTypeUUID" : "9f2af1f9-e150-4f8e-aad3-40bb7eb05aa3",
  "programUUID" : "352d906c-b386-496c-ba23-91b1468a5613",
  "allow" : true,
  "notEveryoneGroup" : false,
  "voided" : false
}, {
  "uuid" : "9e7f400e-1521-4aaf-a7ac-6b5716a9fe3c",
  "groupUUID" : "1a5949bc-b485-40fb-9227-396c585feae7",
  "privilegeUUID" : "bd419d1e-cfc6-4607-8cad-38871721115d",
  "subjectTypeUUID" : "9f2af1f9-e150-4f8e-aad3-40bb7eb05aa3",
  "programUUID" : "352d906c-b386-496c-ba23-91b1468a5613",
  "allow" : true,
  "notEveryoneGroup" : false,
  "voided" : false
}, {
  "uuid" : "3476e846-3bf4-47d0-a861-357bcb570990",
  "groupUUID" : "1a5949bc-b485-40fb-9227-396c585feae7",
  "privilegeUUID" : "79bcebce-4177-471d-8f0d-5558fbd91b76",
  "subjectTypeUUID" : "9f2af1f9-e150-4f8e-aad3-40bb7eb05aa3",
  "checklistDetailUUID" : "8feb5a65-ad3d-4a1f-91d1-44a561995b09",
  "allow" : true,
  "notEveryoneGroup" : false,
  "voided" : false
}, {
  "uuid" : "dbaeb52c-43c9-44cc-bfb4-fbc0d6d6f231",
  "groupUUID" : "1a5949bc-b485-40fb-9227-396c585feae7",
  "privilegeUUID" : "8b335ec5-e42c-425b-ab1c-ba549a19a3f2",
  "allow" : false,
  "notEveryoneGroup" : false,
  "voided" : false
}, {
  "uuid" : "63caf1db-c264-4f4f-8d13-ee5c59871420",
  "groupUUID" : "1a5949bc-b485-40fb-9227-396c585feae7",
  "privilegeUUID" : "d8ce88f8-c965-42c9-bed1-1f3a188b25b4",
  "allow" : false,
  "notEveryoneGroup" : false,
  "voided" : false
}, {
  "uuid" : "554da880-2094-47bc-af31-25d64cd8e4d6",
  "groupUUID" : "1a5949bc-b485-40fb-9227-396c585feae7",
  "privilegeUUID" : "9091283d-19fe-4bfd-8db6-c662575747c0",
  "allow" : false,
  "notEveryoneGroup" : false,
  "voided" : false
}, {
  "uuid" : "1457ef01-0523-47b7-8d42-46a867ca41b8",
  "groupUUID" : "1a5949bc-b485-40fb-9227-396c585feae7",
  "privilegeUUID" : "911a5dcf-eacd-45e0-a1c4-e65802c11e0d",
  "allow" : false,
  "notEveryoneGroup" : false,
  "voided" : false
}, {
  "uuid" : "dacb90d7-1f57-4c7d-a95d-d3ad17fc097f",
  "groupUUID" : "1a5949bc-b485-40fb-9227-396c585feae7",
  "privilegeUUID" : "0d3e10d7-6e19-4652-9d47-2836210d5f7f",
  "allow" : false,
  "notEveryoneGroup" : false,
  "voided" : false
}, {
  "uuid" : "ae108336-4d4f-4332-a643-133e325ca751",
  "groupUUID" : "1a5949bc-b485-40fb-9227-396c585feae7",
  "privilegeUUID" : "59fbf0a4-cb92-45d7-9ec8-fe382ad504ba",
  "allow" : false,
  "notEveryoneGroup" : false,
  "voided" : false
}, {
  "uuid" : "861a4e20-cba0-4450-a720-aedb9b550136",
  "groupUUID" : "1a5949bc-b485-40fb-9227-396c585feae7",
  "privilegeUUID" : "eb05b1cf-a38a-40a2-b7fe-933ff29bddc5",
  "allow" : false,
  "notEveryoneGroup" : false,
  "voided" : false
}, {
  "uuid" : "eda47f68-66bb-4e63-83b4-bbcc653e0338",
  "groupUUID" : "1a5949bc-b485-40fb-9227-396c585feae7",
  "privilegeUUID" : "027e6ce6-8bf8-44f4-9621-7de7557d99f5",
  "allow" : false,
  "notEveryoneGroup" : false,
  "voided" : false
}, {
  "uuid" : "08873955-f6c9-422e-a4c9-1219e77d84d5",
  "groupUUID" : "1a5949bc-b485-40fb-9227-396c585feae7",
  "privilegeUUID" : "31c16b7d-825a-4bfa-b961-128846beb3ef",
  "allow" : false,
  "notEveryoneGroup" : false,
  "voided" : false
}, {
  "uuid" : "e7d1f690-eeea-44d0-bcb7-93d8c38ff01a",
  "groupUUID" : "1a5949bc-b485-40fb-9227-396c585feae7",
  "privilegeUUID" : "78902b7a-7970-4557-9ffa-ce8e93d20e9a",
  "allow" : false,
  "notEveryoneGroup" : false,
  "voided" : false
}, {
  "uuid" : "db7fe2cd-6df1-48b6-b335-3c891f25ce21",
  "groupUUID" : "1a5949bc-b485-40fb-9227-396c585feae7",
  "privilegeUUID" : "d60e01c2-ce9e-44f8-8ea1-99e88be93104",
  "allow" : false,
  "notEveryoneGroup" : false,
  "voided" : false
}, {
  "uuid" : "142ab983-5be5-4e5e-8bd5-71f15bde9fac",
  "groupUUID" : "1a5949bc-b485-40fb-9227-396c585feae7",
  "privilegeUUID" : "27775bb8-2cf0-4f00-92bd-12c7950c9193",
  "allow" : false,
  "notEveryoneGroup" : false,
  "voided" : false
}, {
  "uuid" : "4a63a65e-a3f9-4a72-a020-e217b22ca39c",
  "groupUUID" : "1a5949bc-b485-40fb-9227-396c585feae7",
  "privilegeUUID" : "83435813-79a7-411b-9b1d-92fcdd439a40",
  "allow" : false,
  "notEveryoneGroup" : false,
  "voided" : false
}, {
  "uuid" : "0a43a734-f47b-4e94-b222-b7e756626510",
  "groupUUID" : "1a5949bc-b485-40fb-9227-396c585feae7",
  "privilegeUUID" : "e24a7cca-7e76-4398-a2d0-e6db735a8e08",
  "allow" : false,
  "notEveryoneGroup" : false,
  "voided" : false
}, {
  "uuid" : "93824dc9-ea34-4694-a9d3-4ec3f510a24b",
  "groupUUID" : "1a5949bc-b485-40fb-9227-396c585feae7",
  "privilegeUUID" : "1cc8fae5-fb31-4643-ad63-58fcfb31a709",
  "allow" : false,
  "notEveryoneGroup" : false,
  "voided" : false
}, {
  "uuid" : "e82dfd24-b430-4b05-90aa-5cca10939a95",
  "groupUUID" : "1a5949bc-b485-40fb-9227-396c585feae7",
  "privilegeUUID" : "c21758c9-d238-4746-81e8-f5e1ee3643c0",
  "allow" : false,
  "notEveryoneGroup" : false,
  "voided" : false
}, {
  "uuid" : "3098c0b7-dbbb-467c-a4ac-3d13c87fedc6",
  "groupUUID" : "1a5949bc-b485-40fb-9227-396c585feae7",
  "privilegeUUID" : "044c3bf5-9818-4e05-a100-e8608ae2dfe1",
  "allow" : false,
  "notEveryoneGroup" : false,
  "voided" : false
}, {
  "uuid" : "57004092-aa3c-4ea4-9fed-bd997ec28a10",
  "groupUUID" : "35b185f4-75c8-453d-b151-0a385fc85ee9",
  "privilegeUUID" : "b52e5625-3176-4108-93fa-9341e019d9b4",
  "allow" : false,
  "notEveryoneGroup" : true,
  "voided" : false
}, {
  "uuid" : "10c5ed11-b863-4416-8723-d963f1d6c4ca",
  "groupUUID" : "35b185f4-75c8-453d-b151-0a385fc85ee9",
  "privilegeUUID" : "7b81a2c1-d373-4859-a4b7-ffc7f2039a93",
  "allow" : false,
  "notEveryoneGroup" : true,
  "voided" : false
}, {
  "uuid" : "a8dd3317-94ac-4fc5-a4b8-3bfed538d9a4",
  "groupUUID" : "35b185f4-75c8-453d-b151-0a385fc85ee9",
  "privilegeUUID" : "e491db17-da8a-4ecd-82b1-9cd9921d7c72",
  "allow" : false,
  "notEveryoneGroup" : true,
  "voided" : false
}, {
  "uuid" : "a98e272c-6cba-44b2-83fa-53b7b9bbb4bc",
  "groupUUID" : "35b185f4-75c8-453d-b151-0a385fc85ee9",
  "privilegeUUID" : "fc03c90d-6dd4-4067-9096-4e1b3c800270",
  "allow" : false,
  "notEveryoneGroup" : true,
  "voided" : false
}, {
  "uuid" : "168e8b09-d23e-4ee4-a3b9-075c76ad90e6",
  "groupUUID" : "35b185f4-75c8-453d-b151-0a385fc85ee9",
  "privilegeUUID" : "c814bcf3-4739-48d8-8dae-375df72ee468",
  "allow" : false,
  "notEveryoneGroup" : true,
  "voided" : false
}, {
  "uuid" : "f2cd58dd-6776-4851-b090-02a83de8bc25",
  "groupUUID" : "35b185f4-75c8-453d-b151-0a385fc85ee9",
  "privilegeUUID" : "f042823e-dbed-44dc-b3d7-a4dd342d883e",
  "allow" : false,
  "notEveryoneGroup" : true,
  "voided" : false
}, {
  "uuid" : "f300362c-8add-455d-96c4-ac00b9d91b79",
  "groupUUID" : "35b185f4-75c8-453d-b151-0a385fc85ee9",
  "privilegeUUID" : "df745841-79e6-4d6e-a04d-f2379449a318",
  "allow" : false,
  "notEveryoneGroup" : true,
  "voided" : false
}, {
  "uuid" : "de14c21f-cd3c-489b-ad67-4b73f3b5d306",
  "groupUUID" : "35b185f4-75c8-453d-b151-0a385fc85ee9",
  "privilegeUUID" : "6a687443-8640-4ea7-9df5-7af17e4f3bd9",
  "allow" : false,
  "notEveryoneGroup" : true,
  "voided" : false
}, {
  "uuid" : "fde13f15-8dd4-4c50-9619-f0b0b3c204eb",
  "groupUUID" : "35b185f4-75c8-453d-b151-0a385fc85ee9",
  "privilegeUUID" : "2ebe6ce5-77fa-491c-a629-f1fc46d87557",
  "allow" : false,
  "notEveryoneGroup" : true,
  "voided" : false
}, {
  "uuid" : "7652d4e4-754e-4cf8-9426-1794db1ab151",
  "groupUUID" : "35b185f4-75c8-453d-b151-0a385fc85ee9",
  "privilegeUUID" : "ee51fb36-8712-4125-8693-5c524bd75327",
  "allow" : false,
  "notEveryoneGroup" : true,
  "voided" : false
}, {
  "uuid" : "856c6516-0b95-498c-a4d0-93d8b87cdd82",
  "groupUUID" : "35b185f4-75c8-453d-b151-0a385fc85ee9",
  "privilegeUUID" : "dd436429-7b9c-4350-bfeb-754717d553ff",
  "allow" : false,
  "notEveryoneGroup" : true,
  "voided" : false
}, {
  "uuid" : "bd212452-5e29-41f5-84a3-958d05849b51",
  "groupUUID" : "35b185f4-75c8-453d-b151-0a385fc85ee9",
  "privilegeUUID" : "8b335ec5-e42c-425b-ab1c-ba549a19a3f2",
  "allow" : false,
  "notEveryoneGroup" : true,
  "voided" : false
}, {
  "uuid" : "d095c996-220a-4f26-8494-ea92b705b732",
  "groupUUID" : "35b185f4-75c8-453d-b151-0a385fc85ee9",
  "privilegeUUID" : "d8ce88f8-c965-42c9-bed1-1f3a188b25b4",
  "allow" : false,
  "notEveryoneGroup" : true,
  "voided" : false
}, {
  "uuid" : "a74f803a-1c9b-447d-9b8d-948c4e3daade",
  "groupUUID" : "35b185f4-75c8-453d-b151-0a385fc85ee9",
  "privilegeUUID" : "9091283d-19fe-4bfd-8db6-c662575747c0",
  "allow" : false,
  "notEveryoneGroup" : true,
  "voided" : false
}, {
  "uuid" : "e1722fc5-58f2-4c5b-88c6-890a8002cb48",
  "groupUUID" : "35b185f4-75c8-453d-b151-0a385fc85ee9",
  "privilegeUUID" : "911a5dcf-eacd-45e0-a1c4-e65802c11e0d",
  "allow" : false,
  "notEveryoneGroup" : true,
  "voided" : false
}, {
  "uuid" : "ab1bfa24-1679-4903-95c2-e5393fefe9bc",
  "groupUUID" : "35b185f4-75c8-453d-b151-0a385fc85ee9",
  "privilegeUUID" : "0d3e10d7-6e19-4652-9d47-2836210d5f7f",
  "allow" : false,
  "notEveryoneGroup" : true,
  "voided" : false
}, {
  "uuid" : "340c8e4f-533d-4741-9631-c6a24b73c01f",
  "groupUUID" : "35b185f4-75c8-453d-b151-0a385fc85ee9",
  "privilegeUUID" : "59fbf0a4-cb92-45d7-9ec8-fe382ad504ba",
  "allow" : false,
  "notEveryoneGroup" : true,
  "voided" : false
}, {
  "uuid" : "c4190102-8451-4e4d-9423-51ffff1b102b",
  "groupUUID" : "35b185f4-75c8-453d-b151-0a385fc85ee9",
  "privilegeUUID" : "eb05b1cf-a38a-40a2-b7fe-933ff29bddc5",
  "allow" : false,
  "notEveryoneGroup" : true,
  "voided" : false
}, {
  "uuid" : "487db598-1fa1-448c-97ff-f34c9844c1cc",
  "groupUUID" : "35b185f4-75c8-453d-b151-0a385fc85ee9",
  "privilegeUUID" : "027e6ce6-8bf8-44f4-9621-7de7557d99f5",
  "allow" : false,
  "notEveryoneGroup" : true,
  "voided" : false
}, {
  "uuid" : "60c52652-34fe-45af-a0e1-947751639891",
  "groupUUID" : "35b185f4-75c8-453d-b151-0a385fc85ee9",
  "privilegeUUID" : "31c16b7d-825a-4bfa-b961-128846beb3ef",
  "allow" : false,
  "notEveryoneGroup" : true,
  "voided" : false
}, {
  "uuid" : "cce289b9-b412-4f8a-838d-4460d1c64ba1",
  "groupUUID" : "35b185f4-75c8-453d-b151-0a385fc85ee9",
  "privilegeUUID" : "78902b7a-7970-4557-9ffa-ce8e93d20e9a",
  "allow" : false,
  "notEveryoneGroup" : true,
  "voided" : false
}, {
  "uuid" : "0e76e036-921e-49de-94ac-08fd42347ba3",
  "groupUUID" : "35b185f4-75c8-453d-b151-0a385fc85ee9",
  "privilegeUUID" : "d60e01c2-ce9e-44f8-8ea1-99e88be93104",
  "allow" : false,
  "notEveryoneGroup" : true,
  "voided" : false
}, {
  "uuid" : "9a8bccd9-dcf7-432f-b426-32f6bc974ce3",
  "groupUUID" : "35b185f4-75c8-453d-b151-0a385fc85ee9",
  "privilegeUUID" : "27775bb8-2cf0-4f00-92bd-12c7950c9193",
  "allow" : false,
  "notEveryoneGroup" : true,
  "voided" : false
}, {
  "uuid" : "7eb19466-0197-4936-8fc5-2ffcfb1311d6",
  "groupUUID" : "35b185f4-75c8-453d-b151-0a385fc85ee9",
  "privilegeUUID" : "83435813-79a7-411b-9b1d-92fcdd439a40",
  "allow" : false,
  "notEveryoneGroup" : true,
  "voided" : false
}, {
  "uuid" : "ceb6c4ac-3591-4d33-ab9d-0cbabfc65976",
  "groupUUID" : "35b185f4-75c8-453d-b151-0a385fc85ee9",
  "privilegeUUID" : "e24a7cca-7e76-4398-a2d0-e6db735a8e08",
  "allow" : false,
  "notEveryoneGroup" : true,
  "voided" : false
}, {
  "uuid" : "aedae7cb-6743-4dd9-8c4b-22075cc6d9d1",
  "groupUUID" : "35b185f4-75c8-453d-b151-0a385fc85ee9",
  "privilegeUUID" : "1cc8fae5-fb31-4643-ad63-58fcfb31a709",
  "allow" : false,
  "notEveryoneGroup" : true,
  "voided" : false
}, {
  "uuid" : "6eb1c2e9-965c-4df2-9c4d-4a3ef3fd3659",
  "groupUUID" : "35b185f4-75c8-453d-b151-0a385fc85ee9",
  "privilegeUUID" : "c21758c9-d238-4746-81e8-f5e1ee3643c0",
  "allow" : false,
  "notEveryoneGroup" : true,
  "voided" : false
}, {
  "uuid" : "80893547-c06a-4141-bbf4-22f6b80666e8",
  "groupUUID" : "35b185f4-75c8-453d-b151-0a385fc85ee9",
  "privilegeUUID" : "044c3bf5-9818-4e05-a100-e8608ae2dfe1",
  "allow" : false,
  "notEveryoneGroup" : true,
  "voided" : false
}, {
  "uuid" : "75f9ce78-ba6f-45d4-865c-e26c485e8e8d",
  "groupUUID" : "1a5949bc-b485-40fb-9227-396c585feae7",
  "privilegeUUID" : "a5899d5a-7a9b-4cba-88dd-20167411787c",
  "allow" : true,
  "notEveryoneGroup" : false,
  "voided" : false
} ]