[ {
  "id" : 2363,
  "name" : "son",
  "uuid" : "7e876220-20b4-4c17-87b7-0e235926f7a6",
  "voided" : false,
  "genders" : [ {
    "uuid" : "25aa1ebb-c4e0-4cf3-b65f-e798fbc01d73",
    "name" : "Male",
    "voided" : false
  } ]
}, {
  "id" : 2364,
  "name" : "daughter",
  "uuid" : "91fd32f2-0261-46a1-92e4-4c201247c9a3",
  "voided" : false,
  "genders" : [ {
    "uuid" : "1667a470-fe14-406d-be89-22cafdc31df8",
    "name" : "Female",
    "voided" : false
  } ]
}, {
  "id" : 2365,
  "name" : "father",
  "uuid" : "eeb49484-a07d-49f7-bb4b-932b713fbc66",
  "voided" : false,
  "genders" : [ {
    "uuid" : "25aa1ebb-c4e0-4cf3-b65f-e798fbc01d73",
    "name" : "Male",
    "voided" : false
  } ]
}, {
  "id" : 2366,
  "name" : "mother",
  "uuid" : "5a77c22b-a24f-456e-84a3-9bd12e104f73",
  "voided" : false,
  "genders" : [ {
    "uuid" : "1667a470-fe14-406d-be89-22cafdc31df8",
    "name" : "Female",
    "voided" : false
  } ]
}, {
  "id" : 2367,
  "name" : "husband",
  "uuid" : "334ea293-fd10-4dab-92f3-04ce153e27aa",
  "voided" : false,
  "genders" : [ {
    "uuid" : "25aa1ebb-c4e0-4cf3-b65f-e798fbc01d73",
    "name" : "Male",
    "voided" : false
  } ]
}, {
  "id" : 2368,
  "name" : "wife",
  "uuid" : "0ab14ce3-cbdb-4cb7-8601-353bebe408c9",
  "voided" : false,
  "genders" : [ {
    "uuid" : "1667a470-fe14-406d-be89-22cafdc31df8",
    "name" : "Female",
    "voided" : false
  } ]
}, {
  "id" : 2369,
  "name" : "brother",
  "uuid" : "4809d13f-4ab1-49d7-aa57-ee71a821bc3f",
  "voided" : false,
  "genders" : [ {
    "uuid" : "25aa1ebb-c4e0-4cf3-b65f-e798fbc01d73",
    "name" : "Male",
    "voided" : false
  } ]
}, {
  "id" : 2370,
  "name" : "sister",
  "uuid" : "a081882c-6775-4caa-98cd-9720a0d11dfc",
  "voided" : false,
  "genders" : [ {
    "uuid" : "1667a470-fe14-406d-be89-22cafdc31df8",
    "name" : "Female",
    "voided" : false
  } ]
}, {
  "id" : 2371,
  "name" : "grandson",
  "uuid" : "4474c0f3-9d35-4622-a65a-5688f633a274",
  "voided" : false,
  "genders" : [ {
    "uuid" : "25aa1ebb-c4e0-4cf3-b65f-e798fbc01d73",
    "name" : "Male",
    "voided" : false
  } ]
}, {
  "id" : 2372,
  "name" : "granddaughter",
  "uuid" : "82691c26-c042-48d4-972b-664bcb348fc4",
  "voided" : false,
  "genders" : [ {
    "uuid" : "1667a470-fe14-406d-be89-22cafdc31df8",
    "name" : "Female",
    "voided" : false
  } ]
}, {
  "id" : 2373,
  "name" : "grandfather",
  "uuid" : "0d0b0e92-79d4-49c1-b33b-cf0508ea550c",
  "voided" : false,
  "genders" : [ {
    "uuid" : "25aa1ebb-c4e0-4cf3-b65f-e798fbc01d73",
    "name" : "Male",
    "voided" : false
  } ]
}, {
  "id" : 2374,
  "name" : "grandmother",
  "uuid" : "8c382726-92be-4e3e-8b6e-2b032c5cd6a8",
  "voided" : false,
  "genders" : [ {
    "uuid" : "1667a470-fe14-406d-be89-22cafdc31df8",
    "name" : "Female",
    "voided" : false
  } ]
} ]