{
  "operationalPrograms" : [ {
    "uuid" : "86d07259-efc0-4690-ab7b-4542d2606588",
    "program" : {
      "uuid" : "5103e1e2-a4df-498b-818d-61df4db3fb97",
      "voided" : false
    },
    "name" : "Mother",
    "voided" : false
  }, {
    "uuid" : "61383d58-82b4-44fb-96d0-6449f0e68c1b",
    "program" : {
      "uuid" : "076ddb2d-a499-4314-af95-4178553d279b",
      "voided" : false
    },
    "name" : "Pregnancy",
    "voided" : false
  }, {
    "uuid" : "fc3cfcbe-9427-49d0-a497-8294d16725af",
    "program" : {
      "uuid" : "352d906c-b386-496c-ba23-91b1468a5613",
      "voided" : false
    },
    "name" : "Child",
    "voided" : false
  } ]
}