{
  "operationalEncounterTypes" : [ {
    "uuid" : "9df0dbb2-a1d9-4d3d-86f1-530dc811c6fb",
    "encounterType" : {
      "uuid" : "af181460-b5f0-46b0-9474-4dd0a34981af",
      "voided" : false
    },
    "name" : "SES Survey",
    "voided" : false
  }, {
    "uuid" : "a43c2b61-7fef-4561-ae55-b58e419a63ce",
    "encounterType" : {
      "uuid" : "21f346a4-dc45-4aa1-a34c-aff9c12438f8",
      "voided" : false
    },
    "name" : "Child Home Visit",
    "voided" : false
  }, {
    "uuid" : "66ff5381-9565-4640-a664-e1d4698b2b56",
    "encounterType" : {
      "uuid" : "0c0e810e-40bb-4365-af55-51aeba6548bf",
      "voided" : false
    },
    "name" : "Home Visit",
    "voided" : false
  }, {
    "uuid" : "4469bcb5-c10c-45dc-ae6e-1b337341c6f8",
    "encounterType" : {
      "uuid" : "5a18fd93-7db8-47a2-9c26-4807d89d13e7",
      "voided" : false
    },
    "name" : "Doctor Checkup",
    "voided" : false
  }, {
    "uuid" : "67f5215a-20e5-4276-b37b-464157e58643",
    "encounterType" : {
      "uuid" : "f3b48d34-d2ff-448d-ab18-8fa0602f32f0",
      "voided" : false
    },
    "name" : "Doctor Visit Followup at Home",
    "voided" : false
  }, {
    "uuid" : "b6973054-9ca4-47be-88e9-db1bfb0f708e",
    "encounterType" : {
      "uuid" : "a6f8c24e-f56f-456b-aa41-7aada038390c",
      "voided" : false
    },
    "name" : "ANC Home Visit",
    "voided" : false
  }, {
    "uuid" : "9b3460bf-73a4-4af9-a21e-41e5cbbc3b97",
    "encounterType" : {
      "uuid" : "89f6fd3d-e1ff-4da0-89d1-a3572f84b4e0",
      "voided" : false
    },
    "name" : "ANC GMP",
    "voided" : false
  }, {
    "uuid" : "fbfafb6a-e274-4f41-a77f-465c7f7b626a",
    "encounterType" : {
      "uuid" : "9ece8cc4-4619-4bda-ab08-42b473cb6f9c",
      "voided" : false
    },
    "name" : "Pregnancy Test Followup",
    "voided" : false
  }, {
    "uuid" : "17606192-9d5a-4354-8e86-67f52229ba1c",
    "encounterType" : {
      "uuid" : "11d3085e-c44c-467c-abd3-6af215740959",
      "voided" : false
    },
    "name" : "PNC Doctor Checkup",
    "voided" : false
  }, {
    "uuid" : "d590d3a6-841c-477d-ab45-f8551ba1d263",
    "encounterType" : {
      "uuid" : "3f5898b9-aeb9-400e-9440-2c91cb29c551",
      "voided" : false
    },
    "name" : "Post abortion home visit",
    "voided" : false
  }, {
    "uuid" : "160c7f42-392c-41f9-af82-5e483109918a",
    "encounterType" : {
      "uuid" : "b1efaffa-c8df-4801-8bbb-bf7c7bd6a0bd",
      "voided" : false
    },
    "name" : "ANC Doctor Checkup",
    "voided" : false
  }, {
    "uuid" : "93617150-2536-46ad-9879-0ba4fccd1f4e",
    "encounterType" : {
      "uuid" : "63486b57-67b9-4236-b36c-e7bbe5ac0411",
      "voided" : false
    },
    "name" : "Lab Tests",
    "voided" : false
  }, {
    "uuid" : "9b4fa8ec-fd62-487a-aa35-8f74f3c20db2",
    "encounterType" : {
      "uuid" : "7b6a93c7-e1e1-4e73-842d-df8a1935bde2",
      "voided" : false
    },
    "name" : "Delivery",
    "voided" : false
  }, {
    "uuid" : "ec3d643a-6da4-417e-8ee5-2654344f1756",
    "encounterType" : {
      "uuid" : "1dec6355-4abd-45b7-89ab-bae1f5f9cc07",
      "voided" : false
    },
    "name" : "Abortion",
    "voided" : false
  }, {
    "uuid" : "f30945dd-7768-4a7e-bce9-2c96a6834373",
    "encounterType" : {
      "uuid" : "e9971396-b74f-411c-956d-da44073922f5",
      "voided" : false
    },
    "name" : "PNC",
    "voided" : false
  }, {
    "uuid" : "37ad819f-3700-466d-9af9-565c1a43b52c",
    "encounterType" : {
      "uuid" : "1f07ae8c-faa4-4934-8e06-9038e62fc2ac",
      "voided" : false
    },
    "name" : "Birth",
    "voided" : false
  }, {
    "uuid" : "8281d9a4-9a44-4869-8b92-47feefc5d1f6",
    "encounterType" : {
      "uuid" : "02c72b2b-19f0-4f75-b734-dcad5601881b",
      "voided" : false
    },
    "name" : "Child GMP",
    "voided" : false
  }, {
    "uuid" : "73854e01-75db-4043-acbd-c9d4838e4705",
    "encounterType" : {
      "uuid" : "330d954c-ab5f-4ea1-be8b-ba26a12bdfbc",
      "voided" : false
    },
    "name" : "Child PNC",
    "voided" : false
  }, {
    "uuid" : "54b73a0a-8e9b-4ed4-af0f-858a703aa2d0",
    "encounterType" : {
      "uuid" : "543c3eb6-fc01-4e3a-b3e1-ef50ec6a8896",
      "voided" : false
    },
    "name" : "Dispatch receipt",
    "voided" : true
  }, {
    "uuid" : "b1be7c45-275d-44c2-a442-f133bd4185c2",
    "encounterType" : {
      "uuid" : "018267d2-9dac-4636-8458-74e98b4cb150",
      "voided" : false
    },
    "name" : "Dispatch (voided~1538)",
    "voided" : true
  }, {
    "uuid" : "682c0eb9-c367-473a-a7a7-f475b7af1941",
    "encounterType" : {
      "uuid" : "a29e1dbe-c894-4384-9db4-0fd2df745df8",
      "voided" : false
    },
    "name" : "Distribution (voided~1540)",
    "voided" : true
  }, {
    "uuid" : "de9f360a-7efa-41c0-adfe-7b295b3f6591",
    "encounterType" : {
      "uuid" : "639605f9-a202-48dd-b42f-082dc2d172ff",
      "voided" : false
    },
    "name" : "Activity (voided~1539)",
    "voided" : true
  }, {
    "uuid" : "75435a22-ff96-49bf-8c50-52a65d090cdd",
    "encounterType" : {
      "uuid" : "bbfb11f4-3cb2-4dd2-ad32-8a5455b56230",
      "voided" : false
    },
    "name" : "Test Visit don't use (voided~1951)",
    "voided" : true
  } ]
}