{
  "uuid" : "012771cf-910e-45c5-9a33-26a83a72e032",
  "settings" : {
    "languages" : [ "en", "hi_IN" ],
    "searchFilters" : [ {
      "type" : "Name",
      "titleKey" : "Name",
      "subjectTypeUUID" : "9f2af1f9-e150-4f8e-aad3-40bb7eb05aa3"
    }, {
      "type" : "Age",
      "titleKey" : "Age",
      "subjectTypeUUID" : "9f2af1f9-e150-4f8e-aad3-40bb7eb05aa3"
    }, {
      "type" : "Address",
      "titleKey" : "Address",
      "subjectTypeUUID" : "9f2af1f9-e150-4f8e-aad3-40bb7eb05aa3"
    }, {
      "type" : "SearchAll",
      "titleKey" : "SearchAll",
      "subjectTypeUUID" : "9f2af1f9-e150-4f8e-aad3-40bb7eb05aa3"
    } ],
    "myDashboardFilters" : [ {
      "type" : "Address",
      "titleKey" : "Address",
      "subjectTypeUUID" : "9f2af1f9-e150-4f8e-aad3-40bb7eb05aa3"
    } ]
  },
  "worklistUpdationRule" : ""
}