[ {
  "name" : "CK Mother",
  "uuid" : "5103e1e2-a4df-498b-818d-61df4db3fb97",
  "colour" : "blueviolet",
  "voided" : false,
  "active" : null,
  "enrolmentEligibilityCheckRule" : null,
  "enrolmentSummaryRule" : null,
  "enrolmentEligibilityCheckDeclarativeRule" : null,
  "manualEligibilityCheckRequired" : false,
  "manualEnrolmentEligibilityCheckRule" : null,
  "manualEnrolmentEligibilityCheckDeclarativeRule" : null,
  "allowMultipleEnrolments" : false
}, {
  "name" : "Mother",
  "uuid" : "076ddb2d-a499-4314-af95-4178553d279b",
  "colour" : "darkmagenta",
  "voided" : false,
  "active" : null,
  "enrolmentEligibilityCheckRule" : null,
  "enrolmentSummaryRule" : null,
  "enrolmentEligibilityCheckDeclarativeRule" : null,
  "manualEligibilityCheckRequired" : false,
  "manualEnrolmentEligibilityCheckRule" : null,
  "manualEnrolmentEligibilityCheckDeclarativeRule" : null,
  "allowMultipleEnrolments" : false
}, {
  "name" : "Child",
  "uuid" : "352d906c-b386-496c-ba23-91b1468a5613",
  "colour" : "darkorange",
  "voided" : false,
  "active" : null,
  "enrolmentEligibilityCheckRule" : null,
  "enrolmentSummaryRule" : null,
  "enrolmentEligibilityCheckDeclarativeRule" : null,
  "manualEligibilityCheckRequired" : false,
  "manualEnrolmentEligibilityCheckRule" : null,
  "manualEnrolmentEligibilityCheckDeclarativeRule" : null,
  "allowMultipleEnrolments" : false
}, {
  "name" : "Adolescent",
  "uuid" : "215f4795-7d46-4617-95dd-52343f945a0f",
  "colour" : "blueviolet",
  "voided" : false,
  "active" : null,
  "enrolmentEligibilityCheckRule" : null,
  "enrolmentSummaryRule" : null,
  "enrolmentEligibilityCheckDeclarativeRule" : null,
  "manualEligibilityCheckRequired" : false,
  "manualEnrolmentEligibilityCheckRule" : null,
  "manualEnrolmentEligibilityCheckDeclarativeRule" : null,
  "allowMultipleEnrolments" : false
} ]