[ {
  "uuid" : "d98e7112-3777-40d5-b159-ac4d55a720e7",
  "id" : 547,
  "name" : "Test for performance",
  "description" : "",
  "sections" : [ {
    "uuid" : "25def930-56dc-4a7f-9665-355b4b60cba8",
    "id" : 900,
    "name" : "Programs",
    "description" : "",
    "viewType" : "List",
    "displayOrder" : 1.0,
    "dashboardUUID" : "d98e7112-3777-40d5-b159-ac4d55a720e7",
    "cards" : [ {
      "uuid" : "d9033e57-4008-482a-a111-bd6ed7acc8a5",
      "id" : 2824,
      "name" : "Mother program",
      "query" : "'use strict';\n({params, imports}) => {\n    const query = () => params.db.objects('Individual').filtered('enrolments.program.name == \"Mother\"');\n    return {\n      primaryValue: query().length,\n      lineListFunction: query\n    }\n};",
      "description" : "",
      "color" : "#ff0000",
      "displayOrder" : 1.0,
      "iconFileS3Key" : "",
      "nested" : false,
      "count" : 1,
      "voided" : false
    } ],
    "dashboardSectionCardMappings" : [ {
      "uuid" : "50be5a57-09e9-4746-9be1-8471877878da",
      "dashboardSectionUUID" : "25def930-56dc-4a7f-9665-355b4b60cba8",
      "reportCardUUID" : "d9033e57-4008-482a-a111-bd6ed7acc8a5",
      "displayOrder" : 1.0,
      "voided" : false
    } ],
    "voided" : false
  } ],
  "filters" : [ ],
  "voided" : false
}, {
  "uuid" : "e5bb3ecb-a1d9-4516-b5bd-f6fdbaebe9b7",
  "id" : 548,
  "name" : "Dashboard",
  "description" : "",
  "sections" : [ {
    "uuid" : "ef6a62a6-2018-4838-bb6b-7491c75cd013",
    "id" : 901,
    "name" : "Overall statistics ",
    "description" : "",
    "viewType" : "Tile",
    "displayOrder" : 1.0,
    "dashboardUUID" : "e5bb3ecb-a1d9-4516-b5bd-f6fdbaebe9b7",
    "cards" : [ {
      "uuid" : "e5da553a-5f07-4cec-aedb-55e3f1fd11aa",
      "id" : 2837,
      "name" : "Demands to be dispatched",
      "query" : "'use strict';\n({params, imports}) => {\n    const _ = imports.lodash;\n    let demands = params.db.objects('Individual')\n        .filter((individual) => individual.voided === false\n            && individual.subjectType.name === 'Demand'\n            && individual.getObservationValue('82970f35-d1aa-4e05-95fa-19b71617db0d') !== 'Dispatched')\n        .flatMap((item) => item.getObservationValue('845b31cb-a4ea-495a-9748-884227415c8b'));\n    let dispatches = params.db.objects('Individual')\n        .filter((individual) => individual.voided === false && individual.subjectType.name === 'Dispatch')\n        .flatMap((item) => item.getObservationValue('845b31cb-a4ea-495a-9748-884227415c8b'));\n    let difference = _.difference(demands, dispatches);\n    let inds = params.db.objects('Individual')\n        .filter((individual) => individual.voided === false && individual.subjectType.name === 'Demand');\n    let filteredRecords = inds.filter(i => difference.includes(i.getObservationValue('845b31cb-a4ea-495a-9748-884227415c8b')));\n    return _.orderBy(filteredRecords, ind => ind.registrationDate, 'desc');\n};",
      "description" : "Total Demands with no Dispatch",
      "color" : "#1496bb",
      "displayOrder" : 1.0,
      "iconFileS3Key" : "",
      "nested" : false,
      "count" : 1,
      "voided" : true
    }, {
      "uuid" : "eed05543-ac8e-4262-897a-530da00a31f0",
      "id" : 2830,
      "name" : " Activities done",
      "query" : "// Documentation - https://docs.mongodb.com/realm-legacy/docs/javascript/latest/index.html#queries\n'use strict';\n({params, imports}) => {\n     return params.db.objects('Individual')\n     .filter(ind => ind.subjectType.name === 'Activity' && ind.voided === false);\n};",
      "description" : "",
      "color" : "#ebc944",
      "displayOrder" : 4.0,
      "iconFileS3Key" : "",
      "nested" : false,
      "count" : 1,
      "voided" : true
    }, {
      "uuid" : "1a030630-8541-4e81-9f9a-7912412b723c",
      "id" : 2834,
      "name" : "Activities linked to distribution",
      "query" : "'use strict';\n({params, imports}) => {\n    const Distribution = params.db.objects('Individual')\n        .filter((individual) => individual.voided === false && individual.subjectType.name === 'Distribution')\n        .flatMap((individual) => individual.getObservationReadableValue('3fb0d2c5-0210-49be-a31c-a6a134131af3'));\n    const activitiesDone = Distribution\n        .flatMap(arr => arr ? arr.map(obj => obj[\"Activities Done\"]) : [])\n        .filter(Boolean);\n    const individuals = params.db.objects('Individual')\n        .filter((individual) => individual.voided === false && individual.subjectType.name === 'Activity');\n    let filteredRecords = individuals.filter(i => activitiesDone.includes(i.uuid));\n    return _.orderBy(filteredRecords, ind => ind.registrationDate, 'desc');\n};",
      "description" : "",
      "color" : "#d44f4f",
      "displayOrder" : 7.0,
      "iconFileS3Key" : "",
      "nested" : false,
      "count" : 1,
      "voided" : true
    }, {
      "uuid" : "3ef6be72-ab86-444b-9c23-9d4c1396b4ab",
      "id" : 2833,
      "name" : "Total Inventories",
      "query" : "// Documentation - https://docs.mongodb.com/realm-legacy/docs/javascript/latest/index.html#queries\n'use strict';\n({params, imports}) => {\n     return params.db.objects('Individual')\n     .filter(ind => ind.subjectType.name === 'Inventory Item' && ind.voided === false);\n};",
      "description" : "",
      "color" : "#b975eb",
      "displayOrder" : 6.0,
      "iconFileS3Key" : "",
      "nested" : false,
      "count" : 1,
      "voided" : true
    }, {
      "uuid" : "979e3934-6533-4ad1-a3a5-ca77fe5ab742",
      "id" : 2836,
      "name" : "Received Dispatches",
      "query" : "// Documentation - https://docs.mongodb.com/realm-legacy/docs/javascript/latest/index.html#queries\n'use strict';\n({params, imports}) => {\n    const dispatchesReceived = (individual) => {\n        const dispatchEncounter = individual.getEncounters()\n            .filter((enc) => enc.encounterType.name === 'Dispatch receipt' && enc.encounterDateTime != null);\n        if (dispatchEncounter.length > 0) {\n            return true;\n        } \n        else {\n            return false;\n        }\n    };\n    let inds = params.db.objects('Individual')\n        .filter((individual) => individual.voided === false && individual.subjectType.name === 'Dispatch'\n          && individual.getObservationValue('b7e82e4d-ee4c-4a6e-bb98-7a0b4eb21392') === 'Reached'\n          || dispatchesReceived(individual));\n    return _.orderBy(inds, ind => ind.registrationDate, 'desc')\n};",
      "description" : "Showing the count of demands which have the Dispatch and Dispatch receipt form.",
      "color" : "#a3b86c",
      "displayOrder" : 3.0,
      "iconFileS3Key" : "",
      "nested" : false,
      "count" : 1,
      "voided" : true
    }, {
      "uuid" : "934b2405-61c6-4576-8ce0-b9c8587215ac",
      "id" : 2835,
      "name" : "Activities not linked to distributions",
      "query" : "'use strict';\n({params, imports}) => {\n    const Distribution = params.db.objects('Individual')\n        .filter((individual) => individual.voided === false && individual.subjectType.name === 'Distribution')\n        .flatMap((individual) => individual.getObservationReadableValue('3fb0d2c5-0210-49be-a31c-a6a134131af3'));\n    const activitiesDone = Distribution\n        .flatMap(arr => arr ? arr.map(obj => obj[\"Activities Done\"]) : [])\n        .filter(Boolean);\n    const individuals = params.db.objects('Individual')\n        .filter((individual) => individual.voided === false && individual.subjectType.name === 'Activity');\n    let filteredRecords = individuals.filter(i => !activitiesDone.includes(i.uuid));\n    return _.orderBy(filteredRecords, ind => ind.registrationDate, 'desc');\n};",
      "description" : "",
      "color" : "#3f7229",
      "displayOrder" : 8.0,
      "iconFileS3Key" : "",
      "nested" : false,
      "count" : 1,
      "voided" : true
    }, {
      "uuid" : "dd871765-c5ca-4696-8718-2d6af9ae56a3",
      "id" : 2831,
      "name" : "Distributions done",
      "query" : "// Documentation - https://docs.mongodb.com/realm-legacy/docs/javascript/latest/index.html#queries\n'use strict';\n({params, imports}) => {\n     return params.db.objects('Individual')\n     .filter(ind => ind.subjectType.name === 'Distribution' && ind.voided === false);\n};",
      "description" : "",
      "color" : "#92c5d3",
      "displayOrder" : 5.0,
      "iconFileS3Key" : "",
      "nested" : false,
      "count" : 1,
      "voided" : true
    }, {
      "uuid" : "e5da553a-5f07-4cec-aedb-55e3f1fd11aa",
      "id" : 2837,
      "name" : "Demands to be dispatched",
      "query" : "'use strict';\n({params, imports}) => {\n    const _ = imports.lodash;\n    let demands = params.db.objects('Individual')\n        .filter((individual) => individual.voided === false\n            && individual.subjectType.name === 'Demand'\n            && individual.getObservationValue('82970f35-d1aa-4e05-95fa-19b71617db0d') !== 'Dispatched')\n        .flatMap((item) => item.getObservationValue('845b31cb-a4ea-495a-9748-884227415c8b'));\n    let dispatches = params.db.objects('Individual')\n        .filter((individual) => individual.voided === false && individual.subjectType.name === 'Dispatch')\n        .flatMap((item) => item.getObservationValue('845b31cb-a4ea-495a-9748-884227415c8b'));\n    let difference = _.difference(demands, dispatches);\n    let inds = params.db.objects('Individual')\n        .filter((individual) => individual.voided === false && individual.subjectType.name === 'Demand');\n    let filteredRecords = inds.filter(i => difference.includes(i.getObservationValue('845b31cb-a4ea-495a-9748-884227415c8b')));\n    return _.orderBy(filteredRecords, ind => ind.registrationDate, 'desc');\n};",
      "description" : "Total Demands with no Dispatch",
      "color" : "#1496bb",
      "displayOrder" : 1.0,
      "iconFileS3Key" : "",
      "nested" : false,
      "count" : 1,
      "voided" : true
    }, {
      "uuid" : "6867dca0-474d-49d8-a30c-19510364e286",
      "id" : 2826,
      "name" : "Activity Done - Distribution pending",
      "query" : "'use strict';\n({params, imports}) => {\n    const isDistributionPending = (individual) => {\n        \n        const activities = individual.getEncounters()\n            .filter((enc) => enc.encounterType.name === 'Activity');\n            \n        const distros = individual.getEncounters()\n            .filter((enc) => enc.encounterType.name === 'Distribution');\n        \n       return (activities.length > 0 && distros.length === 0);     \n            \n    };\n    return params.db.objects('Individual')\n        .filter((individual) => individual.voided === false && individual.subjectType.name === 'Demand' && isDistributionPending(individual) )\n};",
      "description" : "Are Distributions pending for this Demand",
      "color" : "#c300ff",
      "displayOrder" : 4.0,
      "iconFileS3Key" : "",
      "nested" : false,
      "count" : 1,
      "voided" : true
    }, {
      "uuid" : "8dded4ee-a054-41d8-9b7c-a84e79da5bc8",
      "id" : 2829,
      "name" : "Pending Distribution",
      "query" : "'use strict';\n({params, imports}) => {\n    const distributionComplete = (demand) => {\n        const calculateSumOfObservationValuesRecieved = (materialTypes) => {\n            return demand.getEncounters()\n                .filter((enc) => enc.encounterType.name === 'Dispatch receipt')\n                .flatMap((enc) => enc.getObservationValue('5dfb2f28-b866-4442-be01-0ed451c6aad9'))\n                .filter(obs => !_.isNil(obs))\n                .map((obs) => obs.getReadableValue())\n                .map((keyValues) => {\n                    const isQuantityMatching = _.get(_.find(keyValues, (kv) => kv['Quantity matching']), 'Quantity matching');\n                    const matchingQuantity = _.get(_.find(keyValues, (kv) => kv['Quantity (Dispatched)']), 'Quantity (Dispatched)') || 0;\n                    const notMatchingQuantity =\n                        _.get(_.find(keyValues, (kv) => kv['Quantity']), 'Quantity') || 0;\n                    const typeOfMaterial = _.get(_.find(keyValues, (kv) => kv['Type Of Material']), 'Type Of Material');\n                //    console.log('typeOfMaterial',typeOfMaterial);\n\n                    if (isQuantityMatching === 'Yes' && materialTypes.includes(typeOfMaterial))\n                        return matchingQuantity;\n                    else if (isQuantityMatching === 'No' && materialTypes.includes(typeOfMaterial))\n                        return notMatchingQuantity;\n                    else return 0;\n                })\n                .reduce((a, b) => a + b, 0);\n        };\n\n        const calculateSumOfObservationValuesDistributed = (materialTypes) => {\n            return demand.getEncounters()\n                .filter((enc) => enc.encounterType.name === 'Distribution')\n                .flatMap((enc) => enc.getObservationValue('3093c0f1-5e3f-47eb-92ed-0067b41b6f9c'))\n                .map((obs) => obs.getReadableValue())\n                .map((keyValues) => {\n                    const quantityNumber = _.get(_.find(keyValues, (kv) => kv['Quantity']), 'Quantity') || 0;\n                    const typeOfMaterial = _.get(_.find(keyValues, (kv) => kv['Type Of Material']), 'Type Of Material');\n                    return materialTypes.includes(typeOfMaterial) ? quantityNumber : 0;\n                })\n                .reduce((a, b) => a + b, 0);\n        };\n\n        return calculateSumOfObservationValuesRecieved(['Kit']) === calculateSumOfObservationValuesDistributed(['Kit'])\n            && calculateSumOfObservationValuesRecieved(['Contributed item']) === calculateSumOfObservationValuesDistributed(['Contributed item'])\n            && calculateSumOfObservationValuesRecieved(['Purchased item', 'Contributed track', 'Goonj product', 'High Value Material']) === calculateSumOfObservationValuesDistributed(['Purchased item', 'Contributed track', 'Goonj product', 'High Value Material'])\n    };\n    \n     let inds = params.db.objects('Individual')\n     .filter((demand) => demand.voided === false && !distributionComplete(demand))\n     \n     return _.orderBy(inds, ind => ind.registrationDate, 'desc')\n};\n",
      "description" : "Demands with dispatch receipt available but no distribution ",
      "color" : "#93a661",
      "displayOrder" : 4.0,
      "iconFileS3Key" : "",
      "nested" : false,
      "count" : 1,
      "voided" : true
    }, {
      "uuid" : "65483e90-e323-4096-9e99-c3009800a1cc",
      "id" : 2832,
      "name" : "Dispatches to be received",
      "query" : "// Documentation - https://docs.mongodb.com/realm-legacy/docs/javascript/latest/index.html#queries\n'use strict';\n({params, imports}) => {\n    const isOpenDispatch = (individual) => {\n        const dispactReceiptEncounter = individual.getEncounters()\n            .filter((enc) => enc.encounterType.name === 'Dispatch receipt');\n        if (dispactReceiptEncounter.length < 1 ){\n            return true;\n        }\n        else {\n            return false;\n        }\n    };\n    let inds = params.db.objects('Individual')\n        .filter((individual) => individual.voided === false \n          && individual.subjectType.name === 'Dispatch' \n          && isOpenDispatch(individual)\n          && individual.getObservationValue('b7e82e4d-ee4c-4a6e-bb98-7a0b4eb21392') !== 'Reached' \n          && individual.getObservationValue('b7e82e4d-ee4c-4a6e-bb98-7a0b4eb21392') !== undefined);\n    return _.orderBy(inds, ind => ind.registrationDate, 'desc')\n};",
      "description" : "Total dispatch without having a dispatch receipt",
      "color" : "#f58b4c",
      "displayOrder" : 2.0,
      "iconFileS3Key" : "",
      "nested" : false,
      "count" : 1,
      "voided" : true
    }, {
      "uuid" : "82468ce4-0ef1-4aed-89bd-a6985ad55e89",
      "id" : 2825,
      "name" : "Distributions without activities",
      "query" : "'use strict';\n({params, imports}) => {\n    const Distributions = params.db.objects('Individual')\n        .filter((individual) => individual.voided === false && individual.subjectType.name === 'Distribution')\n        .filter((individual) => individual.getObservationReadableValue('3fb0d2c5-0210-49be-a31c-a6a134131af3') === undefined);\n    return _.orderBy(Distributions, ind => ind.registrationDate, 'desc');\n};",
      "description" : "",
      "color" : "#3d4caf",
      "displayOrder" : 9.0,
      "iconFileS3Key" : "",
      "nested" : false,
      "count" : 1,
      "voided" : true
    }, {
      "uuid" : "e5da553a-5f07-4cec-aedb-55e3f1fd11aa",
      "id" : 2837,
      "name" : "Demands to be dispatched",
      "query" : "'use strict';\n({params, imports}) => {\n    const _ = imports.lodash;\n    let demands = params.db.objects('Individual')\n        .filter((individual) => individual.voided === false\n            && individual.subjectType.name === 'Demand'\n            && individual.getObservationValue('82970f35-d1aa-4e05-95fa-19b71617db0d') !== 'Dispatched')\n        .flatMap((item) => item.getObservationValue('845b31cb-a4ea-495a-9748-884227415c8b'));\n    let dispatches = params.db.objects('Individual')\n        .filter((individual) => individual.voided === false && individual.subjectType.name === 'Dispatch')\n        .flatMap((item) => item.getObservationValue('845b31cb-a4ea-495a-9748-884227415c8b'));\n    let difference = _.difference(demands, dispatches);\n    let inds = params.db.objects('Individual')\n        .filter((individual) => individual.voided === false && individual.subjectType.name === 'Demand');\n    let filteredRecords = inds.filter(i => difference.includes(i.getObservationValue('845b31cb-a4ea-495a-9748-884227415c8b')));\n    return _.orderBy(filteredRecords, ind => ind.registrationDate, 'desc');\n};",
      "description" : "Total Demands with no Dispatch",
      "color" : "#1496bb",
      "displayOrder" : 1.0,
      "iconFileS3Key" : "",
      "nested" : false,
      "count" : 1,
      "voided" : true
    }, {
      "uuid" : "ade954f4-0376-424b-9010-e5dc89649d52",
      "id" : 2827,
      "name" : "Distributed - Activities pending",
      "query" : "'use strict';\n({params, imports}) => {\n    const isDistributionDone = (individual) => {\n                  \n        const distributionWithoutactivities = individual.getEncounters()\n            .filter((enc) => enc.encounterType.name === 'Distribution')\n            .filter((enc) => _.isEmpty(enc.getObservationValue('Activities Done') ));\n        \n        if (distributionWithoutactivities.length > 0){     \n            return true;\n        }\n        else {\n            return false;\n        }\n    };\n    return params.db.objects('Individual')\n        .filter((individual) => individual.voided === false && individual.subjectType.name === 'Demand' && isDistributionDone(individual) )\n};",
      "description" : "Demands with Distribution present with no values for \"Activities done\"",
      "color" : "#ebc944",
      "displayOrder" : 2.0,
      "iconFileS3Key" : "",
      "nested" : false,
      "count" : 1,
      "voided" : true
    } ],
    "dashboardSectionCardMappings" : [ {
      "uuid" : "d1f02abf-ef85-4773-8e61-c3e3b70100c2",
      "dashboardSectionUUID" : "ef6a62a6-2018-4838-bb6b-7491c75cd013",
      "reportCardUUID" : "e5da553a-5f07-4cec-aedb-55e3f1fd11aa",
      "displayOrder" : 1.0,
      "voided" : true
    }, {
      "uuid" : "756cc6cb-70d4-4005-92e8-8e7f052fefce",
      "dashboardSectionUUID" : "ef6a62a6-2018-4838-bb6b-7491c75cd013",
      "reportCardUUID" : "eed05543-ac8e-4262-897a-530da00a31f0",
      "displayOrder" : 4.0,
      "voided" : true
    }, {
      "uuid" : "57874f1f-b511-4fc7-a814-babadc945488",
      "dashboardSectionUUID" : "ef6a62a6-2018-4838-bb6b-7491c75cd013",
      "reportCardUUID" : "1a030630-8541-4e81-9f9a-7912412b723c",
      "displayOrder" : 7.0,
      "voided" : true
    }, {
      "uuid" : "f64db037-d761-42be-a3b0-d7386b2cc172",
      "dashboardSectionUUID" : "ef6a62a6-2018-4838-bb6b-7491c75cd013",
      "reportCardUUID" : "3ef6be72-ab86-444b-9c23-9d4c1396b4ab",
      "displayOrder" : 6.0,
      "voided" : true
    }, {
      "uuid" : "4d41e635-3e8d-45dd-8448-8e3342f854e5",
      "dashboardSectionUUID" : "ef6a62a6-2018-4838-bb6b-7491c75cd013",
      "reportCardUUID" : "979e3934-6533-4ad1-a3a5-ca77fe5ab742",
      "displayOrder" : 3.0,
      "voided" : true
    }, {
      "uuid" : "2ec29b1b-bda1-4e6c-ad43-f1c744176939",
      "dashboardSectionUUID" : "ef6a62a6-2018-4838-bb6b-7491c75cd013",
      "reportCardUUID" : "934b2405-61c6-4576-8ce0-b9c8587215ac",
      "displayOrder" : 8.0,
      "voided" : true
    }, {
      "uuid" : "f87f50fb-07bd-4885-91ab-33324e8bebb4",
      "dashboardSectionUUID" : "ef6a62a6-2018-4838-bb6b-7491c75cd013",
      "reportCardUUID" : "dd871765-c5ca-4696-8718-2d6af9ae56a3",
      "displayOrder" : 5.0,
      "voided" : true
    }, {
      "uuid" : "b9594522-8ce7-4836-a99a-daacbb259449",
      "dashboardSectionUUID" : "ef6a62a6-2018-4838-bb6b-7491c75cd013",
      "reportCardUUID" : "e5da553a-5f07-4cec-aedb-55e3f1fd11aa",
      "displayOrder" : 1.0,
      "voided" : true
    }, {
      "uuid" : "493724fe-d5f8-44a5-8d99-3f9cfe3a7518",
      "dashboardSectionUUID" : "ef6a62a6-2018-4838-bb6b-7491c75cd013",
      "reportCardUUID" : "6867dca0-474d-49d8-a30c-19510364e286",
      "displayOrder" : 4.0,
      "voided" : true
    }, {
      "uuid" : "e72d043b-5a30-4993-b153-449cf2781347",
      "dashboardSectionUUID" : "ef6a62a6-2018-4838-bb6b-7491c75cd013",
      "reportCardUUID" : "8dded4ee-a054-41d8-9b7c-a84e79da5bc8",
      "displayOrder" : 4.0,
      "voided" : true
    }, {
      "uuid" : "39ea6263-aaf9-41da-b19c-0e96d6edfeb0",
      "dashboardSectionUUID" : "ef6a62a6-2018-4838-bb6b-7491c75cd013",
      "reportCardUUID" : "65483e90-e323-4096-9e99-c3009800a1cc",
      "displayOrder" : 2.0,
      "voided" : true
    }, {
      "uuid" : "835e905f-18aa-4dbb-8d93-e717f53c9b25",
      "dashboardSectionUUID" : "ef6a62a6-2018-4838-bb6b-7491c75cd013",
      "reportCardUUID" : "82468ce4-0ef1-4aed-89bd-a6985ad55e89",
      "displayOrder" : 9.0,
      "voided" : true
    }, {
      "uuid" : "58400a31-de48-4090-aabd-e628e9309d64",
      "dashboardSectionUUID" : "ef6a62a6-2018-4838-bb6b-7491c75cd013",
      "reportCardUUID" : "e5da553a-5f07-4cec-aedb-55e3f1fd11aa",
      "displayOrder" : 1.0,
      "voided" : true
    }, {
      "uuid" : "59d8d13a-57b7-494b-a7e3-e39754b94283",
      "dashboardSectionUUID" : "ef6a62a6-2018-4838-bb6b-7491c75cd013",
      "reportCardUUID" : "ade954f4-0376-424b-9010-e5dc89649d52",
      "displayOrder" : 2.0,
      "voided" : true
    } ],
    "voided" : true
  } ],
  "filters" : [ ],
  "voided" : true
}, {
  "uuid" : "c5e88f26-e804-4630-9847-2a08a107dcc3",
  "id" : 549,
  "name" : "Test",
  "description" : "",
  "sections" : [ {
    "uuid" : "2c1fa703-5fea-451e-983d-9387d1a9b2fc",
    "id" : 902,
    "name" : "Testing cards",
    "description" : "",
    "viewType" : "Tile",
    "displayOrder" : 1.0,
    "dashboardUUID" : "c5e88f26-e804-4630-9847-2a08a107dcc3",
    "cards" : [ {
      "uuid" : "e5da553a-5f07-4cec-aedb-55e3f1fd11aa",
      "id" : 2837,
      "name" : "Demands to be dispatched",
      "query" : "'use strict';\n({params, imports}) => {\n    const _ = imports.lodash;\n    let demands = params.db.objects('Individual')\n        .filter((individual) => individual.voided === false\n            && individual.subjectType.name === 'Demand'\n            && individual.getObservationValue('82970f35-d1aa-4e05-95fa-19b71617db0d') !== 'Dispatched')\n        .flatMap((item) => item.getObservationValue('845b31cb-a4ea-495a-9748-884227415c8b'));\n    let dispatches = params.db.objects('Individual')\n        .filter((individual) => individual.voided === false && individual.subjectType.name === 'Dispatch')\n        .flatMap((item) => item.getObservationValue('845b31cb-a4ea-495a-9748-884227415c8b'));\n    let difference = _.difference(demands, dispatches);\n    let inds = params.db.objects('Individual')\n        .filter((individual) => individual.voided === false && individual.subjectType.name === 'Demand');\n    let filteredRecords = inds.filter(i => difference.includes(i.getObservationValue('845b31cb-a4ea-495a-9748-884227415c8b')));\n    return _.orderBy(filteredRecords, ind => ind.registrationDate, 'desc');\n};",
      "description" : "Total Demands with no Dispatch",
      "color" : "#1496bb",
      "displayOrder" : 2.0,
      "iconFileS3Key" : "",
      "nested" : false,
      "count" : 1,
      "voided" : true
    }, {
      "uuid" : "82468ce4-0ef1-4aed-89bd-a6985ad55e89",
      "id" : 2825,
      "name" : "Distributions without activities",
      "query" : "'use strict';\n({params, imports}) => {\n    const Distributions = params.db.objects('Individual')\n        .filter((individual) => individual.voided === false && individual.subjectType.name === 'Distribution')\n        .filter((individual) => individual.getObservationReadableValue('3fb0d2c5-0210-49be-a31c-a6a134131af3') === undefined);\n    return _.orderBy(Distributions, ind => ind.registrationDate, 'desc');\n};",
      "description" : "",
      "color" : "#3d4caf",
      "displayOrder" : 4.0,
      "iconFileS3Key" : "",
      "nested" : false,
      "count" : 1,
      "voided" : true
    }, {
      "uuid" : "1a030630-8541-4e81-9f9a-7912412b723c",
      "id" : 2834,
      "name" : "Activities linked to distribution",
      "query" : "'use strict';\n({params, imports}) => {\n    const Distribution = params.db.objects('Individual')\n        .filter((individual) => individual.voided === false && individual.subjectType.name === 'Distribution')\n        .flatMap((individual) => individual.getObservationReadableValue('3fb0d2c5-0210-49be-a31c-a6a134131af3'));\n    const activitiesDone = Distribution\n        .flatMap(arr => arr ? arr.map(obj => obj[\"Activities Done\"]) : [])\n        .filter(Boolean);\n    const individuals = params.db.objects('Individual')\n        .filter((individual) => individual.voided === false && individual.subjectType.name === 'Activity');\n    let filteredRecords = individuals.filter(i => activitiesDone.includes(i.uuid));\n    return _.orderBy(filteredRecords, ind => ind.registrationDate, 'desc');\n};",
      "description" : "",
      "color" : "#d44f4f",
      "displayOrder" : 1.0,
      "iconFileS3Key" : "",
      "nested" : false,
      "count" : 1,
      "voided" : true
    }, {
      "uuid" : "88484e51-e81c-4859-b6a9-7f0e4c55e17c",
      "id" : 2828,
      "name" : "Pending Distribution - New",
      "query" : "'use strict';\n({params, imports}) => {\n    const distributionComplete = (demand) => {\n        const calculateSumOfObservationValuesRecieved = (materialTypes) => {\n            return demand.getEncounters()\n                .filter((enc) => enc.encounterType.name === 'Dispatch receipt')\n                .flatMap((enc) => enc.getObservationValue('5dfb2f28-b866-4442-be01-0ed451c6aad9'))\n                .filter(obs => !_.isNil(obs))\n                .map((obs) => obs.getReadableValue())\n                .map((keyValues) => {\n                    const isQuantityMatching = _.get(_.find(keyValues, (kv) => kv['Quantity matching']), 'Quantity matching');\n                    const matchingQuantity = _.get(_.find(keyValues, (kv) => kv['Quantity (Dispatched)']), 'Quantity (Dispatched)') || 0;\n                    const notMatchingQuantity =\n                        _.get(_.find(keyValues, (kv) => kv['Quantity']), 'Quantity') || 0;\n                    const typeOfMaterial = _.get(_.find(keyValues, (kv) => kv['Type Of Material']), 'Type Of Material');\n               //     console.log('typeOfMaterial',typeOfMaterial);\n\n                    if (isQuantityMatching === 'Yes' && materialTypes.includes(typeOfMaterial))\n                        return matchingQuantity;\n                    else if (isQuantityMatching === 'No' && materialTypes.includes(typeOfMaterial))\n                        return notMatchingQuantity;\n                    else return 0;\n                })\n                .reduce((a, b) => a + b, 0);\n        };\n\n        const calculateSumOfObservationValuesDistributed = (materialTypes) => {\n            return demand.getEncounters()\n                .filter((enc) => enc.encounterType.name === 'Distribution')\n                .flatMap((enc) => enc.getObservationValue('3093c0f1-5e3f-47eb-92ed-0067b41b6f9c'))\n                .map((obs) => obs.getReadableValue())\n                .map((keyValues) => {\n                    const quantityNumber = _.get(_.find(keyValues, (kv) => kv['Quantity']), 'Quantity') || 0;\n                    const typeOfMaterial = _.get(_.find(keyValues, (kv) => kv['Type Of Material']), 'Type Of Material');\n                    return materialTypes.includes(typeOfMaterial) ? quantityNumber : 0;\n                })\n                .reduce((a, b) => a + b, 0);\n        };\n\n        return calculateSumOfObservationValuesRecieved(['Kit']) === calculateSumOfObservationValuesDistributed(['Kit'])\n            && calculateSumOfObservationValuesRecieved(['Contributed item']) === calculateSumOfObservationValuesDistributed(['Contributed item'])\n            && calculateSumOfObservationValuesRecieved(['Purchased item', 'Contributed track', 'Goonj product', 'High Value Material']) === calculateSumOfObservationValuesDistributed(['Purchased item', 'Contributed track', 'Goonj product', 'High Value Material'])\n    };\n    \n    return params.db.objects('Individual')\n        .filter((demand) => demand.voided === false && !distributionComplete(demand))\n};\n",
      "description" : "",
      "color" : "#ff0000",
      "displayOrder" : 3.0,
      "iconFileS3Key" : "",
      "nested" : false,
      "count" : 1,
      "voided" : true
    } ],
    "dashboardSectionCardMappings" : [ {
      "uuid" : "d8e8a566-5620-4f08-9e44-d1c1dc74dac8",
      "dashboardSectionUUID" : "2c1fa703-5fea-451e-983d-9387d1a9b2fc",
      "reportCardUUID" : "e5da553a-5f07-4cec-aedb-55e3f1fd11aa",
      "displayOrder" : 2.0,
      "voided" : true
    }, {
      "uuid" : "39e10c18-aaeb-4f23-81f6-ba714de07bb4",
      "dashboardSectionUUID" : "2c1fa703-5fea-451e-983d-9387d1a9b2fc",
      "reportCardUUID" : "82468ce4-0ef1-4aed-89bd-a6985ad55e89",
      "displayOrder" : 4.0,
      "voided" : true
    }, {
      "uuid" : "3ab1dc5c-3354-4005-b5fa-3eb83c1b4152",
      "dashboardSectionUUID" : "2c1fa703-5fea-451e-983d-9387d1a9b2fc",
      "reportCardUUID" : "1a030630-8541-4e81-9f9a-7912412b723c",
      "displayOrder" : 1.0,
      "voided" : true
    }, {
      "uuid" : "fafd3692-b193-42d7-be8c-448e7530a876",
      "dashboardSectionUUID" : "2c1fa703-5fea-451e-983d-9387d1a9b2fc",
      "reportCardUUID" : "88484e51-e81c-4859-b6a9-7f0e4c55e17c",
      "displayOrder" : 3.0,
      "voided" : true
    } ],
    "voided" : true
  } ],
  "filters" : [ ],
  "voided" : true
} ]