[ {
  "name" : "Individual",
  "uuid" : "9f2af1f9-e150-4f8e-aad3-40bb7eb05aa3",
  "active" : true,
  "type" : "Person",
  "allowEmptyLocation" : false,
  "allowMiddleName" : false,
  "lastNameOptional" : false,
  "allowProfilePicture" : false,
  "uniqueName" : false,
  "shouldSyncByLocation" : true,
  "settings" : {
    "displayRegistrationDetails" : true,
    "displayPlannedEncounters" : true
  },
  "household" : false,
  "directlyAssignable" : false,
  "group" : false,
  "voided" : false
}, {
  "name" : "Inventory Item",
  "uuid" : "07df088a-7924-461d-9a9b-24a29d43813b",
  "active" : true,
  "type" : "Individual",
  "subjectSummaryRule" : "",
  "programEligibilityCheckRule" : "",
  "allowEmptyLocation" : true,
  "allowMiddleName" : false,
  "lastNameOptional" : false,
  "allowProfilePicture" : false,
  "uniqueName" : false,
  "shouldSyncByLocation" : true,
  "syncRegistrationConcept1" : "41de93e4-daaf-4207-bf70-b32939d09ea5",
  "settings" : {
    "displayRegistrationDetails" : true,
    "displayPlannedEncounters" : true
  },
  "household" : false,
  "directlyAssignable" : false,
  "syncRegistrationConcept1Usable" : true,
  "group" : false,
  "voided" : true
}, {
  "name" : "Distribution",
  "uuid" : "461abfde-8767-41f3-993e-b68599999f07",
  "active" : true,
  "type" : "Individual",
  "subjectSummaryRule" : "//SAMPLE RULE EXAMPLE\n'use strict';\n({params, imports}) =>  {\n  const {summaries, individual} = params;\n  console.log(\"summary\", individual);\n  //if(true){\n  //summaries.push({name: CONCEPT_NAME, value: someValue})\n  //}\n  return summaries;\n};",
  "programEligibilityCheckRule" : "",
  "allowEmptyLocation" : false,
  "allowMiddleName" : false,
  "lastNameOptional" : false,
  "allowProfilePicture" : false,
  "uniqueName" : false,
  "shouldSyncByLocation" : true,
  "syncRegistrationConcept1" : "2978117c-a297-4171-99c6-23c3522ca0f8",
  "settings" : {
    "displayRegistrationDetails" : true,
    "displayPlannedEncounters" : true
  },
  "household" : false,
  "directlyAssignable" : false,
  "syncRegistrationConcept1Usable" : true,
  "group" : false,
  "voided" : true
}, {
  "name" : "Activity",
  "uuid" : "07d0e5b8-0dad-4469-9623-10278261f829",
  "active" : true,
  "type" : "Individual",
  "subjectSummaryRule" : "",
  "programEligibilityCheckRule" : "",
  "allowEmptyLocation" : false,
  "allowMiddleName" : false,
  "lastNameOptional" : false,
  "allowProfilePicture" : false,
  "uniqueName" : false,
  "shouldSyncByLocation" : true,
  "syncRegistrationConcept1" : "2978117c-a297-4171-99c6-23c3522ca0f8",
  "settings" : {
    "displayRegistrationDetails" : true,
    "displayPlannedEncounters" : true
  },
  "household" : false,
  "directlyAssignable" : false,
  "syncRegistrationConcept1Usable" : true,
  "group" : false,
  "voided" : true
}, {
  "name" : "Demand",
  "uuid" : "360606c2-3514-4848-8e7e-8b5830325130",
  "active" : true,
  "type" : "Individual",
  "subjectSummaryRule" : "'use strict';\n({params, imports}) => {\n    const {summaries, individual} = params;\n\n    const calculateSumOfObservationValuesRecieved = function (materialTypes) {\n        return individual.getEncounters()\n            .filter((enc) => enc.encounterType.name === 'Dispatch receipt')\n            .flatMap((enc) => enc.getObservationValue('5dfb2f28-b866-4442-be01-0ed451c6aad9'))\n            .filter(obs => !_.isNil(obs))\n            .map((obs) =>obs.getReadableValue())\n            .map((keyValues) => {\n           // console.log('obs--1-->',obs);\n            console.log('keyValues--1-->',keyValues);    \n  const isQuantityMatching = _.get(_.find(keyValues, (kv) => kv['Quantity matching']), 'Quantity matching');\n  const matchingQuantity = _.get(_.find(keyValues, (kv) => kv['Quantity (Dispatched)']), 'Quantity (Dispatched)') || 0;\n                \n                const notMatchingQuantity =\n                    _.get(_.find(keyValues, (kv) => kv['Quantity']), 'Quantity') || 0;\n                const typeOfMaterial = _.get(_.find(keyValues, (kv) => kv['Type Of Material']), 'Type Of Material');\n                if (isQuantityMatching === 'Yes' && materialTypes.includes(typeOfMaterial))\n                    return matchingQuantity;\n                else if (isQuantityMatching === 'No' && materialTypes.includes(typeOfMaterial))\n                    return notMatchingQuantity;\n                else return 0;\n            })\n            \n            .reduce((a, b) => a + b, 0);\n    };\n\n\n    const calculateSumOfObservationValuesDistributed = function (materialTypes) {\n        return individual.getEncounters()\n            .filter((enc) => enc.encounterType.name === 'Distribution')\n            .flatMap((enc) => enc.getObservationValue('3093c0f1-5e3f-47eb-92ed-0067b41b6f9c'))\n            .map((obs) => obs.getReadableValue())\n            .map((keyValues) => {\n          //  console.log('keyValues--2-->',keyValues);\n          //  console.log('obs--2-->',obs);\n                const quantityNumber = _.get(_.find(keyValues, (kv) => kv['Quantity']), 'Quantity') || 0;\n                const typeOfMaterial = _.get(_.find(keyValues, (kv) => kv['Type Of Material']), 'Type Of Material');\n                return materialTypes.includes(typeOfMaterial) ? quantityNumber : 0;\n            })\n            .reduce((a, b) => a + b, 0);\n    };\n\n    if (calculateSumOfObservationValuesRecieved(['Kit']) != 0) {\n    summaries.push({\n        name: 'Number of kits received',\n        value: calculateSumOfObservationValuesRecieved(['Kit'])\n    });\n\n    summaries.push({\n        name: 'Number of kits distributed',\n        value: calculateSumOfObservationValuesDistributed(['Kit'])\n    });\n}; \n\n    if (calculateSumOfObservationValuesRecieved(['Contributed item']) != 0) {\n    summaries.push({\n        name: 'Number of contributed items received',\n        value: calculateSumOfObservationValuesRecieved(['Contributed item'])\n    });\n\n    summaries.push({\n        name: 'Number of contributed items distributed',\n        value: calculateSumOfObservationValuesDistributed(['Contributed item'])\n    });\n};\n\n    if (calculateSumOfObservationValuesRecieved(['Purchased item']) != 0) {\n    summaries.push({\n        name: 'Number of purchased items received',\n        value: calculateSumOfObservationValuesRecieved(['Purchased item'])\n    });\n\n    summaries.push({\n        name: 'Number of purchased items distributed',\n        value: calculateSumOfObservationValuesDistributed(['Purchased item'])\n    });\n};\n \n    if (calculateSumOfObservationValuesRecieved(['Contributed track']) != 0) {\n    summaries.push({\n        name: 'Number of contributed track items received',\n        value: calculateSumOfObservationValuesRecieved(['Contributed track'])\n    });\n\n    summaries.push({\n        name: 'Number of contributed track items distributed',\n        value: calculateSumOfObservationValuesDistributed(['Contributed track'])\n    });\n};\n\n    if (calculateSumOfObservationValuesRecieved(['Goonj product']) != 0) {\n      summaries.push({\n        name: 'Number of goonj products received',\n        value: calculateSumOfObservationValuesRecieved(['Goonj product'])\n    });\n;\n    summaries.push({\n        name: 'Number of goonj products distributed',\n        value: calculateSumOfObservationValuesDistributed(['Goonj product'])\n    });  \n};\n\n    if (calculateSumOfObservationValuesRecieved('Bulk Material') != 0) {\n      summaries.push({\n        name: 'Number of bulk materials received',\n        value: calculateSumOfObservationValuesRecieved(['Bulk Material'])\n    });\n\n    summaries.push({\n        name: 'Number of bulk materials distributed',\n        value: calculateSumOfObservationValuesDistributed(['Bulk Material'])\n    });   \n};\n\n    return summaries;\n};",
  "allowEmptyLocation" : false,
  "allowMiddleName" : false,
  "lastNameOptional" : false,
  "allowProfilePicture" : false,
  "uniqueName" : false,
  "shouldSyncByLocation" : true,
  "syncRegistrationConcept1" : "2978117c-a297-4171-99c6-23c3522ca0f8",
  "settings" : {
    "displayRegistrationDetails" : true,
    "displayPlannedEncounters" : true
  },
  "household" : false,
  "directlyAssignable" : false,
  "syncRegistrationConcept1Usable" : true,
  "group" : false,
  "voided" : true
}, {
  "name" : "Dispatch",
  "uuid" : "bc0a4ae3-77b3-4620-81c4-2d02d1c62280",
  "active" : true,
  "type" : "Individual",
  "subjectSummaryRule" : "'use strict';\n({params, imports}) =>  {\n  const {summaries, individual} = params;\n    summaries.push({\n      name: \"Dispatch Status Id\",\n      value: individual.getObservationValue('132868ab-811a-401e-9fd3-7c87f5512436')\n    });\n     summaries.push({\n       name: \"Dispatch State\",\n       value: individual.that.lowestAddressLevel.locationMappings[0].parent.name\n     });\n     summaries.push({\n       name: \"Dispatch District\",\n       value: individual.that.lowestAddressLevel.locationMappings[0].child.name\n     });\n    console.log(summaries);\n    return summaries;\n};",
  "programEligibilityCheckRule" : "",
  "allowEmptyLocation" : false,
  "allowMiddleName" : false,
  "lastNameOptional" : false,
  "allowProfilePicture" : false,
  "uniqueName" : false,
  "shouldSyncByLocation" : true,
  "syncRegistrationConcept1" : "2978117c-a297-4171-99c6-23c3522ca0f8",
  "settings" : {
    "displayRegistrationDetails" : true,
    "displayPlannedEncounters" : true
  },
  "household" : false,
  "directlyAssignable" : false,
  "syncRegistrationConcept1Usable" : true,
  "group" : false,
  "voided" : true
} ]